16,
4669,
13146,
16,
13146,
4684,
4669,
624,
6845,
4669,
6845,
13146,
13146,
6845,
1692,
13146,
1692,
6848,
4684,
13146,
6848,
4684,
6848,
632,
624,
4668,
13147,
624,
13147,
6845,
4668,
2852,
4608,
4668,
4608,
13147,
13147,
4608,
2905,
13147,
2905,
6846,
6845,
13147,
6846,
6845,
6846,
1692,
1692,
6846,
13148,
1692,
13148,
6847,
6846,
2905,
4609,
6846,
4609,
13148,
13148,
4609,
2859,
13148,
2859,
4662,
6847,
13148,
4662,
6847,
4662,
621,
632,
6848,
13149,
632,
13149,
4685,
6848,
1692,
6847,
6848,
6847,
13149,
13149,
6847,
621,
13149,
621,
4663,
4685,
13149,
4663,
4685,
4663,
105,
102,
5239,
13150,
102,
13150,
6173,
5239,
902,
6849,
5239,
6849,
13150,
13150,
6849,
1693,
13150,
1693,
6852,
6173,
13150,
6852,
6173,
6852,
1373,
902,
5237,
13151,
902,
13151,
6849,
5237,
369,
6034,
5237,
6034,
13151,
13151,
6034,
1303,
13151,
1303,
6850,
6849,
13151,
6850,
6849,
6850,
1693,
1693,
6850,
13152,
1693,
13152,
6851,
6850,
1303,
6036,
6850,
6036,
13152,
13152,
6036,
360,
13152,
360,
5697,
6851,
13152,
5697,
6851,
5697,
1134,
1373,
6852,
13153,
1373,
13153,
6172,
6852,
1693,
6851,
6852,
6851,
13153,
13153,
6851,
1134,
13153,
1134,
5696,
6172,
13153,
5696,
6172,
5696,
3,
2207,
8816,
13154,
2207,
13154,
4932,
8816,
2209,
6853,
8816,
6853,
13154,
13154,
6853,
1694,
13154,
1694,
6856,
4932,
13154,
6856,
4932,
6856,
756,
2209,
8815,
13155,
2209,
13155,
6853,
8815,
4552,
8804,
8815,
8804,
13155,
13155,
8804,
3086,
13155,
3086,
6854,
6853,
13155,
6854,
6853,
6854,
1694,
1694,
6854,
13156,
1694,
13156,
6855,
6854,
3086,
4970,
6854,
4970,
13156,
13156,
4970,
2856,
13156,
2856,
4978,
6855,
13156,
4978,
6855,
4978,
774,
756,
6856,
13157,
756,
13157,
4933,
6856,
1694,
6855,
6856,
6855,
13157,
13157,
6855,
774,
13157,
774,
4979,
4933,
13157,
4979,
4933,
4979,
112,
15,
4667,
13158,
15,
13158,
4680,
4667,
623,
6857,
4667,
6857,
13158,
13158,
6857,
1695,
13158,
1695,
6860,
4680,
13158,
6860,
4680,
6860,
630,
623,
4666,
13159,
623,
13159,
6857,
4666,
29,
4631,
4666,
4631,
13159,
13159,
4631,
607,
13159,
607,
6858,
6857,
13159,
6858,
6857,
6858,
1695,
1695,
6858,
13160,
1695,
13160,
6859,
6858,
607,
4630,
6858,
4630,
13160,
13160,
4630,
26,
13160,
26,
4664,
6859,
13160,
4664,
6859,
4664,
622,
630,
6860,
13161,
630,
13161,
4681,
6860,
1695,
6859,
6860,
6859,
13161,
13161,
6859,
622,
13161,
622,
4665,
4681,
13161,
4665,
4681,
4665,
104,
12,
4661,
13162,
12,
13162,
4678,
4661,
620,
6861,
4661,
6861,
13162,
13162,
6861,
1696,
13162,
1696,
6864,
4678,
13162,
6864,
4678,
6864,
629,
620,
4660,
13163,
620,
13163,
6861,
4660,
24,
4623,
4660,
4623,
13163,
13163,
4623,
605,
13163,
605,
6862,
6861,
13163,
6862,
6861,
6862,
1696,
1696,
6862,
13164,
1696,
13164,
6863,
6862,
605,
4622,
6862,
4622,
13164,
13164,
4622,
29,
13164,
29,
4666,
6863,
13164,
4666,
6863,
4666,
623,
629,
6864,
13165,
629,
13165,
4679,
6864,
1696,
6863,
6864,
6863,
13165,
13165,
6863,
623,
13165,
623,
4667,
4679,
13165,
4667,
4679,
4667,
15,
9,
4655,
13166,
9,
13166,
4676,
4655,
617,
6865,
4655,
6865,
13166,
13166,
6865,
1697,
13166,
1697,
6868,
4676,
13166,
6868,
4676,
6868,
628,
617,
4654,
13167,
617,
13167,
6865,
4654,
2847,
4626,
4654,
4626,
13167,
13167,
4626,
2914,
13167,
2914,
6866,
6865,
13167,
6866,
6865,
6866,
1697,
1697,
6866,
13168,
1697,
13168,
6867,
6866,
2914,
4627,
6866,
4627,
13168,
13168,
4627,
2852,
13168,
2852,
4668,
6867,
13168,
4668,
6867,
4668,
624,
628,
6868,
13169,
628,
13169,
4677,
6868,
1697,
6867,
6868,
6867,
13169,
13169,
6867,
624,
13169,
624,
4669,
4677,
13169,
4669,
4677,
4669,
16,
2862,
4973,
13170,
2862,
13170,
4962,
4973,
771,
6869,
4973,
6869,
13170,
13170,
6869,
1698,
13170,
1698,
6872,
4962,
13170,
6872,
4962,
6872,
3082,
771,
4972,
13171,
771,
13171,
6869,
4972,
110,
4968,
4972,
4968,
13171,
13171,
4968,
770,
13171,
770,
6870,
6869,
13171,
6870,
6869,
6870,
1698,
1698,
6870,
13172,
1698,
13172,
6871,
6870,
770,
4969,
6870,
4969,
13172,
13172,
4969,
108,
13172,
108,
4952,
6871,
13172,
4952,
6871,
4952,
764,
3082,
6872,
13173,
3082,
13173,
4963,
6872,
1698,
6871,
6872,
6871,
13173,
13173,
6871,
764,
13173,
764,
4953,
4963,
13173,
4953,
4963,
4953,
2860,
571,
5980,
13174,
571,
13174,
6730,
5980,
233,
5340,
5980,
5340,
13174,
13174,
5340,
946,
13174,
946,
7627,
6730,
13174,
7627,
6730,
7627,
1639,
1642,
6873,
13175,
1642,
13175,
6737,
6873,
951,
5351,
6873,
5351,
13175,
13175,
5351,
236,
13175,
236,
6716,
6737,
13175,
6716,
6737,
6716,
567,
2846,
4605,
13176,
2846,
13176,
4642,
4605,
599,
6874,
4605,
6874,
13176,
13176,
6874,
1699,
13176,
1699,
6877,
4642,
13176,
6877,
4642,
6877,
2922,
599,
4604,
13177,
599,
13177,
6874,
4604,
11,
4672,
4604,
4672,
13177,
13177,
4672,
626,
13177,
626,
6875,
6874,
13177,
6875,
6874,
6875,
1699,
1699,
6875,
13178,
1699,
13178,
6876,
6875,
626,
4673,
6875,
4673,
13178,
13178,
4673,
18,
13178,
18,
4650,
6876,
13178,
4650,
6876,
4650,
615,
2922,
6877,
13179,
2922,
13179,
4643,
6877,
1699,
6876,
6877,
6876,
13179,
13179,
6876,
615,
13179,
615,
4652,
4643,
13179,
4652,
4643,
4652,
2854,
30,
4613,
13180,
30,
13180,
4644,
4613,
601,
6878,
4613,
6878,
13180,
13180,
6878,
1700,
13180,
1700,
6881,
4644,
13180,
6881,
4644,
6881,
612,
601,
4612,
13181,
601,
13181,
6878,
4612,
105,
4674,
4612,
4674,
13181,
13181,
4674,
627,
13181,
627,
6879,
6878,
13181,
6879,
6878,
6879,
1700,
1700,
6879,
13182,
1700,
13182,
6880,
6879,
627,
4675,
6879,
4675,
13182,
13182,
4675,
106,
13182,
106,
4648,
6880,
13182,
4648,
6880,
4648,
614,
612,
6881,
13183,
612,
13183,
4645,
6881,
1700,
6880,
6881,
6880,
13183,
13183,
6880,
614,
13183,
614,
4649,
4645,
13183,
4649,
4645,
4649,
25,
28,
4597,
13184,
28,
13184,
4621,
4597,
595,
6882,
4597,
6882,
13184,
13184,
6882,
1701,
13184,
1701,
6885,
4621,
13184,
6885,
4621,
6885,
604,
595,
4596,
13185,
595,
13185,
6882,
4596,
9,
4676,
4596,
4676,
13185,
13185,
4676,
628,
13185,
628,
6883,
6882,
13185,
6883,
6882,
6883,
1701,
1701,
6883,
13186,
1701,
13186,
6884,
6883,
628,
4677,
6883,
4677,
13186,
13186,
4677,
16,
13186,
16,
4636,
6884,
13186,
4636,
6884,
4636,
609,
604,
6885,
13187,
604,
13187,
4620,
6885,
1701,
6884,
6885,
6884,
13187,
13187,
6884,
609,
13187,
609,
4637,
4620,
13187,
4637,
4620,
4637,
27,
2849,
4607,
13188,
2849,
13188,
4625,
4607,
600,
6886,
4607,
6886,
13188,
13188,
6886,
1702,
13188,
1702,
6889,
4625,
13188,
6889,
4625,
6889,
2913,
600,
4606,
13189,
600,
13189,
6886,
4606,
12,
4678,
4606,
4678,
13189,
13189,
4678,
629,
13189,
629,
6887,
6886,
13189,
6887,
6886,
6887,
1702,
1702,
6887,
13190,
1702,
13190,
6888,
6887,
629,
4679,
6887,
4679,
13190,
13190,
4679,
15,
13190,
15,
4634,
6888,
13190,
4634,
6888,
4634,
608,
2913,
6889,
13191,
2913,
13191,
4624,
6889,
1702,
6888,
6889,
6888,
13191,
13191,
6888,
608,
13191,
608,
4635,
4624,
13191,
4635,
4624,
4635,
2853,
2853,
4635,
13192,
2853,
13192,
4633,
4635,
608,
6890,
4635,
6890,
13192,
13192,
6890,
1703,
13192,
1703,
6893,
4633,
13192,
6893,
4633,
6893,
2917,
608,
4634,
13193,
608,
13193,
6890,
4634,
15,
4680,
4634,
4680,
13193,
13193,
4680,
630,
13193,
630,
6891,
6890,
13193,
6891,
6890,
6891,
1703,
1703,
6891,
13194,
1703,
13194,
6892,
6891,
630,
4681,
6891,
4681,
13194,
13194,
4681,
104,
13194,
104,
4616,
6892,
13194,
4616,
6892,
4616,
603,
2917,
6893,
13195,
2917,
13195,
4632,
6893,
1703,
6892,
6893,
6892,
13195,
13195,
6892,
603,
13195,
603,
4617,
4632,
13195,
4617,
4632,
4617,
2858,
25,
4649,
13196,
25,
13196,
4614,
4649,
614,
6894,
4649,
6894,
13196,
13196,
6894,
1704,
13196,
1704,
6897,
4614,
13196,
6897,
4614,
6897,
602,
614,
4648,
13197,
614,
13197,
6894,
4648,
106,
4682,
4648,
4682,
13197,
13197,
4682,
631,
13197,
631,
6895,
6894,
13197,
6895,
6894,
6895,
1704,
1704,
6895,
13198,
1704,
13198,
6896,
6895,
631,
4683,
6895,
4683,
13198,
13198,
4683,
104,
13198,
104,
4665,
6896,
13198,
4665,
6896,
4665,
622,
602,
6897,
13199,
602,
13199,
4615,
6897,
1704,
6896,
6897,
6896,
13199,
13199,
6896,
622,
13199,
622,
4664,
4615,
13199,
4664,
4615,
4664,
26,
12,
6068,
13200,
12,
13200,
4661,
6068,
1319,
6898,
6068,
6898,
13200,
13200,
6898,
1705,
13200,
1705,
6901,
4661,
13200,
6901,
4661,
6901,
620,
1319,
6069,
13201,
1319,
13201,
6898,
6069,
197,
6048,
6069,
6048,
13201,
13201,
6048,
1309,
13201,
1309,
6899,
6898,
13201,
6899,
6898,
6899,
1705,
1705,
6899,
13202,
1705,
13202,
6900,
6899,
1309,
6046,
6899,
6046,
13202,
13202,
6046,
364,
13202,
364,
5232,
6900,
13202,
5232,
6900,
5232,
899,
620,
6901,
13203,
620,
13203,
4660,
6901,
1705,
6900,
6901,
6900,
13203,
13203,
6900,
899,
13203,
899,
5233,
4660,
13203,
5233,
4660,
5233,
24,
27,
4637,
13204,
27,
13204,
4629,
4637,
609,
6902,
4637,
6902,
13204,
13204,
6902,
1706,
13204,
1706,
6905,
4629,
13204,
6905,
4629,
6905,
606,
609,
4636,
13205,
609,
13205,
6902,
4636,
16,
4684,
4636,
4684,
13205,
13205,
4684,
632,
13205,
632,
6903,
6902,
13205,
6903,
6902,
6903,
1706,
1706,
6903,
13206,
1706,
13206,
6904,
6903,
632,
4685,
6903,
4685,
13206,
13206,
4685,
105,
13206,
105,
4612,
6904,
13206,
4612,
6904,
4612,
601,
606,
6905,
13207,
606,
13207,
4628,
6905,
1706,
6904,
6905,
6904,
13207,
13207,
6904,
601,
13207,
601,
4613,
4628,
13207,
4613,
4628,
4613,
30,
2855,
4653,
13208,
2855,
13208,
4610,
4653,
616,
6906,
4653,
6906,
13208,
13208,
6906,
1707,
13208,
1707,
6909,
4610,
13208,
6909,
4610,
6909,
2906,
616,
4651,
13209,
616,
13209,
6906,
4651,
19,
4686,
4651,
4686,
13209,
13209,
4686,
633,
13209,
633,
6907,
6906,
13209,
6907,
6906,
6907,
1707,
1707,
6907,
13210,
1707,
13210,
6908,
6907,
633,
4687,
6907,
4687,
13210,
13210,
4687,
10,
13210,
10,
4657,
6908,
13210,
4657,
6908,
4657,
618,
2906,
6909,
13211,
2906,
13211,
4611,
6909,
1707,
6908,
6909,
6908,
13211,
13211,
6908,
618,
13211,
618,
4656,
4611,
13211,
4656,
4611,
4656,
2848,
3,
5696,
13212,
3,
13212,
4714,
5696,
1134,
6910,
5696,
6910,
13212,
13212,
6910,
1708,
13212,
1708,
6913,
4714,
13212,
6913,
4714,
6913,
647,
1134,
5697,
13213,
1134,
13213,
6910,
5697,
360,
6062,
5697,
6062,
13213,
13213,
6062,
1316,
13213,
1316,
6911,
6910,
13213,
6911,
6910,
6911,
1708,
1708,
6911,
13214,
1708,
13214,
6912,
6911,
1316,
6060,
6911,
6060,
13214,
13214,
6060,
192,
13214,
192,
6064,
6912,
13214,
6064,
6912,
6064,
1318,
647,
6913,
13215,
647,
13215,
4715,
6913,
1708,
6912,
6913,
6912,
13215,
13215,
6912,
1318,
13215,
1318,
6065,
4715,
13215,
6065,
4715,
6065,
28,
10,
6020,
13216,
10,
13216,
4657,
6020,
1293,
6914,
6020,
6914,
13216,
13216,
6914,
1709,
13216,
1709,
6917,
4657,
13216,
6917,
4657,
6917,
618,
1293,
6019,
13217,
1293,
13217,
6914,
6019,
435,
6687,
6019,
6687,
13217,
13217,
6687,
1624,
13217,
1624,
6915,
6914,
13217,
6915,
6914,
6915,
1709,
1709,
6915,
13218,
1709,
13218,
6916,
6915,
1624,
6690,
6915,
6690,
13218,
13218,
6690,
2887,
13218,
2887,
6693,
6916,
13218,
6693,
6916,
6693,
3965,
618,
6917,
13219,
618,
13219,
4656,
6917,
1709,
6916,
6917,
6916,
13219,
13219,
6916,
3965,
13219,
3965,
6694,
4656,
13219,
6694,
4656,
6694,
2848,
1,
5235,
13220,
1,
13220,
6167,
5235,
900,
6918,
5235,
6918,
13220,
13220,
6918,
1710,
13220,
1710,
6921,
6167,
13220,
6921,
6167,
6921,
1370,
900,
5234,
13221,
900,
13221,
6918,
5234,
366,
5698,
5234,
5698,
13221,
13221,
5698,
1135,
13221,
1135,
6919,
6918,
13221,
6919,
6918,
6919,
1710,
1710,
6919,
13222,
1710,
13222,
6920,
6919,
1135,
5700,
6919,
5700,
13222,
13222,
5700,
368,
13222,
368,
5236,
6920,
13222,
5236,
6920,
5236,
901,
1370,
6921,
13223,
1370,
13223,
6166,
6921,
1710,
6920,
6921,
6920,
13223,
13223,
6920,
901,
13223,
901,
5238,
6166,
13223,
5238,
6166,
5238,
101,
548,
6626,
13224,
548,
13224,
6663,
6626,
1596,
6922,
6626,
6922,
13224,
13224,
6922,
1711,
13224,
1711,
6925,
6663,
13224,
6925,
6663,
6925,
1613,
1596,
6623,
13225,
1596,
13225,
6922,
6623,
555,
6661,
6623,
6661,
13225,
13225,
6661,
1612,
13225,
1612,
6923,
6922,
13225,
6923,
6922,
6923,
1711,
1711,
6923,
13226,
1711,
13226,
6924,
6923,
1612,
6662,
6923,
6662,
13226,
13226,
6662,
2,
13226,
2,
4658,
6924,
13226,
4658,
6924,
4658,
619,
1613,
6925,
13227,
1613,
13227,
6664,
6925,
1711,
6924,
6925,
6924,
13227,
13227,
6924,
619,
13227,
619,
4659,
6664,
13227,
4659,
6664,
4659,
11,
0,
6666,
13228,
0,
13228,
4603,
6666,
1614,
6926,
6666,
6926,
13228,
13228,
6926,
1712,
13228,
1712,
6929,
4603,
13228,
6929,
4603,
6929,
598,
1614,
6665,
13229,
1614,
13229,
6926,
6665,
551,
6699,
6665,
6699,
13229,
13229,
6699,
1629,
13229,
1629,
6927,
6926,
13229,
6927,
6926,
6927,
1712,
1712,
6927,
13230,
1712,
13230,
6928,
6927,
1629,
6702,
6927,
6702,
13230,
13230,
6702,
435,
13230,
435,
6019,
6928,
13230,
6019,
6928,
6019,
1293,
598,
6929,
13231,
598,
13231,
4602,
6929,
1712,
6928,
6929,
6928,
13231,
13231,
6928,
1293,
13231,
1293,
6020,
4602,
13231,
6020,
4602,
6020,
10,
221,
5310,
13232,
221,
13232,
4728,
5310,
931,
6930,
5310,
6930,
13232,
13232,
6930,
1713,
13232,
1713,
6933,
4728,
13232,
6933,
4728,
6933,
654,
931,
5308,
13233,
931,
13233,
6930,
5308,
219,
5299,
5308,
5299,
13233,
13233,
5299,
928,
13233,
928,
6931,
6930,
13233,
6931,
6930,
6931,
1713,
1713,
6931,
13234,
1713,
13234,
6932,
6931,
928,
5298,
6931,
5298,
13234,
13234,
5298,
7,
13234,
7,
4724,
6932,
13234,
4724,
6932,
4724,
652,
654,
6933,
13235,
654,
13235,
4729,
6933,
1713,
6932,
6933,
6932,
13235,
13235,
6932,
652,
13235,
652,
4725,
4729,
13235,
4725,
4729,
4725,
33,
217,
6673,
13236,
217,
13236,
4722,
6673,
1617,
6934,
6673,
6934,
13236,
13236,
6934,
1714,
13236,
1714,
6937,
4722,
13236,
6937,
4722,
6937,
651,
1617,
6671,
13237,
1617,
13237,
6934,
6671,
551,
6665,
6671,
6665,
13237,
13237,
6665,
1614,
13237,
1614,
6935,
6934,
13237,
6935,
6934,
6935,
1714,
1714,
6935,
13238,
1714,
13238,
6936,
6935,
1614,
6666,
6935,
6666,
13238,
13238,
6666,
0,
13238,
0,
4640,
6936,
13238,
4640,
6936,
4640,
611,
651,
6937,
13239,
651,
13239,
4723,
6937,
1714,
6936,
6937,
6936,
13239,
13239,
6936,
611,
13239,
611,
4641,
4723,
13239,
4641,
4723,
4641,
31,
585,
6796,
13240,
585,
13240,
6780,
6796,
1665,
6938,
6796,
6938,
13240,
13240,
6938,
1715,
13240,
1715,
6941,
6780,
13240,
6941,
6780,
6941,
1657,
1665,
6795,
13241,
1665,
13241,
6938,
6795,
584,
6778,
6795,
6778,
13241,
13241,
6778,
1656,
13241,
1656,
6939,
6938,
13241,
6939,
6938,
6939,
1715,
1715,
6939,
13242,
1715,
13242,
6940,
6939,
1656,
6777,
6939,
6777,
13242,
13242,
6777,
21,
13242,
21,
4726,
6940,
13242,
4726,
6940,
4726,
653,
1657,
6941,
13243,
1657,
13243,
6779,
6941,
1715,
6940,
6941,
6940,
13243,
13243,
6940,
653,
13243,
653,
4727,
6779,
13243,
4727,
6779,
4727,
20,
100,
6163,
13244,
100,
13244,
6165,
6163,
1368,
6942,
6163,
6942,
13244,
13244,
6942,
1716,
13244,
1716,
6945,
6165,
13244,
6945,
6165,
6945,
1369,
1368,
6162,
13245,
1368,
13245,
6942,
6162,
8,
4710,
6162,
4710,
13245,
13245,
4710,
645,
13245,
645,
6943,
6942,
13245,
6943,
6942,
6943,
1716,
1716,
6943,
13246,
1716,
13246,
6944,
6943,
645,
4711,
6943,
4711,
13246,
13246,
4711,
25,
13246,
25,
4614,
6944,
13246,
4614,
6944,
4614,
602,
1369,
6945,
13247,
1369,
13247,
6164,
6945,
1716,
6944,
6945,
6944,
13247,
13247,
6944,
602,
13247,
602,
4615,
6164,
13247,
4615,
6164,
4615,
26,
5,
4700,
13248,
5,
13248,
4713,
4700,
640,
6946,
4700,
6946,
13248,
13248,
6946,
1717,
13248,
1717,
6949,
4713,
13248,
6949,
4713,
6949,
646,
640,
4701,
13249,
640,
13249,
6946,
4701,
3,
4714,
4701,
4714,
13249,
13249,
4714,
647,
13249,
647,
6947,
6946,
13249,
6947,
6946,
6947,
1717,
1717,
6947,
13250,
1717,
13250,
6948,
6947,
647,
4715,
6947,
4715,
13250,
13250,
4715,
28,
13250,
28,
4621,
6948,
13250,
4621,
6948,
4621,
604,
646,
6949,
13251,
646,
13251,
4712,
6949,
1717,
6948,
6949,
6948,
13251,
13251,
6948,
604,
13251,
604,
4620,
4712,
13251,
4620,
4712,
4620,
27,
1,
4703,
13252,
1,
13252,
4708,
4703,
641,
6950,
4703,
6950,
13252,
13252,
6950,
1718,
13252,
1718,
6953,
4708,
13252,
6953,
4708,
6953,
644,
641,
4702,
13253,
641,
13253,
6950,
4702,
6,
4716,
4702,
4716,
13253,
13253,
4716,
648,
13253,
648,
6951,
6950,
13253,
6951,
6950,
6951,
1718,
1718,
6951,
13254,
1718,
13254,
6952,
6951,
648,
4717,
6951,
4717,
13254,
13254,
4717,
29,
13254,
29,
4622,
6952,
13254,
4622,
6952,
4622,
605,
644,
6953,
13255,
644,
13255,
4709,
6953,
1718,
6952,
6953,
6952,
13255,
13255,
6952,
605,
13255,
605,
4623,
4709,
13255,
4623,
4709,
4623,
24,
4,
4704,
13256,
4,
13256,
4719,
4704,
642,
6954,
4704,
6954,
13256,
13256,
6954,
1719,
13256,
1719,
6957,
4719,
13256,
6957,
4719,
6957,
649,
642,
4705,
13257,
642,
13257,
6954,
4705,
5,
4713,
4705,
4713,
13257,
13257,
4713,
646,
13257,
646,
6955,
6954,
13257,
6955,
6954,
6955,
1719,
1719,
6955,
13258,
1719,
13258,
6956,
6955,
646,
4712,
6955,
4712,
13258,
13258,
4712,
27,
13258,
27,
4629,
6956,
13258,
4629,
6956,
4629,
606,
649,
6957,
13259,
649,
13259,
4718,
6957,
1719,
6956,
6957,
6956,
13259,
13259,
6956,
606,
13259,
606,
4628,
4718,
13259,
4628,
4718,
4628,
30,
6,
6158,
13260,
6,
13260,
4716,
6158,
1366,
6958,
6158,
6958,
13260,
13260,
6958,
1720,
13260,
1720,
6961,
4716,
13260,
6961,
4716,
6961,
648,
1366,
6159,
13261,
1366,
13261,
6958,
6159,
100,
6165,
6159,
6165,
13261,
13261,
6165,
1369,
13261,
1369,
6959,
6958,
13261,
6959,
6958,
6959,
1720,
1720,
6959,
13262,
1720,
13262,
6960,
6959,
1369,
6164,
6959,
6164,
13262,
13262,
6164,
26,
13262,
26,
4630,
6960,
13262,
4630,
6960,
4630,
607,
648,
6961,
13263,
648,
13263,
4717,
6961,
1720,
6960,
6961,
6960,
13263,
13263,
6960,
607,
13263,
607,
4631,
4717,
13263,
4631,
4717,
4631,
29,
8,
4707,
13264,
8,
13264,
4710,
4707,
643,
6962,
4707,
6962,
13264,
13264,
6962,
1721,
13264,
1721,
6965,
4710,
13264,
6965,
4710,
6965,
645,
643,
4706,
13265,
643,
13265,
6962,
4706,
4,
4719,
4706,
4719,
13265,
13265,
4719,
649,
13265,
649,
6963,
6962,
13265,
6963,
6962,
6963,
1721,
1721,
6963,
13266,
1721,
13266,
6964,
6963,
649,
4718,
6963,
4718,
13266,
13266,
4718,
30,
13266,
30,
4644,
6964,
13266,
4644,
6964,
4644,
612,
645,
6965,
13267,
645,
13267,
4711,
6965,
1721,
6964,
6965,
6964,
13267,
13267,
6964,
612,
13267,
612,
4645,
4711,
13267,
4645,
4711,
4645,
25,
7,
5298,
13268,
7,
13268,
4639,
5298,
928,
6966,
5298,
6966,
13268,
13268,
6966,
1722,
13268,
1722,
6969,
4639,
13268,
6969,
4639,
6969,
610,
928,
5299,
13269,
928,
13269,
6966,
5299,
219,
5306,
5299,
5306,
13269,
13269,
5306,
929,
13269,
929,
6967,
6966,
13269,
6967,
6966,
6967,
1722,
1722,
6967,
13270,
1722,
13270,
6968,
6967,
929,
5304,
6967,
5304,
13270,
13270,
5304,
217,
13270,
217,
4722,
6968,
13270,
4722,
6968,
4722,
651,
610,
6969,
13271,
610,
13271,
4638,
6969,
1722,
6968,
6969,
6968,
13271,
13271,
6968,
651,
13271,
651,
4723,
4638,
13271,
4723,
4638,
4723,
31,
28,
6065,
13272,
28,
13272,
4597,
6065,
1318,
6970,
6065,
6970,
13272,
13272,
6970,
1723,
13272,
1723,
6973,
4597,
13272,
6973,
4597,
6973,
595,
1318,
6064,
13273,
1318,
13273,
6970,
6064,
192,
6058,
6064,
6058,
13273,
13273,
6058,
1314,
13273,
1314,
6971,
6970,
13273,
6971,
6970,
6971,
1723,
1723,
6971,
13274,
1723,
13274,
6972,
6971,
1314,
6056,
6971,
6056,
13274,
13274,
6056,
362,
13274,
362,
5222,
6972,
13274,
5222,
6972,
5222,
894,
595,
6973,
13275,
595,
13275,
4596,
6973,
1723,
6972,
6973,
6972,
13275,
13275,
6972,
894,
13275,
894,
5223,
4596,
13275,
5223,
4596,
5223,
9,
202,
5203,
13276,
202,
13276,
5246,
5203,
885,
6974,
5203,
6974,
13276,
13276,
6974,
1724,
13276,
1724,
6977,
5246,
13276,
6977,
5246,
6977,
905,
885,
5202,
13277,
885,
13277,
6974,
5202,
196,
5241,
5202,
5241,
13277,
13277,
5241,
903,
13277,
903,
6975,
6974,
13277,
6975,
6974,
6975,
1724,
2220,
8849,
13278,
2220,
13278,
8826,
8849,
2216,
8820,
8849,
8820,
13278,
13278,
8820,
213,
13278,
213,
5278,
8826,
13278,
5278,
8826,
5278,
919,
2217,
8848,
13279,
2217,
13279,
5247,
8848,
2220,
8826,
8848,
8826,
13279,
13279,
8826,
919,
13279,
919,
5280,
5247,
13279,
5280,
5247,
5280,
205,
201,
5213,
13280,
201,
13280,
5231,
5213,
889,
6978,
5213,
6978,
13280,
13280,
6978,
1725,
13280,
1725,
6981,
5231,
13280,
6981,
5231,
6981,
898,
889,
5212,
13281,
889,
13281,
6978,
5212,
195,
5250,
5212,
5250,
13281,
13281,
5250,
906,
13281,
906,
6979,
6978,
13281,
6979,
6978,
6979,
1725,
2221,
8847,
13282,
2221,
13282,
8827,
8847,
2218,
5251,
8847,
5251,
13282,
13282,
5251,
207,
13282,
207,
5262,
8827,
13282,
5262,
8827,
5262,
911,
2215,
8846,
13283,
2215,
13283,
8819,
8846,
2221,
8827,
8846,
8827,
13283,
13283,
8827,
911,
13283,
911,
5264,
8819,
13283,
5264,
8819,
5264,
215,
555,
6669,
13284,
555,
13284,
6661,
6669,
1615,
6982,
6669,
6982,
13284,
13284,
6982,
1726,
13284,
1726,
6985,
6661,
13284,
6985,
6661,
6985,
1612,
1615,
6667,
13285,
1615,
13285,
6982,
6667,
221,
4728,
6667,
4728,
13285,
13285,
4728,
654,
13285,
654,
6983,
6982,
13285,
6983,
6982,
6983,
1726,
1726,
6983,
13286,
1726,
13286,
6984,
6983,
654,
4729,
6983,
4729,
13286,
13286,
4729,
33,
13286,
33,
4598,
6984,
13286,
4598,
6984,
4598,
596,
1612,
6985,
13287,
1612,
13287,
6662,
6985,
1726,
6984,
6985,
6984,
13287,
13287,
6984,
596,
13287,
596,
4599,
6662,
13287,
4599,
6662,
4599,
2,
62,
4823,
13288,
62,
13288,
4805,
4823,
701,
6986,
4823,
6986,
13288,
13288,
6986,
1727,
13288,
1727,
6989,
4805,
13288,
6989,
4805,
6989,
692,
701,
4822,
13289,
701,
13289,
6986,
4822,
79,
4794,
4822,
4794,
13289,
13289,
4794,
687,
13289,
687,
6987,
6986,
13289,
6987,
6986,
6987,
1727,
1727,
6987,
13290,
1727,
13290,
6988,
6987,
687,
4795,
6987,
4795,
13290,
13290,
4795,
41,
13290,
41,
4746,
6988,
13290,
4746,
6988,
4746,
663,
692,
6989,
13291,
692,
13291,
4804,
6989,
1727,
6988,
6989,
6988,
13291,
13291,
6988,
663,
13291,
663,
4748,
4804,
13291,
4748,
4804,
4748,
43,
77,
4825,
13292,
77,
13292,
4807,
4825,
702,
6990,
4825,
6990,
13292,
13292,
6990,
1728,
13292,
1728,
6993,
4807,
13292,
6993,
4807,
6993,
693,
702,
4824,
13293,
702,
13293,
6990,
4824,
62,
4805,
4824,
4805,
13293,
13293,
4805,
692,
13293,
692,
6991,
6990,
13293,
6991,
6990,
6991,
1728,
1728,
6991,
13294,
1728,
13294,
6992,
6991,
692,
4804,
6991,
4804,
13294,
13294,
4804,
43,
13294,
43,
4738,
6992,
13294,
4738,
6992,
4738,
659,
693,
6993,
13295,
693,
13295,
4806,
6993,
1728,
6992,
6993,
6992,
13295,
13295,
6992,
659,
13295,
659,
4740,
4806,
13295,
4740,
4806,
4740,
37,
63,
4827,
13296,
63,
13296,
4809,
4827,
703,
6994,
4827,
6994,
13296,
13296,
6994,
1729,
13296,
1729,
6997,
4809,
13296,
6997,
4809,
6997,
694,
703,
4826,
13297,
703,
13297,
6994,
4826,
65,
4796,
4826,
4796,
13297,
13297,
4796,
688,
13297,
688,
6995,
6994,
13297,
6995,
6994,
6995,
1729,
1729,
6995,
13298,
1729,
13298,
6996,
6995,
688,
4798,
6995,
4798,
13298,
13298,
4798,
49,
13298,
49,
4730,
6996,
13298,
4730,
6996,
4730,
655,
694,
6997,
13299,
694,
13299,
4808,
6997,
1729,
6996,
6997,
6996,
13299,
13299,
6996,
655,
13299,
655,
4732,
4808,
13299,
4732,
4808,
4732,
35,
79,
4829,
13300,
79,
13300,
4794,
4829,
704,
6998,
4829,
6998,
13300,
13300,
6998,
1730,
13300,
1730,
7001,
4794,
13300,
7001,
4794,
7001,
687,
704,
4828,
13301,
704,
13301,
6998,
4828,
67,
4800,
4828,
4800,
13301,
13301,
4800,
690,
13301,
690,
6999,
6998,
13301,
6999,
6998,
6999,
1730,
1730,
6999,
13302,
1730,
13302,
7000,
6999,
690,
4801,
6999,
4801,
13302,
13302,
4801,
51,
13302,
51,
4760,
7000,
13302,
4760,
7000,
4760,
669,
687,
7001,
13303,
687,
13303,
4795,
7001,
1730,
7000,
7001,
7000,
13303,
13303,
7000,
669,
13303,
669,
4758,
4795,
13303,
4758,
4795,
4758,
41,
64,
4831,
13304,
64,
13304,
4811,
4831,
705,
7002,
4831,
7002,
13304,
13304,
7002,
1731,
13304,
1731,
7005,
4811,
13304,
7005,
4811,
7005,
695,
705,
4830,
13305,
705,
13305,
7002,
4830,
68,
4802,
4830,
4802,
13305,
13305,
4802,
691,
13305,
691,
7003,
7002,
13305,
7003,
7002,
7003,
1731,
1731,
7003,
13306,
1731,
13306,
7004,
7003,
691,
4803,
7003,
4803,
13306,
13306,
4803,
46,
13306,
46,
4752,
7004,
13306,
4752,
7004,
4752,
665,
695,
7005,
13307,
695,
13307,
4810,
7005,
1731,
7004,
7005,
7004,
13307,
13307,
7004,
665,
13307,
665,
4750,
4810,
13307,
4750,
4810,
4750,
39,
68,
4833,
13308,
68,
13308,
4802,
4833,
706,
7006,
4833,
7006,
13308,
13308,
7006,
1732,
13308,
1732,
7009,
4802,
13308,
7009,
4802,
7009,
691,
706,
4832,
13309,
706,
13309,
7006,
4832,
63,
4809,
4832,
4809,
13309,
13309,
4809,
694,
13309,
694,
7007,
7006,
13309,
7007,
7006,
7007,
1732,
1732,
7007,
13310,
1732,
13310,
7008,
7007,
694,
4808,
7007,
4808,
13310,
13310,
4808,
35,
13310,
35,
4744,
7008,
13310,
4744,
7008,
4744,
661,
691,
7009,
13311,
691,
13311,
4803,
7009,
1732,
7008,
7009,
7008,
13311,
13311,
7008,
661,
13311,
661,
4742,
4803,
13311,
4742,
4803,
4742,
46,
67,
4835,
13312,
67,
13312,
4800,
4835,
707,
7010,
4835,
7010,
13312,
13312,
7010,
1733,
13312,
1733,
7013,
4800,
13312,
7013,
4800,
7013,
690,
707,
4834,
13313,
707,
13313,
7010,
4834,
64,
4811,
4834,
4811,
13313,
13313,
4811,
695,
13313,
695,
7011,
7010,
13313,
7011,
7010,
7011,
1733,
1733,
7011,
13314,
1733,
13314,
7012,
7011,
695,
4810,
7011,
4810,
13314,
13314,
4810,
39,
13314,
39,
4736,
7012,
13314,
4736,
7012,
4736,
657,
690,
7013,
13315,
690,
13315,
4801,
7013,
1733,
7012,
7013,
7012,
13315,
13315,
7012,
657,
13315,
657,
4734,
4801,
13315,
4734,
4801,
4734,
51,
81,
4846,
13316,
81,
13316,
4918,
4846,
713,
7014,
4846,
7014,
13316,
13316,
7014,
1734,
13316,
1734,
7017,
4918,
13316,
7017,
4918,
7017,
749,
713,
4847,
13317,
713,
13317,
7014,
4847,
80,
4920,
4847,
4920,
13317,
13317,
4920,
750,
13317,
750,
7015,
7014,
13317,
7015,
7014,
7015,
1734,
1734,
7015,
13318,
1734,
13318,
7016,
7015,
750,
4921,
7015,
4921,
13318,
13318,
4921,
95,
13318,
95,
4891,
7016,
13318,
4891,
7016,
4891,
735,
749,
7017,
13319,
749,
13319,
4919,
7017,
1734,
7016,
7017,
7016,
13319,
13319,
7016,
735,
13319,
735,
4889,
4919,
13319,
4889,
4919,
4889,
93,
96,
4923,
13320,
96,
13320,
4904,
4923,
751,
7018,
4923,
7018,
13320,
13320,
7018,
1735,
13320,
1735,
7021,
4904,
13320,
7021,
4904,
7021,
742,
751,
4922,
13321,
751,
13321,
7018,
4922,
73,
4854,
4922,
4854,
13321,
13321,
4854,
717,
13321,
717,
7019,
7018,
13321,
7019,
7018,
7019,
1735,
1735,
7019,
13322,
1735,
13322,
7020,
7019,
717,
4855,
7019,
4855,
13322,
13322,
4855,
72,
13322,
72,
4909,
7020,
13322,
4909,
7020,
4909,
744,
742,
7021,
13323,
742,
13323,
4906,
7021,
1735,
7020,
7021,
7020,
13323,
13323,
7020,
744,
13323,
744,
4908,
4906,
13323,
4908,
4906,
4908,
82,
82,
4908,
13324,
82,
13324,
4900,
4908,
744,
7022,
4908,
7022,
13324,
13324,
7022,
1736,
13324,
1736,
7025,
4900,
13324,
7025,
4900,
7025,
740,
744,
4909,
13325,
744,
13325,
7022,
4909,
72,
4852,
4909,
4852,
13325,
13325,
4852,
716,
13325,
716,
7023,
7022,
13325,
7023,
7022,
7023,
1736,
1736,
7023,
13326,
1736,
13326,
7024,
7023,
716,
4853,
7023,
4853,
13326,
13326,
4853,
74,
13326,
74,
4924,
7024,
13326,
4924,
7024,
4924,
752,
740,
7025,
13327,
740,
13327,
4902,
7025,
1736,
7024,
7025,
7024,
13327,
13327,
7024,
752,
13327,
752,
4925,
4902,
13327,
4925,
4902,
4925,
98,
84,
4910,
13328,
84,
13328,
4896,
4910,
745,
7026,
4910,
7026,
13328,
13328,
7026,
1737,
13328,
1737,
7029,
4896,
13328,
7029,
4896,
7029,
738,
745,
4911,
13329,
745,
13329,
7026,
4911,
71,
4850,
4911,
4850,
13329,
13329,
4850,
715,
13329,
715,
7027,
7026,
13329,
7027,
7026,
7027,
1737,
1737,
7027,
13330,
1737,
13330,
7028,
7027,
715,
4851,
7027,
4851,
13330,
13330,
4851,
75,
13330,
75,
4917,
7028,
13330,
4917,
7028,
4917,
748,
738,
7029,
13331,
738,
13331,
4898,
7029,
1737,
7028,
7029,
7028,
13331,
13331,
7028,
748,
13331,
748,
4916,
4898,
13331,
4916,
4898,
4916,
90,
88,
4912,
13332,
88,
13332,
4893,
4912,
746,
7030,
4912,
7030,
13332,
13332,
7030,
1738,
13332,
1738,
7033,
4893,
13332,
7033,
4893,
7033,
737,
746,
4914,
13333,
746,
13333,
7030,
4914,
69,
4848,
4914,
4848,
13333,
13333,
4848,
714,
13333,
714,
7031,
7030,
13333,
7031,
7030,
7031,
1738,
1738,
7031,
13334,
1738,
13334,
7032,
7031,
714,
4849,
7031,
4849,
13334,
13334,
4849,
73,
13334,
73,
4922,
7032,
13334,
4922,
7032,
4922,
751,
737,
7033,
13335,
737,
13335,
4895,
7033,
1738,
7032,
7033,
7032,
13335,
13335,
7032,
751,
13335,
751,
4923,
4895,
13335,
4923,
4895,
4923,
96,
70,
4859,
13336,
70,
13336,
4765,
4859,
719,
7034,
4859,
7034,
13336,
13336,
7034,
1739,
13336,
1739,
7037,
4765,
13336,
7037,
4765,
7037,
673,
719,
4858,
13337,
719,
13337,
7034,
4858,
80,
4839,
4858,
4839,
13337,
13337,
4839,
709,
13337,
709,
7035,
7034,
13337,
7035,
7034,
7035,
1739,
1739,
7035,
13338,
1739,
13338,
7036,
7035,
709,
4838,
7035,
4838,
13338,
13338,
4838,
78,
13338,
78,
4778,
7036,
13338,
4778,
7036,
4778,
679,
673,
7037,
13339,
673,
13339,
4767,
7037,
1739,
7036,
7037,
7036,
13339,
13339,
7036,
679,
13339,
679,
4779,
4767,
13339,
4779,
4767,
4779,
55,
71,
4857,
13340,
71,
13340,
4768,
4857,
718,
7038,
4857,
7038,
13340,
13340,
7038,
1740,
13340,
1740,
7041,
4768,
13340,
7041,
4768,
7041,
674,
718,
4856,
13341,
718,
13341,
7038,
4856,
74,
4843,
4856,
4843,
13341,
13341,
4843,
711,
13341,
711,
7039,
7038,
13341,
7039,
7038,
7039,
1740,
1740,
7039,
13342,
1740,
13342,
7040,
7039,
711,
4842,
7039,
4842,
13342,
13342,
4842,
61,
13342,
61,
4780,
7040,
13342,
4780,
7040,
4780,
680,
674,
7041,
13343,
674,
13343,
4769,
7041,
1740,
7040,
7041,
7040,
13343,
13343,
7040,
680,
13343,
680,
4781,
4769,
13343,
4781,
4769,
4781,
56,
72,
4855,
13344,
72,
13344,
4770,
4855,
717,
7042,
4855,
7042,
13344,
13344,
7042,
1741,
13344,
1741,
7045,
4770,
13344,
7045,
4770,
7045,
675,
717,
4854,
13345,
717,
13345,
7042,
4854,
73,
4841,
4854,
4841,
13345,
13345,
4841,
710,
13345,
710,
7043,
7042,
13345,
7043,
7042,
7043,
1741,
1741,
7043,
13346,
1741,
13346,
7044,
7043,
710,
4840,
7043,
4840,
13346,
13346,
4840,
60,
13346,
60,
4782,
7044,
13346,
4782,
7044,
4782,
681,
675,
7045,
13347,
675,
13347,
4771,
7045,
1741,
7044,
7045,
7044,
13347,
13347,
7044,
681,
13347,
681,
4783,
4771,
13347,
4783,
4771,
4783,
57,
74,
4853,
13348,
74,
13348,
4843,
4853,
716,
7046,
4853,
7046,
13348,
13348,
7046,
1742,
13348,
1742,
7049,
4843,
13348,
7049,
4843,
7049,
711,
716,
4852,
13349,
716,
13349,
7046,
4852,
72,
4770,
4852,
4770,
13349,
13349,
4770,
675,
13349,
675,
7047,
7046,
13349,
7047,
7046,
7047,
1742,
1742,
7047,
13350,
1742,
13350,
7048,
7047,
675,
4771,
7047,
4771,
13350,
13350,
4771,
57,
13350,
57,
4784,
7048,
13350,
4784,
7048,
4784,
682,
711,
7049,
13351,
711,
13351,
4842,
7049,
1742,
7048,
7049,
7048,
13351,
13351,
7048,
682,
13351,
682,
4785,
4842,
13351,
4785,
4842,
4785,
61,
75,
4851,
13352,
75,
13352,
4762,
4851,
715,
7050,
4851,
7050,
13352,
13352,
7050,
1743,
13352,
1743,
7053,
4762,
13352,
7053,
4762,
7053,
671,
715,
4850,
13353,
715,
13353,
7050,
4850,
71,
4768,
4850,
4768,
13353,
13353,
4768,
674,
13353,
674,
7051,
7050,
13353,
7051,
7050,
7051,
1743,
1743,
7051,
13354,
1743,
13354,
7052,
7051,
674,
4769,
7051,
4769,
13354,
13354,
4769,
56,
13354,
56,
4786,
7052,
13354,
4786,
7052,
4786,
683,
671,
7053,
13355,
671,
13355,
4763,
7053,
1743,
7052,
7053,
7052,
13355,
13355,
7052,
683,
13355,
683,
4787,
4763,
13355,
4787,
4763,
4787,
76,
73,
4849,
13356,
73,
13356,
4841,
4849,
714,
7054,
4849,
7054,
13356,
13356,
7054,
1744,
13356,
1744,
7057,
4841,
13356,
7057,
4841,
7057,
710,
714,
4848,
13357,
714,
13357,
7054,
4848,
69,
4764,
4848,
4764,
13357,
13357,
4764,
672,
13357,
672,
7055,
7054,
13357,
7055,
7054,
7055,
1744,
1744,
7055,
13358,
1744,
13358,
7056,
7055,
672,
4766,
7055,
4766,
13358,
13358,
4766,
54,
13358,
54,
4788,
7056,
13358,
4788,
7056,
4788,
684,
710,
7057,
13359,
710,
13359,
4840,
7057,
1744,
7056,
7057,
7056,
13359,
13359,
7056,
684,
13359,
684,
4789,
4840,
13359,
4789,
4840,
4789,
60,
59,
4873,
13360,
59,
13360,
4791,
4873,
726,
7058,
4873,
7058,
13360,
13360,
7058,
1745,
13360,
1745,
7061,
4791,
13360,
7061,
4791,
7061,
685,
726,
4872,
13361,
726,
13361,
7058,
4872,
80,
4847,
4872,
4847,
13361,
13361,
4847,
713,
13361,
713,
7059,
7058,
13361,
7059,
7058,
7059,
1745,
1745,
7059,
13362,
1745,
13362,
7060,
7059,
713,
4846,
7059,
4846,
13362,
13362,
4846,
81,
13362,
81,
4875,
7060,
13362,
4875,
7060,
4875,
727,
685,
7061,
13363,
685,
13363,
4790,
7061,
1745,
7060,
7061,
7060,
13363,
13363,
7060,
727,
13363,
727,
4874,
4790,
13363,
4874,
4790,
4874,
58,
58,
4874,
13364,
58,
13364,
4793,
4874,
727,
7062,
4874,
7062,
13364,
13364,
7062,
1746,
13364,
1746,
7065,
4793,
13364,
7065,
4793,
7065,
686,
727,
4875,
13365,
727,
13365,
7062,
4875,
81,
4845,
4875,
4845,
13365,
13365,
4845,
712,
13365,
712,
7063,
7062,
13365,
7063,
7062,
7063,
1746,
1746,
7063,
13366,
1746,
13366,
7064,
7063,
712,
4844,
7063,
4844,
13366,
13366,
4844,
75,
13366,
75,
4863,
7064,
13366,
4863,
7064,
4863,
721,
686,
7065,
13367,
686,
13367,
4792,
7065,
1746,
7064,
7065,
7064,
13367,
13367,
7064,
721,
13367,
721,
4862,
4792,
13367,
4862,
4792,
4862,
53,
53,
4869,
13368,
53,
13368,
4792,
4869,
724,
7066,
4869,
7066,
13368,
13368,
7066,
1747,
13368,
1747,
7069,
4792,
13368,
7069,
4792,
7069,
686,
724,
4868,
13369,
724,
13369,
7066,
4868,
79,
4822,
4868,
4822,
13369,
13369,
4822,
701,
13369,
701,
7067,
7066,
13369,
7067,
7066,
7067,
1747,
1747,
7067,
13370,
1747,
13370,
7068,
7067,
701,
4823,
7067,
4823,
13370,
13370,
4823,
62,
13370,
62,
4870,
7068,
13370,
4870,
7068,
4870,
725,
686,
7069,
13371,
686,
13371,
4793,
7069,
1747,
7068,
7069,
7068,
13371,
13371,
7068,
725,
13371,
725,
4871,
4793,
13371,
4871,
4793,
4871,
58,
60,
4789,
13372,
60,
13372,
4775,
4789,
684,
7070,
4789,
7070,
13372,
13372,
7070,
1748,
13372,
1748,
7073,
4775,
13372,
7073,
4775,
7073,
677,
684,
4788,
13373,
684,
13373,
7070,
4788,
54,
4814,
4788,
4814,
13373,
13373,
4814,
697,
13373,
697,
7071,
7070,
13373,
7071,
7070,
7071,
1748,
1748,
7071,
13374,
1748,
13374,
7072,
7071,
697,
4816,
7071,
4816,
13374,
13374,
4816,
65,
13374,
65,
4826,
7072,
13374,
4826,
7072,
4826,
703,
677,
7073,
13375,
677,
13375,
4774,
7073,
1748,
7072,
7073,
7072,
13375,
13375,
7072,
703,
13375,
703,
4827,
4774,
13375,
4827,
4774,
4827,
63,
76,
4787,
13376,
76,
13376,
4812,
4787,
683,
7074,
4787,
7074,
13376,
13376,
7074,
1749,
13376,
1749,
7077,
4812,
13376,
7077,
4812,
7077,
696,
683,
4786,
13377,
683,
13377,
7074,
4786,
56,
4818,
4786,
4818,
13377,
13377,
4818,
699,
13377,
699,
7075,
7074,
13377,
7075,
7074,
7075,
1749,
1749,
7075,
13378,
1749,
13378,
7076,
7075,
699,
4819,
7075,
4819,
13378,
13378,
4819,
67,
13378,
67,
4828,
7076,
13378,
4828,
7076,
4828,
704,
696,
7077,
13379,
696,
13379,
4813,
7077,
1749,
7076,
7077,
7076,
13379,
13379,
7076,
704,
13379,
704,
4829,
4813,
13379,
4829,
4813,
4829,
79,
61,
4785,
13380,
61,
13380,
4777,
4785,
682,
7078,
4785,
7078,
13380,
13380,
7078,
1750,
13380,
1750,
7081,
4777,
13380,
7081,
4777,
7081,
678,
682,
4784,
13381,
682,
13381,
7078,
4784,
57,
4820,
4784,
4820,
13381,
13381,
4820,
700,
13381,
700,
7079,
7078,
13381,
7079,
7078,
7079,
1750,
1750,
7079,
13382,
1750,
13382,
7080,
7079,
700,
4821,
7079,
4821,
13382,
13382,
4821,
68,
13382,
68,
4830,
7080,
13382,
4830,
7080,
4830,
705,
678,
7081,
13383,
678,
13383,
4776,
7081,
1750,
7080,
7081,
7080,
13383,
13383,
7080,
705,
13383,
705,
4831,
4776,
13383,
4831,
4776,
4831,
64,
57,
4783,
13384,
57,
13384,
4820,
4783,
681,
7082,
4783,
7082,
13384,
13384,
7082,
1751,
13384,
1751,
7085,
4820,
13384,
7085,
4820,
7085,
700,
681,
4782,
13385,
681,
13385,
7082,
4782,
60,
4775,
4782,
4775,
13385,
13385,
4775,
677,
13385,
677,
7083,
7082,
13385,
7083,
7082,
7083,
1751,
1751,
7083,
13386,
1751,
13386,
7084,
7083,
677,
4774,
7083,
4774,
13386,
13386,
4774,
63,
13386,
63,
4832,
7084,
13386,
4832,
7084,
4832,
706,
700,
7085,
13387,
700,
13387,
4821,
7085,
1751,
7084,
7085,
7084,
13387,
13387,
7084,
706,
13387,
706,
4833,
4821,
13387,
4833,
4821,
4833,
68,
56,
4781,
13388,
56,
13388,
4818,
4781,
680,
7086,
4781,
7086,
13388,
13388,
7086,
1752,
13388,
1752,
7089,
4818,
13388,
7089,
4818,
7089,
699,
680,
4780,
13389,
680,
13389,
7086,
4780,
61,
4777,
4780,
4777,
13389,
13389,
4777,
678,
13389,
678,
7087,
7086,
13389,
7087,
7086,
7087,
1752,
1752,
7087,
13390,
1752,
13390,
7088,
7087,
678,
4776,
7087,
4776,
13390,
13390,
4776,
64,
13390,
64,
4834,
7088,
13390,
4834,
7088,
4834,
707,
699,
7089,
13391,
699,
13391,
4819,
7089,
1752,
7088,
7089,
7088,
13391,
13391,
7088,
707,
13391,
707,
4835,
4819,
13391,
4835,
4819,
4835,
67,
55,
4779,
13392,
55,
13392,
4815,
4779,
679,
7090,
4779,
7090,
13392,
13392,
7090,
1753,
13392,
1753,
7093,
4815,
13392,
7093,
4815,
7093,
698,
679,
4778,
13393,
679,
13393,
7090,
4778,
78,
4773,
4778,
4773,
13393,
13393,
4773,
676,
13393,
676,
7091,
7090,
13393,
7091,
7090,
7091,
1753,
1753,
7091,
13394,
1753,
13394,
7092,
7091,
676,
4772,
7091,
4772,
13394,
13394,
4772,
77,
13394,
77,
4836,
7092,
13394,
4836,
7092,
4836,
708,
698,
7093,
13395,
698,
13395,
4817,
7093,
1753,
7092,
7093,
7092,
13395,
13395,
7092,
708,
13395,
708,
4837,
4817,
13395,
4837,
4817,
4837,
66,
98,
4925,
13396,
98,
13396,
4876,
4925,
752,
7094,
4925,
7094,
13396,
13396,
7094,
1754,
13396,
1754,
7097,
4876,
13396,
7097,
4876,
7097,
728,
752,
4924,
13397,
752,
13397,
7094,
4924,
74,
4856,
4924,
4856,
13397,
13397,
4856,
718,
13397,
718,
7095,
7094,
13397,
7095,
7094,
7095,
1754,
1754,
7095,
13398,
1754,
13398,
7096,
7095,
718,
4857,
7095,
4857,
13398,
13398,
4857,
71,
13398,
71,
4911,
7096,
13398,
4911,
7096,
4911,
745,
728,
7097,
13399,
728,
13399,
4878,
7097,
1754,
7096,
7097,
7096,
13399,
13399,
7096,
745,
13399,
745,
4910,
4878,
13399,
4910,
4878,
4910,
84,
95,
4921,
13400,
95,
13400,
4881,
4921,
750,
7098,
4921,
7098,
13400,
13400,
7098,
1755,
13400,
1755,
7101,
4881,
13400,
7101,
4881,
7101,
731,
750,
4920,
13401,
750,
13401,
7098,
4920,
80,
4858,
4920,
4858,
13401,
13401,
4858,
719,
13401,
719,
7099,
7098,
13401,
7099,
7098,
7099,
1755,
1755,
7099,
13402,
1755,
13402,
7100,
7099,
719,
4859,
7099,
4859,
13402,
13402,
4859,
70,
13402,
70,
4915,
7100,
13402,
4915,
7100,
4915,
747,
731,
7101,
13403,
731,
13403,
4883,
7101,
1755,
7100,
7101,
7100,
13403,
13403,
7100,
747,
13403,
747,
4913,
4883,
13403,
4913,
4883,
4913,
89,
53,
4862,
13404,
53,
13404,
4861,
4862,
721,
7102,
4862,
7102,
13404,
13404,
7102,
1756,
13404,
1756,
7104,
4861,
13404,
7104,
4861,
7104,
720,
75,
4762,
13405,
75,
13405,
4863,
4762,
671,
7103,
4762,
7103,
13405,
13405,
7103,
1756,
13405,
1756,
7102,
4863,
13405,
7102,
4863,
7102,
721,
76,
4860,
13406,
76,
13406,
4763,
4860,
720,
7104,
4860,
7104,
13406,
13406,
7104,
1756,
13406,
1756,
7103,
4763,
13406,
7103,
4763,
7103,
671,
59,
4866,
13407,
59,
13407,
4865,
4866,
723,
7105,
4866,
7105,
13407,
13407,
7105,
1757,
13407,
1757,
7107,
4865,
13407,
7107,
4865,
7107,
722,
77,
4772,
13408,
77,
13408,
4867,
4772,
676,
7106,
4772,
7106,
13408,
13408,
7106,
1757,
13408,
1757,
7105,
4867,
13408,
7105,
4867,
7105,
723,
78,
4864,
13409,
78,
13409,
4773,
4864,
722,
7107,
4864,
7107,
13409,
13409,
7107,
1757,
13409,
1757,
7106,
4773,
13409,
7106,
4773,
7106,
676,
53,
4861,
13410,
53,
13410,
4869,
4861,
720,
7108,
4861,
7108,
13410,
13410,
7108,
1758,
13410,
1758,
7110,
4869,
13410,
7110,
4869,
7110,
724,
76,
4812,
13411,
76,
13411,
4860,
4812,
696,
7109,
4812,
7109,
13411,
13411,
7109,
1758,
13411,
1758,
7108,
4860,
13411,
7108,
4860,
7108,
720,
79,
4868,
13412,
79,
13412,
4813,
4868,
724,
7110,
4868,
7110,
13412,
13412,
7110,
1758,
13412,
1758,
7109,
4813,
13412,
7109,
4813,
7109,
696,
59,
4865,
13413,
59,
13413,
4873,
4865,
722,
7111,
4865,
7111,
13413,
13413,
7111,
1759,
13413,
1759,
7113,
4873,
13413,
7113,
4873,
7113,
726,
78,
4838,
13414,
78,
13414,
4864,
4838,
709,
7112,
4838,
7112,
13414,
13414,
7112,
1759,
13414,
1759,
7111,
4864,
13414,
7111,
4864,
7111,
722,
80,
4872,
13415,
80,
13415,
4839,
4872,
726,
7113,
4872,
7113,
13415,
13415,
7113,
1759,
13415,
1759,
7112,
4839,
13415,
7112,
4839,
7112,
709,
58,
4871,
13416,
58,
13416,
4790,
4871,
725,
7114,
4871,
7114,
13416,
13416,
7114,
1760,
13416,
1760,
7117,
4790,
13416,
7117,
4790,
7117,
685,
725,
4870,
13417,
725,
13417,
7114,
4870,
62,
4824,
4870,
4824,
13417,
13417,
4824,
702,
13417,
702,
7115,
7114,
13417,
7115,
7114,
7115,
1760,
1760,
7115,
13418,
1760,
13418,
7116,
7115,
702,
4825,
7115,
4825,
13418,
13418,
4825,
77,
13418,
77,
4867,
7116,
13418,
4867,
7116,
4867,
723,
685,
7117,
13419,
685,
13419,
4791,
7117,
1760,
7116,
7117,
7116,
13419,
13419,
7116,
723,
13419,
723,
4866,
4791,
13419,
4866,
4791,
4866,
59,
581,
6794,
13420,
581,
13420,
5964,
6794,
1664,
7118,
6794,
7118,
13420,
13420,
7118,
1761,
13420,
1761,
7121,
5964,
13420,
7121,
5964,
7121,
1272,
1664,
6793,
13421,
1664,
13421,
7118,
6793,
579,
5958,
6793,
5958,
13421,
13421,
5958,
1270,
13421,
1270,
7119,
7118,
13421,
7119,
7118,
7119,
1761,
1761,
7119,
13422,
1761,
13422,
7120,
7119,
1270,
5959,
7119,
5959,
13422,
13422,
5959,
32,
13422,
32,
4690,
7120,
13422,
4690,
7120,
4690,
635,
1272,
7121,
13423,
1272,
13423,
5965,
7121,
1761,
7120,
7121,
7120,
13423,
13423,
7120,
635,
13423,
635,
4691,
5965,
13423,
4691,
5965,
4691,
23,
582,
6792,
13424,
582,
13424,
5966,
6792,
1663,
7122,
6792,
7122,
13424,
13424,
7122,
1762,
13424,
1762,
7125,
5966,
13424,
7125,
5966,
7125,
1273,
1663,
6791,
13425,
1663,
13425,
7122,
6791,
580,
5960,
6791,
5960,
13425,
13425,
5960,
1271,
13425,
1271,
7123,
7122,
13425,
7123,
7122,
7123,
1762,
1762,
7123,
13426,
1762,
13426,
7124,
7123,
1271,
5961,
7123,
5961,
13426,
13426,
5961,
103,
13426,
103,
4696,
7124,
13426,
4696,
7124,
4696,
638,
1273,
7125,
13427,
1273,
13427,
5967,
7125,
1762,
7124,
7125,
7124,
13427,
13427,
7124,
638,
13427,
638,
4697,
5967,
13427,
4697,
5967,
4697,
34,
580,
6790,
13428,
580,
13428,
5960,
6790,
1662,
7126,
6790,
7126,
13428,
13428,
7126,
1763,
13428,
1763,
7129,
5960,
13428,
7129,
5960,
7129,
1271,
1662,
6789,
13429,
1662,
13429,
7126,
6789,
2897,
5962,
6789,
5962,
13429,
13429,
5962,
3597,
13429,
3597,
7127,
7126,
13429,
7127,
7126,
7127,
1763,
1763,
7127,
13430,
1763,
13430,
7128,
7127,
3597,
5963,
7127,
5963,
13430,
13430,
5963,
2857,
13430,
2857,
4698,
7128,
13430,
4698,
7128,
4698,
639,
1271,
7129,
13431,
1271,
13431,
5961,
7129,
1763,
7128,
7129,
7128,
13431,
13431,
7128,
639,
13431,
639,
4699,
5961,
13431,
4699,
5961,
4699,
103,
3,
6155,
13432,
3,
13432,
6172,
6155,
1364,
7130,
6155,
7130,
13432,
13432,
7130,
1764,
13432,
1764,
7133,
6172,
13432,
7133,
6172,
7133,
1373,
2193,
8771,
13433,
2193,
13433,
8799,
8771,
94,
4880,
8771,
4880,
13433,
13433,
4880,
730,
13433,
730,
8776,
8799,
13433,
8776,
8799,
8776,
2198,
2198,
8776,
13434,
2198,
13434,
8798,
8776,
730,
4882,
8776,
4882,
13434,
13434,
4882,
87,
13434,
87,
8768,
8798,
13434,
8768,
8798,
8768,
2190,
1373,
7133,
13435,
1373,
13435,
6173,
7133,
1764,
7132,
7133,
7132,
13435,
13435,
7132,
754,
13435,
754,
4929,
6173,
13435,
4929,
6173,
4929,
102,
4,
6170,
13436,
4,
13436,
4704,
6170,
1372,
7134,
6170,
7134,
13436,
13436,
7134,
1765,
13436,
1765,
7137,
4704,
13436,
7137,
4704,
7137,
642,
2197,
6171,
13437,
2197,
13437,
8797,
6171,
91,
4885,
6171,
4885,
13437,
13437,
4885,
733,
13437,
733,
8777,
8797,
13437,
8777,
8797,
8777,
2199,
2199,
8777,
13438,
2199,
13438,
8796,
8777,
733,
4887,
8777,
4887,
13438,
13438,
4887,
92,
13438,
92,
6153,
8796,
13438,
6153,
8796,
6153,
2192,
642,
7137,
13439,
642,
13439,
4705,
7137,
1765,
7136,
7137,
7136,
13439,
13439,
7136,
1363,
13439,
1363,
6152,
4705,
13439,
6152,
4705,
6152,
5,
5,
6152,
13440,
5,
13440,
4700,
6152,
1363,
7138,
6152,
7138,
13440,
13440,
7138,
1766,
13440,
1766,
7141,
4700,
13440,
7141,
4700,
7141,
640,
2192,
6153,
13441,
2192,
13441,
8795,
6153,
92,
4888,
6153,
4888,
13441,
13441,
4888,
734,
13441,
734,
8778,
8795,
13441,
8778,
8795,
8778,
2200,
2200,
8778,
13442,
2200,
13442,
8794,
8778,
734,
4890,
8778,
4890,
13442,
13442,
4890,
94,
13442,
94,
8771,
8794,
13442,
8771,
8794,
8771,
2193,
640,
7141,
13443,
640,
13443,
4701,
7141,
1766,
7140,
7141,
7140,
13443,
13443,
7140,
1364,
13443,
1364,
6155,
4701,
13443,
6155,
4701,
6155,
3,
101,
4928,
13444,
101,
13444,
6166,
4928,
753,
7142,
4928,
7142,
13444,
13444,
7142,
1767,
13444,
1767,
7145,
6166,
13444,
7145,
6166,
7145,
1370,
2189,
8767,
13445,
2189,
13445,
8793,
8767,
86,
4892,
8767,
4892,
13445,
13445,
4892,
736,
13445,
736,
8779,
8793,
13445,
8779,
8793,
8779,
2201,
2201,
8779,
13446,
2201,
13446,
8792,
8779,
736,
4894,
8779,
4894,
13446,
13446,
4894,
97,
13446,
97,
6157,
8792,
13446,
6157,
8792,
6157,
2194,
1370,
7145,
13447,
1370,
13447,
6167,
7145,
1767,
7144,
7145,
7144,
13447,
13447,
7144,
1365,
13447,
1365,
6156,
6167,
13447,
6156,
6167,
6156,
1,
8,
6169,
13448,
8,
13448,
4707,
6169,
1371,
7146,
6169,
7146,
13448,
13448,
7146,
1768,
13448,
1768,
7149,
4707,
13448,
7149,
4707,
7149,
643,
2196,
8774,
13449,
2196,
13449,
8791,
8774,
85,
4897,
8774,
4897,
13449,
13449,
4897,
739,
13449,
739,
8780,
8791,
13449,
8780,
8791,
8780,
2202,
2202,
8780,
13450,
2202,
13450,
8790,
8780,
739,
4899,
8780,
4899,
13450,
13450,
4899,
91,
13450,
91,
6171,
8790,
13450,
6171,
8790,
6171,
2197,
643,
7149,
13451,
643,
13451,
4706,
7149,
1768,
7148,
7149,
7148,
13451,
13451,
7148,
1372,
13451,
1372,
6170,
4706,
13451,
6170,
4706,
6170,
4,
6,
6161,
13452,
6,
13452,
6158,
6161,
1367,
7150,
6161,
7150,
13452,
13452,
7150,
1769,
13452,
1769,
7153,
6158,
13452,
7153,
6158,
7153,
1366,
2195,
8773,
13453,
2195,
13453,
8789,
8773,
83,
4901,
8773,
4901,
13453,
13453,
4901,
741,
13453,
741,
8781,
8789,
13453,
8781,
8789,
8781,
2203,
2203,
8781,
13454,
2203,
13454,
8788,
8781,
741,
4903,
8781,
4903,
13454,
13454,
4903,
99,
13454,
99,
4931,
8788,
13454,
4931,
8788,
4931,
2191,
1366,
7153,
13455,
1366,
13455,
6159,
7153,
1769,
7152,
7153,
7152,
13455,
13455,
7152,
755,
13455,
755,
4930,
6159,
13455,
4930,
6159,
4930,
100,
1,
6156,
13456,
1,
13456,
4703,
6156,
1365,
7154,
6156,
7154,
13456,
13456,
7154,
1770,
13456,
1770,
7157,
4703,
13456,
7157,
4703,
7157,
641,
2194,
6157,
13457,
2194,
13457,
8787,
6157,
97,
4905,
6157,
4905,
13457,
13457,
4905,
743,
13457,
743,
8782,
8787,
13457,
8782,
8787,
8782,
2204,
2204,
8782,
13458,
2204,
13458,
8786,
8782,
743,
4907,
8782,
4907,
13458,
13458,
4907,
83,
13458,
83,
8773,
8786,
13458,
8773,
8786,
8773,
2195,
641,
7157,
13459,
641,
13459,
4702,
7157,
1770,
7156,
7157,
7156,
13459,
13459,
7156,
1367,
13459,
1367,
6161,
4702,
13459,
6161,
4702,
6161,
6,
100,
4930,
13460,
100,
13460,
6163,
4930,
755,
7158,
4930,
7158,
13460,
13460,
7158,
1771,
13460,
1771,
7161,
6163,
13460,
7161,
6163,
7161,
1368,
2191,
4931,
13461,
2191,
13461,
8785,
4931,
99,
4877,
4931,
4877,
13461,
13461,
4877,
729,
13461,
729,
8783,
8785,
13461,
8783,
8785,
8783,
2205,
2205,
8783,
13462,
2205,
13462,
8784,
8783,
729,
4879,
8783,
4879,
13462,
13462,
4879,
85,
13462,
85,
8774,
8784,
13462,
8774,
8784,
8774,
2196,
1368,
7161,
13463,
1368,
13463,
6162,
7161,
1771,
7160,
7161,
7160,
13463,
13463,
7160,
1371,
13463,
1371,
6169,
6162,
13463,
6169,
6162,
6169,
8,
2849,
6070,
13464,
2849,
13464,
4607,
6070,
3649,
7162,
6070,
7162,
13464,
13464,
7162,
1772,
13464,
1772,
7165,
4607,
13464,
7165,
4607,
7165,
600,
3649,
6071,
13465,
3649,
13465,
7162,
6071,
2864,
5210,
6071,
5210,
13465,
13465,
5210,
887,
13465,
887,
7163,
7162,
13465,
7163,
7162,
7163,
1772,
1772,
7163,
13466,
1772,
13466,
7164,
7163,
887,
5208,
7163,
5208,
13466,
13466,
5208,
197,
13466,
197,
6069,
7164,
13466,
6069,
7164,
6069,
1319,
600,
7165,
13467,
600,
13467,
4606,
7165,
1772,
7164,
7165,
7164,
13467,
13467,
7164,
1319,
13467,
1319,
6068,
4606,
13467,
6068,
4606,
6068,
12,
111,
4975,
13468,
111,
13468,
4671,
4975,
772,
7166,
4975,
7166,
13468,
13468,
7166,
1773,
13468,
1773,
7169,
4671,
13468,
7169,
4671,
7169,
625,
772,
4974,
13469,
772,
13469,
7166,
4974,
112,
4964,
4974,
4964,
13469,
13469,
4964,
768,
13469,
768,
7167,
7166,
13469,
7167,
7166,
7167,
1773,
1773,
7167,
13470,
1773,
13470,
7168,
7167,
768,
4965,
7167,
4965,
13470,
13470,
4965,
109,
13470,
109,
4956,
7168,
13470,
4956,
7168,
4956,
766,
625,
7169,
13471,
625,
13471,
4670,
7169,
1773,
7168,
7169,
7168,
13471,
13471,
7168,
766,
13471,
766,
4957,
4670,
13471,
4957,
4670,
4957,
107,
14,
4934,
13472,
14,
13472,
4943,
4934,
757,
7170,
4934,
7170,
13472,
13472,
7170,
1774,
13472,
1774,
7173,
4943,
13472,
7173,
4943,
7173,
761,
757,
4935,
13473,
757,
13473,
7170,
4935,
2851,
4944,
4935,
4944,
13473,
13473,
4944,
3073,
13473,
3073,
7171,
7170,
13473,
7171,
7170,
7171,
1774,
1774,
7171,
13474,
1774,
13474,
7172,
7171,
3073,
4945,
7171,
4945,
13474,
13474,
4945,
2858,
13474,
2858,
4617,
7172,
13474,
4617,
7172,
4617,
603,
761,
7173,
13475,
761,
13475,
4942,
7173,
1774,
7172,
7173,
7172,
13475,
13475,
7172,
603,
13475,
603,
4616,
4942,
13475,
4616,
4942,
4616,
104,
2850,
4936,
13476,
2850,
13476,
4947,
4936,
758,
7174,
4936,
7174,
13476,
13476,
7174,
1775,
13476,
1775,
7177,
4947,
13476,
7177,
4947,
7177,
3074,
758,
4937,
13477,
758,
13477,
7174,
4937,
13,
4948,
4937,
4948,
13477,
13477,
4948,
762,
13477,
762,
7175,
7174,
13477,
7175,
7174,
7175,
1775,
1775,
7175,
13478,
1775,
13478,
7176,
7175,
762,
4949,
7175,
4949,
13478,
13478,
4949,
105,
13478,
105,
4663,
7176,
13478,
4663,
7176,
4663,
621,
3074,
7177,
13479,
3074,
13479,
4946,
7177,
1775,
7176,
7177,
7176,
13479,
13479,
7176,
621,
13479,
621,
4662,
4946,
13479,
4662,
4946,
4662,
2859,
13,
4938,
13480,
13,
13480,
4948,
4938,
759,
7178,
4938,
7178,
13480,
13480,
7178,
1776,
13480,
1776,
7181,
4948,
13480,
7181,
4948,
7181,
762,
759,
4939,
13481,
759,
13481,
7178,
4939,
17,
4950,
4939,
4950,
13481,
13481,
4950,
763,
13481,
763,
7179,
7178,
13481,
7179,
7178,
7179,
1776,
1776,
7179,
13482,
1776,
13482,
7180,
7179,
763,
4951,
7179,
4951,
13482,
13482,
4951,
106,
13482,
106,
4675,
7180,
13482,
4675,
7180,
4675,
627,
762,
7181,
13483,
762,
13483,
4949,
7181,
1776,
7180,
7181,
7180,
13483,
13483,
7180,
627,
13483,
627,
4674,
4949,
13483,
4674,
4949,
4674,
105,
17,
4940,
13484,
17,
13484,
4950,
4940,
760,
7182,
4940,
7182,
13484,
13484,
7182,
1777,
13484,
1777,
7185,
4950,
13484,
7185,
4950,
7185,
763,
760,
4941,
13485,
760,
13485,
7182,
4941,
14,
4943,
4941,
4943,
13485,
13485,
4943,
761,
13485,
761,
7183,
7182,
13485,
7183,
7182,
7183,
1777,
1777,
7183,
13486,
1777,
13486,
7184,
7183,
761,
4942,
7183,
4942,
13486,
13486,
4942,
104,
13486,
104,
4683,
7184,
13486,
4683,
7184,
4683,
631,
763,
7185,
13487,
763,
13487,
4951,
7185,
1777,
7184,
7185,
7184,
13487,
13487,
7184,
631,
13487,
631,
4682,
4951,
13487,
4682,
4951,
4682,
106,
110,
4977,
13488,
110,
13488,
4968,
4977,
773,
7186,
4977,
7186,
13488,
13488,
7186,
1778,
13488,
1778,
7189,
4968,
13488,
7189,
4968,
7189,
770,
773,
4976,
13489,
773,
13489,
7186,
4976,
111,
4671,
4976,
4671,
13489,
13489,
4671,
625,
13489,
625,
7187,
7186,
13489,
7187,
7186,
7187,
1778,
1778,
7187,
13490,
1778,
13490,
7188,
7187,
625,
4670,
7187,
4670,
13490,
13490,
4670,
107,
13490,
107,
4958,
7188,
13490,
4958,
7188,
4958,
767,
770,
7189,
13491,
770,
13491,
4969,
7189,
1778,
7188,
7189,
7188,
13491,
13491,
7188,
767,
13491,
767,
4959,
4969,
13491,
4959,
4969,
4959,
108,
4550,
8814,
13492,
4550,
13492,
4960,
8814,
2210,
7190,
8814,
7190,
13492,
13492,
7190,
1779,
13492,
1779,
7193,
4960,
13492,
7193,
4960,
7193,
3081,
2210,
8813,
13493,
2210,
13493,
7190,
8813,
2206,
4646,
8813,
4646,
13493,
13493,
4646,
613,
13493,
613,
7191,
7190,
13493,
7191,
7190,
7191,
1779,
1779,
7191,
13494,
1779,
13494,
7192,
7191,
613,
4647,
7191,
4647,
13494,
13494,
4647,
110,
13494,
110,
4972,
7192,
13494,
4972,
7192,
4972,
771,
3081,
7193,
13495,
3081,
13495,
4961,
7193,
1779,
7192,
7193,
7192,
13495,
13495,
7192,
771,
13495,
771,
4973,
4961,
13495,
4973,
4961,
4973,
2862,
2208,
8812,
13496,
2208,
13496,
8803,
8812,
2211,
7194,
8812,
7194,
13496,
13496,
7194,
1780,
13496,
1780,
7197,
8803,
13496,
7197,
8803,
7197,
769,
2211,
8811,
13497,
2211,
13497,
7194,
8811,
2207,
4932,
8811,
4932,
13497,
13497,
4932,
756,
13497,
756,
7195,
7194,
13497,
7195,
7194,
7195,
1780,
1780,
7195,
13498,
1780,
13498,
7196,
7195,
756,
4933,
7195,
4933,
13498,
13498,
4933,
112,
13498,
112,
4974,
7196,
13498,
4974,
7196,
4974,
772,
769,
7197,
13499,
769,
13499,
4966,
7197,
1780,
7196,
7197,
7196,
13499,
13499,
7196,
772,
13499,
772,
4975,
4966,
13499,
4975,
4966,
4975,
111,
2206,
8810,
13500,
2206,
13500,
4646,
8810,
2212,
7198,
8810,
7198,
13500,
13500,
7198,
1781,
13500,
1781,
7201,
4646,
13500,
7201,
4646,
7201,
613,
2212,
8809,
13501,
2212,
13501,
7198,
8809,
2208,
8803,
8809,
8803,
13501,
13501,
8803,
769,
13501,
769,
7199,
7198,
13501,
7199,
7198,
7199,
1781,
1781,
7199,
13502,
1781,
13502,
7200,
7199,
769,
4966,
7199,
4966,
13502,
13502,
4966,
111,
13502,
111,
4976,
7200,
13502,
4976,
7200,
4976,
773,
613,
7201,
13503,
613,
13503,
4647,
7201,
1781,
7200,
7201,
7200,
13503,
13503,
7200,
773,
13503,
773,
4977,
4647,
13503,
4977,
4647,
4977,
110,
112,
4979,
13504,
112,
13504,
4964,
4979,
774,
7202,
4979,
7202,
13504,
13504,
7202,
1782,
13504,
1782,
7205,
4964,
13504,
7205,
4964,
7205,
768,
774,
4978,
13505,
774,
13505,
7202,
4978,
2856,
4619,
4978,
4619,
13505,
13505,
4619,
2910,
13505,
2910,
7203,
7202,
13505,
7203,
7202,
7203,
1782,
1782,
7203,
13506,
1782,
13506,
7204,
7203,
2910,
4618,
7203,
4618,
13506,
13506,
4618,
2861,
13506,
2861,
4954,
7204,
13506,
4954,
7204,
4954,
765,
768,
7205,
13507,
768,
13507,
4965,
7205,
1782,
7204,
7205,
7204,
13507,
13507,
7204,
765,
13507,
765,
4955,
4965,
13507,
4955,
4965,
4955,
109,
42,
4759,
13508,
42,
13508,
4999,
4759,
670,
7206,
4759,
7206,
13508,
13508,
7206,
1783,
13508,
1783,
7209,
4999,
13508,
7209,
4999,
7209,
784,
670,
4761,
13509,
670,
13509,
7206,
4761,
52,
4996,
4761,
4996,
13509,
13509,
4996,
783,
13509,
783,
7207,
7206,
13509,
7207,
7206,
7207,
1783,
1783,
7207,
13510,
1783,
13510,
7208,
7207,
783,
4997,
7207,
4997,
13510,
13510,
4997,
121,
13510,
121,
4995,
7208,
13510,
4995,
7208,
4995,
782,
784,
7209,
13511,
784,
13511,
4998,
7209,
1783,
7208,
7209,
7208,
13511,
13511,
7208,
782,
13511,
782,
4994,
4998,
13511,
4994,
4998,
4994,
116,
40,
4751,
13512,
40,
13512,
5003,
4751,
666,
7210,
4751,
7210,
13512,
13512,
7210,
1784,
13512,
1784,
7213,
5003,
13512,
7213,
5003,
7213,
786,
666,
4753,
13513,
666,
13513,
7210,
4753,
47,
5000,
4753,
5000,
13513,
13513,
5000,
785,
13513,
785,
7211,
7210,
13513,
7211,
7210,
7211,
1784,
1784,
7211,
13514,
1784,
13514,
7212,
7211,
785,
5001,
7211,
5001,
13514,
13514,
5001,
119,
13514,
119,
4991,
7212,
13514,
4991,
7212,
4991,
780,
786,
7213,
13515,
786,
13515,
5002,
7213,
1784,
7212,
7213,
7212,
13515,
13515,
7212,
780,
13515,
780,
4990,
5002,
13515,
4990,
5002,
4990,
115,
47,
4743,
13516,
47,
13516,
5000,
4743,
662,
7214,
4743,
7214,
13516,
13516,
7214,
1785,
13516,
1785,
7217,
5000,
13516,
7217,
5000,
7217,
785,
662,
4745,
13517,
662,
13517,
7214,
4745,
36,
5004,
4745,
5004,
13517,
13517,
5004,
787,
13517,
787,
7215,
7214,
13517,
7215,
7214,
7215,
1785,
1785,
7215,
13518,
1785,
13518,
7216,
7215,
787,
5005,
7215,
5005,
13518,
13518,
5005,
113,
13518,
113,
4987,
7216,
13518,
4987,
7216,
4987,
778,
785,
7217,
13519,
785,
13519,
5001,
7217,
1785,
7216,
7217,
7216,
13519,
13519,
7216,
778,
13519,
778,
4986,
5001,
13519,
4986,
5001,
4986,
119,
52,
4735,
13520,
52,
13520,
4996,
4735,
658,
7218,
4735,
7218,
13520,
13520,
7218,
1786,
13520,
1786,
7221,
4996,
13520,
7221,
4996,
7221,
783,
658,
4737,
13521,
658,
13521,
7218,
4737,
40,
5003,
4737,
5003,
13521,
13521,
5003,
786,
13521,
786,
7219,
7218,
13521,
7219,
7218,
7219,
1786,
1786,
7219,
13522,
1786,
13522,
7220,
7219,
786,
5002,
7219,
5002,
13522,
13522,
5002,
115,
13522,
115,
4983,
7220,
13522,
4983,
7220,
4983,
776,
783,
7221,
13523,
783,
13523,
4997,
7221,
1786,
7220,
7221,
7220,
13523,
13523,
7220,
776,
13523,
776,
4982,
4997,
13523,
4982,
4997,
4982,
121,
50,
4757,
13524,
50,
13524,
5009,
4757,
668,
7222,
4757,
7222,
13524,
13524,
7222,
1787,
13524,
1787,
7225,
5009,
13524,
7225,
5009,
7225,
789,
668,
4755,
13525,
668,
13525,
7222,
4755,
38,
5006,
4755,
5006,
13525,
13525,
5006,
788,
13525,
788,
7223,
7222,
13525,
7223,
7222,
7223,
1787,
1787,
7223,
13526,
1787,
13526,
7224,
7223,
788,
5007,
7223,
5007,
13526,
13526,
5007,
114,
13526,
114,
4992,
7224,
13526,
4992,
7224,
4992,
781,
789,
7225,
13527,
789,
13527,
5008,
7225,
1787,
7224,
7225,
7224,
13527,
13527,
7224,
781,
13527,
781,
4993,
5008,
13527,
4993,
5008,
4993,
120,
44,
4749,
13528,
44,
13528,
5012,
4749,
664,
7226,
4749,
7226,
13528,
13528,
7226,
1788,
13528,
1788,
7229,
5012,
13528,
7229,
5012,
7229,
790,
664,
4747,
13529,
664,
13529,
7226,
4747,
42,
4999,
4747,
4999,
13529,
13529,
4999,
784,
13529,
784,
7227,
7226,
13529,
7227,
7226,
7227,
1788,
1788,
7227,
13530,
1788,
13530,
7228,
7227,
784,
4998,
7227,
4998,
13530,
13530,
4998,
116,
13530,
116,
4988,
7228,
13530,
4988,
7228,
4988,
779,
790,
7229,
13531,
790,
13531,
5010,
7229,
1788,
7228,
7229,
7228,
13531,
13531,
7228,
779,
13531,
779,
4989,
5010,
13531,
4989,
5010,
4989,
117,
38,
4741,
13532,
38,
13532,
5006,
4741,
660,
7230,
4741,
7230,
13532,
13532,
7230,
1789,
13532,
1789,
7233,
5006,
13532,
7233,
5006,
7233,
788,
660,
4739,
13533,
660,
13533,
7230,
4739,
45,
5013,
4739,
5013,
13533,
13533,
5013,
791,
13533,
791,
7231,
7230,
13533,
7231,
7230,
7231,
1789,
1789,
7231,
13534,
1789,
13534,
7232,
7231,
791,
5011,
7231,
5011,
13534,
13534,
5011,
118,
13534,
118,
4984,
7232,
13534,
4984,
7232,
4984,
777,
788,
7233,
13535,
788,
13535,
5007,
7233,
1789,
7232,
7233,
7232,
13535,
13535,
7232,
777,
13535,
777,
4985,
5007,
13535,
4985,
5007,
4985,
114,
36,
4733,
13536,
36,
13536,
5004,
4733,
656,
7234,
4733,
7234,
13536,
13536,
7234,
1790,
13536,
1790,
7237,
5004,
13536,
7237,
5004,
7237,
787,
656,
4731,
13537,
656,
13537,
7234,
4731,
50,
5009,
4731,
5009,
13537,
13537,
5009,
789,
13537,
789,
7235,
7234,
13537,
7235,
7234,
7235,
1790,
1790,
7235,
13538,
1790,
13538,
7236,
7235,
789,
5008,
7235,
5008,
13538,
13538,
5008,
120,
13538,
120,
4980,
7236,
13538,
4980,
7236,
4980,
775,
787,
7237,
13539,
787,
13539,
5005,
7237,
1790,
7236,
7237,
7236,
13539,
13539,
7236,
775,
13539,
775,
4981,
5005,
13539,
4981,
5005,
4981,
113,
1515,
8736,
13540,
1515,
13540,
6466,
8736,
2181,
8735,
8736,
8735,
13540,
13540,
8735,
2097,
13540,
2097,
8412,
6466,
13540,
8412,
6466,
8412,
1520,
1504,
8492,
13541,
1504,
13541,
6490,
8492,
2120,
8491,
8492,
8491,
13541,
13541,
8491,
1791,
13541,
1791,
7239,
6490,
13541,
7239,
6490,
7239,
1533,
1791,
8457,
13542,
1791,
13542,
7239,
8457,
2112,
8460,
8457,
8460,
13542,
13542,
8460,
1523,
13542,
1523,
6489,
7239,
13542,
6489,
7239,
6489,
1533,
2111,
8461,
13543,
2111,
13543,
8454,
8461,
2113,
8464,
8461,
8464,
13543,
13543,
8464,
1530,
13543,
1530,
6483,
8454,
13543,
6483,
8454,
6483,
1010,
2120,
8490,
13544,
2120,
13544,
8491,
8490,
1528,
6480,
8490,
6480,
13544,
13544,
6480,
1182,
13544,
1182,
7238,
8491,
13544,
7238,
8491,
7238,
1791,
1501,
8488,
13545,
1501,
13545,
6488,
8488,
2119,
8487,
8488,
8487,
13545,
13545,
8487,
1792,
13545,
1792,
7241,
6488,
13545,
7241,
6488,
7241,
1532,
1792,
8440,
13546,
1792,
13546,
7241,
8440,
2107,
8443,
8440,
8443,
13546,
13546,
8443,
1521,
13546,
1521,
6487,
7241,
13546,
6487,
7241,
6487,
1532,
2106,
8469,
13547,
2106,
13547,
8437,
8469,
2115,
8472,
8469,
8472,
13547,
13547,
8472,
1185,
13547,
1185,
6469,
8437,
13547,
6469,
8437,
6469,
1522,
113,
4981,
13548,
113,
13548,
5770,
4981,
775,
7242,
4981,
7242,
13548,
13548,
7242,
1793,
13548,
1793,
7245,
5770,
13548,
7245,
5770,
7245,
1172,
775,
4980,
13549,
775,
13549,
7242,
4980,
120,
5772,
4980,
5772,
13549,
13549,
5772,
1173,
13549,
1173,
7243,
7242,
13549,
7243,
7242,
7243,
1793,
1793,
7243,
13550,
1793,
13550,
7244,
7243,
1173,
5773,
7243,
5773,
13550,
13550,
5773,
385,
13550,
385,
5723,
7244,
13550,
5723,
7244,
5723,
1147,
1172,
7245,
13551,
1172,
13551,
5771,
7245,
1793,
7244,
7245,
7244,
13551,
13551,
7244,
1147,
13551,
1147,
5722,
5771,
13551,
5722,
5771,
5722,
372,
1503,
6476,
13552,
1503,
13552,
8407,
6476,
1527,
8486,
6476,
8486,
13552,
13552,
8486,
2119,
13552,
2119,
8485,
8407,
13552,
8485,
8407,
8485,
2095,
1498,
8405,
13553,
1498,
13553,
6449,
8405,
2094,
8404,
8405,
8404,
13553,
13553,
8404,
1794,
13553,
1794,
7248,
6449,
13553,
7248,
6449,
7248,
1169,
1794,
7246,
13554,
1794,
13554,
7247,
7246,
1174,
5774,
7246,
5774,
13554,
13554,
5774,
383,
13554,
383,
5747,
7247,
13554,
5747,
7247,
5747,
1159,
1169,
7248,
13555,
1169,
13555,
5766,
7248,
1794,
7247,
7248,
7247,
13555,
13555,
7247,
1159,
13555,
1159,
5746,
5766,
13555,
5746,
5766,
5746,
371,
114,
4985,
13556,
114,
13556,
5778,
4985,
777,
7249,
4985,
7249,
13556,
13556,
7249,
1795,
13556,
1795,
7252,
5778,
13556,
7252,
5778,
7252,
1178,
777,
4984,
13557,
777,
13557,
7249,
4984,
118,
5781,
4984,
5781,
13557,
13557,
5781,
1180,
13557,
1180,
7250,
7249,
13557,
7250,
7249,
7250,
1795,
1795,
7250,
13558,
1795,
13558,
7251,
7250,
1180,
5783,
7250,
5783,
13558,
13558,
5783,
380,
13558,
380,
5741,
7251,
13558,
5741,
7251,
5741,
1156,
1178,
7252,
13559,
1178,
13559,
5779,
7252,
1795,
7251,
7252,
7251,
13559,
13559,
7251,
1156,
13559,
1156,
5740,
5779,
13559,
5740,
5779,
5740,
374,
2094,
8403,
13560,
2094,
13560,
8404,
8403,
1500,
6451,
8403,
6451,
13560,
13560,
6451,
1174,
13560,
1174,
7246,
8404,
13560,
7246,
8404,
7246,
1794,
1500,
8402,
13561,
1500,
13561,
6451,
8402,
2093,
8401,
8402,
8401,
13561,
13561,
8401,
1796,
13561,
1796,
7255,
6451,
13561,
7255,
6451,
7255,
1174,
1796,
7253,
13562,
1796,
13562,
7254,
7253,
1505,
6456,
7253,
6456,
13562,
13562,
6456,
376,
13562,
376,
5757,
7254,
13562,
5757,
7254,
5757,
1164,
1174,
7255,
13563,
1174,
13563,
5774,
7255,
1796,
7254,
7255,
7254,
13563,
13563,
7254,
1164,
13563,
1164,
5756,
5774,
13563,
5756,
5774,
5756,
383,
2093,
8400,
13564,
2093,
13564,
8401,
8400,
1528,
6479,
8400,
6479,
13564,
13564,
6479,
1505,
13564,
1505,
7253,
8401,
13564,
7253,
8401,
7253,
1796,
1529,
8399,
13565,
1529,
13565,
6481,
8399,
2092,
8398,
8399,
8398,
13565,
13565,
8398,
1797,
13565,
1797,
7258,
6481,
13565,
7258,
6481,
7258,
1506,
1797,
7256,
13566,
1797,
13566,
7257,
7256,
1502,
6453,
7256,
6453,
13566,
13566,
6453,
381,
13566,
381,
5751,
7257,
13566,
5751,
7257,
5751,
1161,
1506,
7258,
13567,
1506,
13567,
6457,
7258,
1797,
7257,
7258,
7257,
13567,
13567,
7257,
1161,
13567,
1161,
5750,
6457,
13567,
5750,
6457,
5750,
378,
491,
6214,
13568,
491,
13568,
6327,
6214,
467,
6235,
6214,
6235,
13568,
13568,
6235,
1400,
13568,
1400,
8200,
6327,
13568,
8200,
6327,
8200,
1439,
1668,
8766,
13569,
1668,
13569,
6842,
8766,
2188,
8765,
8766,
8765,
13569,
13569,
8765,
1798,
13569,
1798,
7260,
6842,
13569,
7260,
6842,
7260,
1690,
1511,
8559,
13570,
1511,
13570,
6458,
8559,
2137,
8558,
8559,
8558,
13570,
13570,
8558,
2101,
13570,
2101,
8423,
6458,
13570,
8423,
6458,
8423,
1516,
1508,
8422,
13571,
1508,
13571,
6839,
8422,
2100,
8421,
8422,
8421,
13571,
13571,
8421,
1798,
13571,
1798,
7259,
6839,
13571,
7259,
6839,
7259,
1689,
2188,
8764,
13572,
2188,
13572,
8765,
8764,
1667,
6840,
8764,
6840,
13572,
13572,
6840,
1689,
13572,
1689,
7259,
8765,
13572,
7259,
8765,
7259,
1798,
1669,
8762,
13573,
1669,
13573,
6844,
8762,
2187,
8761,
8762,
8761,
13573,
13573,
8761,
1799,
13573,
1799,
7262,
6844,
13573,
7262,
6844,
7262,
1691,
2100,
8420,
13574,
2100,
13574,
8421,
8420,
1509,
6841,
8420,
6841,
13574,
13574,
6841,
1690,
13574,
1690,
7260,
8421,
13574,
7260,
8421,
7260,
1798,
1520,
8419,
13575,
1520,
13575,
6466,
8419,
2099,
8418,
8419,
8418,
13575,
13575,
8418,
1799,
13575,
1799,
7261,
6466,
13575,
7261,
6466,
7261,
1515,
2187,
8760,
13576,
2187,
13576,
8761,
8760,
1687,
6836,
8760,
6836,
13576,
13576,
6836,
1515,
13576,
1515,
7261,
8761,
13576,
7261,
8761,
7261,
1799,
1686,
8758,
13577,
1686,
13577,
6834,
8758,
2186,
8757,
8758,
8757,
13577,
13577,
8757,
1800,
13577,
1800,
7264,
6834,
13577,
7264,
6834,
7264,
1514,
2099,
8417,
13578,
2099,
13578,
8418,
8417,
1510,
6843,
8417,
6843,
13578,
13578,
6843,
1691,
13578,
1691,
7262,
8418,
13578,
7262,
8418,
7262,
1799,
1510,
8416,
13579,
1510,
13579,
6843,
8416,
2098,
8415,
8416,
8415,
13579,
13579,
8415,
1800,
13579,
1800,
7263,
6843,
13579,
7263,
6843,
7263,
1691,
588,
6820,
13580,
588,
13580,
5452,
6820,
1679,
7265,
6820,
7265,
13580,
13580,
7265,
1801,
13580,
1801,
7268,
5452,
13580,
7268,
5452,
7268,
1005,
1679,
6819,
13581,
1679,
13581,
7265,
6819,
594,
6810,
6819,
6810,
13581,
13581,
6810,
1674,
13581,
1674,
7266,
7265,
13581,
7266,
7265,
7266,
1801,
1801,
7266,
13582,
1801,
13582,
7267,
7266,
1674,
6809,
7266,
6809,
13582,
13582,
6809,
126,
13582,
126,
5401,
7267,
13582,
5401,
7267,
5401,
976,
1005,
7268,
13583,
1005,
13583,
5453,
7268,
1801,
7267,
7268,
7267,
13583,
13583,
7267,
976,
13583,
976,
5399,
5453,
13583,
5399,
5453,
5399,
439,
2186,
8756,
13584,
2186,
13584,
8757,
8756,
1669,
6844,
8756,
6844,
13584,
13584,
6844,
1691,
13584,
1691,
7263,
8757,
13584,
7263,
8757,
7263,
1800,
1666,
8754,
13585,
1666,
13585,
6838,
8754,
2185,
8753,
8754,
8753,
13585,
13585,
8753,
1802,
13585,
1802,
7270,
6838,
13585,
7270,
6838,
7270,
1688,
2181,
8736,
13586,
2181,
13586,
8737,
8736,
1515,
6836,
8736,
6836,
13586,
13586,
6836,
1687,
13586,
1687,
8720,
8737,
13586,
8720,
8737,
8720,
2177,
1516,
8433,
13587,
1516,
13587,
6458,
8433,
2104,
8432,
8433,
8432,
13587,
13587,
8432,
1802,
13587,
1802,
7269,
6458,
13587,
7269,
6458,
7269,
1511,
2185,
8752,
13588,
2185,
13588,
8753,
8752,
1683,
6828,
8752,
6828,
13588,
13588,
6828,
1511,
13588,
1511,
7269,
8753,
13588,
7269,
8753,
7269,
1802,
1667,
8750,
13589,
1667,
13589,
6840,
8750,
2184,
8749,
8750,
8749,
13589,
13589,
8749,
1803,
13589,
1803,
7272,
6840,
13589,
7272,
6840,
7272,
1689,
2104,
8431,
13590,
2104,
13590,
8432,
8431,
1507,
6837,
8431,
6837,
13590,
13590,
6837,
1688,
13590,
1688,
7270,
8432,
13590,
7270,
8432,
7270,
1802,
1517,
8430,
13591,
1517,
13591,
6460,
8430,
2103,
8429,
8430,
8429,
13591,
13591,
8429,
1803,
13591,
1803,
7271,
6460,
13591,
7271,
6460,
7271,
1512,
2184,
8748,
13592,
2184,
13592,
8749,
8748,
1684,
6831,
8748,
6831,
13592,
13592,
6831,
1512,
13592,
1512,
7271,
8749,
13592,
7271,
8749,
7271,
1803,
1685,
8746,
13593,
1685,
13593,
6832,
8746,
2183,
8745,
8746,
8745,
13593,
13593,
8745,
1804,
13593,
1804,
7274,
6832,
13593,
7274,
6832,
7274,
1513,
2103,
8428,
13594,
2103,
13594,
8429,
8428,
1508,
6839,
8428,
6839,
13594,
13594,
6839,
1689,
13594,
1689,
7272,
8429,
13594,
7272,
8429,
7272,
1803,
1507,
8427,
13595,
1507,
13595,
6837,
8427,
2102,
8426,
8427,
8426,
13595,
13595,
8426,
1804,
13595,
1804,
7273,
6837,
13595,
7273,
6837,
7273,
1688,
155,
5442,
13596,
155,
13596,
5076,
5442,
999,
7275,
5442,
7275,
13596,
13596,
7275,
1805,
13596,
1805,
7278,
5076,
13596,
7278,
5076,
7278,
823,
999,
5440,
13597,
999,
13597,
7275,
5440,
240,
5370,
5440,
5370,
13597,
13597,
5370,
961,
13597,
961,
7276,
7275,
13597,
7276,
7275,
7276,
1805,
1805,
7276,
13598,
1805,
13598,
7277,
7276,
961,
5371,
7276,
5371,
13598,
13598,
5371,
242,
13598,
242,
5359,
7277,
13598,
5359,
7277,
5359,
955,
823,
7278,
13599,
823,
13599,
5077,
7278,
1805,
7277,
7278,
7277,
13599,
13599,
7277,
955,
13599,
955,
5358,
5077,
13599,
5358,
5077,
5358,
442,
124,
5020,
13600,
124,
13600,
5410,
5020,
795,
7279,
5020,
7279,
13600,
13600,
7279,
1806,
13600,
1806,
7282,
5410,
13600,
7282,
5410,
7282,
982,
795,
5019,
13601,
795,
13601,
7279,
5019,
133,
5430,
5019,
5430,
13601,
13601,
5430,
994,
13601,
994,
7280,
7279,
13601,
7280,
7279,
7280,
1806,
1806,
7280,
13602,
1806,
13602,
7281,
7280,
994,
5432,
7280,
5432,
13602,
13602,
5432,
250,
13602,
250,
5389,
7281,
13602,
5389,
7281,
5389,
970,
982,
7282,
13603,
982,
13603,
5411,
7282,
1806,
7281,
7282,
7281,
13603,
13603,
7281,
970,
13603,
970,
5388,
5411,
13603,
5388,
5411,
5388,
251,
135,
5038,
13604,
135,
13604,
6597,
5038,
804,
7283,
5038,
7283,
13604,
13604,
7283,
1807,
13604,
1807,
7285,
6597,
13604,
7285,
6597,
7285,
1583,
138,
5044,
13605,
138,
13605,
5039,
5044,
807,
7284,
5044,
7284,
13605,
13605,
7284,
1807,
13605,
1807,
7283,
5039,
13605,
7283,
5039,
7283,
804,
140,
6598,
13606,
140,
13606,
5045,
6598,
1583,
7285,
6598,
7285,
13606,
13606,
7285,
1807,
13606,
1807,
7284,
5045,
13606,
7284,
5045,
7284,
807,
132,
5029,
13607,
132,
13607,
5429,
5029,
799,
7286,
5029,
7286,
13607,
13607,
7286,
1808,
13607,
1808,
7289,
5429,
13607,
7289,
5429,
7289,
993,
799,
5027,
13608,
799,
13608,
7286,
5027,
128,
5422,
5027,
5422,
13608,
13608,
5422,
988,
13608,
988,
7287,
7286,
13608,
7287,
7286,
7287,
1808,
1808,
7287,
13609,
1808,
13609,
7288,
7287,
988,
5421,
7287,
5421,
13609,
13609,
5421,
254,
13609,
254,
5393,
7288,
13609,
5393,
7288,
5393,
972,
993,
7289,
13610,
993,
13610,
5431,
7289,
1808,
7288,
7289,
7288,
13610,
13610,
7288,
972,
13610,
972,
5392,
5431,
13610,
5392,
5431,
5392,
249,
453,
6593,
13611,
453,
13611,
6600,
6593,
1581,
7290,
6593,
7290,
13611,
13611,
7290,
1809,
13611,
1809,
7292,
6600,
13611,
7292,
6600,
7292,
1584,
438,
5398,
13612,
438,
13612,
6594,
5398,
975,
7291,
5398,
7291,
13612,
13612,
7291,
1809,
13612,
1809,
7290,
6594,
13612,
7290,
6594,
7290,
1581,
127,
6599,
13613,
127,
13613,
5400,
6599,
1584,
7292,
6599,
7292,
13613,
13613,
7292,
1809,
13613,
1809,
7291,
5400,
13613,
7291,
5400,
7291,
975,
252,
5395,
13614,
252,
13614,
5416,
5395,
973,
7293,
5395,
7293,
13614,
13614,
7293,
1810,
13614,
1810,
7296,
5416,
13614,
7296,
5416,
7296,
985,
973,
5394,
13615,
973,
13615,
7293,
5394,
248,
5423,
5394,
5423,
13615,
13615,
5423,
989,
13615,
989,
7294,
7293,
13615,
7294,
7293,
7294,
1810,
1810,
7294,
13616,
1810,
13616,
7295,
7294,
989,
5424,
7294,
5424,
13616,
13616,
5424,
140,
13616,
140,
5045,
7295,
13616,
5045,
7295,
5045,
807,
985,
7296,
13617,
985,
13617,
5418,
7296,
1810,
7295,
7296,
7295,
13617,
13617,
7295,
807,
13617,
807,
5044,
5418,
13617,
5044,
5418,
5044,
138,
247,
5391,
13618,
247,
13618,
6563,
5391,
971,
7297,
5391,
7297,
13618,
13618,
7297,
1811,
13618,
1811,
7300,
6563,
13618,
7300,
6563,
7300,
1566,
971,
5390,
13619,
971,
13619,
7297,
5390,
253,
5417,
5390,
5417,
13619,
13619,
5417,
986,
13619,
986,
7298,
7297,
13619,
7298,
7297,
7298,
1811,
1811,
7298,
13620,
1811,
13620,
7299,
7298,
986,
5419,
7298,
5419,
13620,
13620,
5419,
139,
13620,
139,
5043,
7299,
13620,
5043,
7299,
5043,
806,
1566,
7300,
13621,
1566,
13621,
6564,
7300,
1811,
7299,
7300,
7299,
13621,
13621,
7299,
806,
13621,
806,
5042,
6564,
13621,
5042,
6564,
5042,
540,
128,
5384,
13622,
128,
13622,
5422,
5384,
968,
7301,
5384,
7301,
13622,
13622,
7301,
1812,
13622,
1812,
7304,
5422,
13622,
7304,
5422,
7304,
988,
968,
5386,
13623,
968,
13623,
7301,
5386,
438,
6591,
5386,
6591,
13623,
13623,
6591,
1580,
13623,
1580,
7302,
7301,
13623,
7302,
7301,
7302,
1812,
1812,
7302,
13624,
1812,
13624,
7303,
7302,
1580,
6592,
7302,
6592,
13624,
13624,
6592,
452,
13624,
452,
6130,
7303,
13624,
6130,
7303,
6130,
1352,
988,
7304,
13625,
988,
13625,
5421,
7304,
1812,
7303,
7304,
7303,
13625,
13625,
7303,
1352,
13625,
1352,
6131,
5421,
13625,
6131,
5421,
6131,
254,
137,
5049,
13626,
137,
13626,
6577,
5049,
809,
7305,
5049,
7305,
13626,
13626,
7305,
1813,
13626,
1813,
7307,
6577,
13626,
7307,
6577,
7307,
1573,
142,
5040,
13627,
142,
13627,
5048,
5040,
805,
7306,
5040,
7306,
13627,
13627,
7306,
1813,
13627,
1813,
7305,
5048,
13627,
7305,
5048,
7305,
809,
141,
6578,
13628,
141,
13628,
5041,
6578,
1573,
7307,
6578,
7307,
13628,
13628,
7307,
1813,
13628,
1813,
7306,
5041,
13628,
7306,
5041,
7306,
805,
127,
5031,
13629,
127,
13629,
5047,
5031,
801,
7308,
5031,
7308,
13629,
13629,
7308,
1814,
13629,
1814,
7310,
5047,
13629,
7310,
5047,
7310,
808,
135,
6597,
13630,
135,
13630,
5033,
6597,
1583,
7309,
6597,
7309,
13630,
13630,
7309,
1814,
13630,
1814,
7308,
5033,
13630,
7308,
5033,
7308,
801,
140,
5046,
13631,
140,
13631,
6598,
5046,
808,
7310,
5046,
7310,
13631,
13631,
7310,
1814,
13631,
1814,
7309,
6598,
13631,
7309,
6598,
7309,
1583,
124,
5410,
13632,
124,
13632,
6128,
5410,
982,
7311,
5410,
7311,
13632,
13632,
7311,
1815,
13632,
1815,
7314,
6128,
13632,
7314,
6128,
7314,
1351,
982,
5411,
13633,
982,
13633,
7311,
5411,
251,
5397,
5411,
5397,
13633,
13633,
5397,
974,
13633,
974,
7312,
7311,
13633,
7312,
7311,
7312,
1815,
1815,
7312,
13634,
1815,
13634,
7313,
7312,
974,
5396,
7312,
5396,
13634,
13634,
5396,
246,
13634,
246,
5408,
7313,
13634,
5408,
7313,
5408,
980,
1351,
7314,
13635,
1351,
13635,
6129,
7314,
1815,
7313,
7314,
7313,
13635,
13635,
7313,
980,
13635,
980,
5407,
6129,
13635,
5407,
6129,
5407,
142,
543,
6618,
13636,
543,
13636,
5706,
6618,
1593,
7315,
6618,
7315,
13636,
13636,
7315,
1816,
13636,
1816,
7318,
5706,
13636,
7318,
5706,
7318,
1139,
1593,
6617,
13637,
1593,
13637,
7315,
6617,
545,
5710,
6617,
5710,
13637,
13637,
5710,
1141,
13637,
1141,
7316,
7315,
13637,
7316,
7315,
7316,
1816,
1816,
7316,
13638,
1816,
13638,
7317,
7316,
1141,
5711,
7316,
5711,
13638,
13638,
5711,
144,
13638,
144,
5188,
7317,
13638,
5188,
7317,
5188,
879,
1139,
7318,
13639,
1139,
13639,
5708,
7318,
1816,
7317,
7318,
7317,
13639,
13639,
7317,
879,
13639,
879,
5189,
5708,
13639,
5189,
5708,
5189,
145,
191,
5055,
13640,
191,
13640,
5057,
5055,
812,
7319,
5055,
7319,
13640,
13640,
7319,
1817,
13640,
1817,
7322,
5057,
13640,
7322,
5057,
7322,
813,
812,
5054,
13641,
812,
13641,
7319,
5054,
146,
5069,
5054,
5069,
13641,
13641,
5069,
820,
13641,
820,
7320,
7319,
13641,
7320,
7319,
7320,
1817,
1817,
7320,
13642,
1817,
13642,
7321,
7320,
820,
5071,
7320,
5071,
13642,
13642,
5071,
149,
13642,
149,
5065,
7321,
13642,
5065,
7321,
5065,
817,
813,
7322,
13643,
813,
13643,
5056,
7322,
1817,
7321,
7322,
7321,
13643,
13643,
7321,
817,
13643,
817,
5063,
5056,
13643,
5063,
5056,
5063,
151,
545,
6616,
13644,
545,
13644,
5710,
6616,
1592,
7323,
6616,
7323,
13644,
13644,
7323,
1818,
13644,
1818,
7326,
5710,
13644,
7326,
5710,
7326,
1141,
1592,
6615,
13645,
1592,
13645,
7323,
6615,
546,
5712,
6615,
5712,
13645,
13645,
5712,
1142,
13645,
1142,
7324,
7323,
13645,
7324,
7323,
7324,
1818,
1818,
7324,
13646,
1818,
13646,
7325,
7324,
1142,
5713,
7324,
5713,
13646,
13646,
5713,
143,
13646,
143,
5190,
7325,
13646,
5190,
7325,
5190,
880,
1141,
7326,
13647,
1141,
13647,
5711,
7326,
1818,
7325,
7326,
7325,
13647,
13647,
7325,
880,
13647,
880,
5191,
5711,
13647,
5191,
5711,
5191,
144,
145,
5189,
13648,
145,
13648,
5068,
5189,
879,
7327,
5189,
7327,
13648,
13648,
7327,
1819,
13648,
1819,
7330,
5068,
13648,
7330,
5068,
7330,
819,
879,
5188,
13649,
879,
13649,
7327,
5188,
144,
5072,
5188,
5072,
13649,
13649,
5072,
821,
13649,
821,
7328,
7327,
13649,
7328,
7327,
7328,
1819,
1819,
7328,
13650,
1819,
13650,
7329,
7328,
821,
5073,
7328,
5073,
13650,
13650,
5073,
147,
13650,
147,
5058,
7329,
13650,
5058,
7329,
5058,
814,
819,
7330,
13651,
819,
13651,
5070,
7330,
1819,
7329,
7330,
7329,
13651,
13651,
7329,
814,
13651,
814,
5059,
5070,
13651,
5059,
5070,
5059,
148,
144,
5191,
13652,
144,
13652,
5072,
5191,
880,
7331,
5191,
7331,
13652,
13652,
7331,
1820,
13652,
1820,
7334,
5072,
13652,
7334,
5072,
7334,
821,
880,
5190,
13653,
880,
13653,
7331,
5190,
143,
5074,
5190,
5074,
13653,
13653,
5074,
822,
13653,
822,
7332,
7331,
13653,
7332,
7331,
7332,
1820,
1820,
7332,
13654,
1820,
13654,
7333,
7332,
822,
5075,
7332,
5075,
13654,
13654,
5075,
150,
13654,
150,
5066,
7333,
13654,
5066,
7333,
5066,
818,
821,
7334,
13655,
821,
13655,
5073,
7334,
1820,
7333,
7334,
7333,
13655,
13655,
7333,
818,
13655,
818,
5067,
5073,
13655,
5067,
5073,
5067,
147,
143,
5053,
13656,
143,
13656,
5074,
5053,
811,
7335,
5053,
7335,
13656,
13656,
7335,
1821,
13656,
1821,
7338,
5074,
13656,
7338,
5074,
7338,
822,
811,
5052,
13657,
811,
13657,
7335,
5052,
191,
5057,
5052,
5057,
13657,
13657,
5057,
813,
13657,
813,
7336,
7335,
13657,
7336,
7335,
7336,
1821,
1821,
7336,
13658,
1821,
13658,
7337,
7336,
813,
5056,
7336,
5056,
13658,
13658,
5056,
151,
13658,
151,
5061,
7337,
13658,
5061,
7337,
5061,
815,
822,
7338,
13659,
822,
13659,
5075,
7338,
1821,
7337,
7338,
7337,
13659,
13659,
7337,
815,
13659,
815,
5060,
5075,
13659,
5060,
5075,
5060,
150,
148,
5059,
13660,
148,
13660,
5064,
5059,
814,
7339,
5059,
7339,
13660,
13660,
7339,
1822,
13660,
1822,
7342,
5064,
13660,
7342,
5064,
7342,
816,
814,
5058,
13661,
814,
13661,
7339,
5058,
147,
5067,
5058,
5067,
13661,
13661,
5067,
818,
13661,
818,
7340,
7339,
13661,
7340,
7339,
7340,
1822,
1822,
7340,
13662,
1822,
13662,
7341,
7340,
818,
5066,
7340,
5066,
13662,
13662,
5066,
150,
13662,
150,
5060,
7341,
13662,
5060,
7341,
5060,
815,
816,
7342,
13663,
816,
13663,
5062,
7342,
1822,
7341,
7342,
7341,
13663,
13663,
7341,
815,
13663,
815,
5061,
5062,
13663,
5061,
5062,
5061,
151,
246,
5383,
13664,
246,
13664,
6571,
5383,
967,
7343,
5383,
7343,
13664,
13664,
7343,
1823,
13664,
1823,
7345,
6571,
13664,
7345,
6571,
7345,
1570,
247,
6565,
13665,
247,
13665,
5382,
6565,
1567,
7344,
6565,
7344,
13665,
13665,
7344,
1823,
13665,
1823,
7343,
5382,
13665,
7343,
5382,
7343,
967,
541,
6572,
13666,
541,
13666,
6566,
6572,
1570,
7345,
6572,
7345,
13666,
13666,
7345,
1823,
13666,
1823,
7344,
6566,
13666,
7344,
6566,
7344,
1567,
244,
5369,
13667,
244,
13667,
5412,
5369,
960,
7346,
5369,
7346,
13667,
13667,
7346,
1824,
13667,
1824,
7349,
5412,
13667,
7349,
5412,
7349,
983,
960,
5368,
13668,
960,
13668,
7346,
5368,
243,
5093,
5368,
5093,
13668,
13668,
5093,
831,
13668,
831,
7347,
7346,
13668,
7347,
7346,
7347,
1824,
1824,
7347,
13669,
1824,
13669,
7348,
7347,
831,
5092,
7347,
5092,
13669,
13669,
5092,
248,
13669,
248,
5394,
7348,
13669,
5394,
7348,
5394,
973,
983,
7349,
13670,
983,
13670,
5414,
7349,
1824,
7348,
7349,
7348,
13670,
13670,
7348,
973,
13670,
973,
5395,
5414,
13670,
5395,
5414,
5395,
252,
242,
5371,
13671,
242,
13671,
5425,
5371,
961,
7350,
5371,
7350,
13671,
13671,
7350,
1825,
13671,
1825,
7353,
5425,
13671,
7353,
5425,
7353,
990,
961,
5370,
13672,
961,
13672,
7350,
5370,
240,
5356,
5370,
5356,
13672,
13672,
5356,
953,
13672,
953,
7351,
7350,
13672,
7351,
7350,
7351,
1825,
1825,
7351,
13673,
1825,
13673,
7352,
7351,
953,
5354,
7351,
5354,
13673,
13673,
5354,
249,
13673,
249,
5392,
7352,
13673,
5392,
7352,
5392,
972,
990,
7353,
13674,
990,
13674,
5426,
7353,
1825,
7352,
7353,
7352,
13674,
13674,
7352,
972,
13674,
972,
5393,
5426,
13674,
5393,
5426,
5393,
254,
2239,
6127,
13675,
2239,
13675,
8891,
6127,
1350,
7354,
6127,
7354,
13675,
13675,
7354,
1826,
13675,
1826,
7356,
8891,
13675,
7356,
8891,
7356,
2240,
1350,
8903,
13676,
1350,
13676,
7354,
8903,
441,
5084,
8903,
5084,
13676,
13676,
5084,
827,
13676,
827,
8904,
7354,
13676,
8904,
7354,
8904,
1826,
2240,
7356,
13677,
2240,
13677,
8890,
7356,
1826,
7355,
7356,
7355,
13677,
13677,
7355,
995,
13677,
995,
5433,
8890,
13677,
5433,
8890,
5433,
2233,
238,
5353,
13678,
238,
13678,
5378,
5353,
952,
7357,
5353,
7357,
13678,
13678,
7357,
1827,
13678,
1827,
7360,
5378,
13678,
7360,
5378,
7360,
965,
952,
5352,
13679,
952,
13679,
7357,
5352,
454,
6119,
5352,
6119,
13679,
13679,
6119,
1344,
13679,
1344,
7358,
7357,
13679,
7358,
7357,
7358,
1827,
1827,
7358,
13680,
1827,
13680,
7359,
7358,
1344,
6120,
7358,
6120,
13680,
13680,
6120,
453,
13680,
453,
5088,
7359,
13680,
5088,
7359,
5088,
829,
965,
7360,
13681,
965,
13681,
5379,
7360,
1827,
7359,
7360,
7359,
13681,
13681,
7359,
829,
13681,
829,
5089,
5379,
13681,
5089,
5379,
5089,
237,
246,
6102,
13682,
246,
13682,
5383,
6102,
1335,
7361,
6102,
7361,
13682,
13682,
7361,
1828,
13682,
1828,
7364,
5383,
13682,
7364,
5383,
7364,
967,
1335,
6103,
13683,
1335,
13683,
7361,
6103,
450,
5376,
6103,
5376,
13683,
13683,
5376,
964,
13683,
964,
7362,
7361,
13683,
7362,
7361,
7362,
1828,
1828,
7362,
13684,
1828,
13684,
7363,
7362,
964,
5377,
7362,
5377,
13684,
13684,
5377,
451,
13684,
451,
5402,
7363,
13684,
5402,
7363,
5402,
977,
967,
7364,
13685,
967,
13685,
5382,
7364,
1828,
7363,
7364,
7363,
13685,
13685,
7363,
977,
13685,
977,
5403,
5382,
13685,
5403,
5382,
5403,
247,
246,
5396,
13686,
246,
13686,
6102,
5396,
974,
7365,
5396,
7365,
13686,
13686,
7365,
1829,
13686,
1829,
7368,
6102,
13686,
7368,
6102,
7368,
1335,
974,
5397,
13687,
974,
13687,
7365,
5397,
251,
6112,
5397,
6112,
13687,
13687,
6112,
1340,
13687,
1340,
7366,
7365,
13687,
7366,
7365,
7366,
1829,
1829,
7366,
13688,
1829,
13688,
7367,
7366,
1340,
6113,
7366,
6113,
13688,
13688,
6113,
449,
13688,
449,
5374,
7367,
13688,
5374,
7367,
5374,
963,
1335,
7368,
13689,
1335,
13689,
6103,
7368,
1829,
7367,
7368,
7367,
13689,
13689,
7367,
963,
13689,
963,
5375,
6103,
13689,
5375,
6103,
5375,
450,
241,
5381,
13690,
241,
13690,
5357,
5381,
966,
7369,
5381,
7369,
13690,
13690,
7369,
1830,
13690,
1830,
7372,
5357,
13690,
7372,
5357,
7372,
954,
966,
5380,
13691,
966,
13691,
7369,
5380,
449,
6113,
5380,
6113,
13691,
13691,
6113,
1340,
13691,
1340,
7370,
7369,
13691,
7370,
7369,
7370,
1830,
1830,
7370,
13692,
1830,
13692,
7371,
7370,
1340,
6112,
7370,
6112,
13692,
13692,
6112,
251,
13692,
251,
5388,
7371,
13692,
5388,
7371,
5388,
970,
954,
7372,
13693,
954,
13693,
5355,
7372,
1830,
7371,
7372,
7371,
13693,
13693,
7371,
970,
13693,
970,
5389,
5355,
13693,
5389,
5355,
5389,
250,
450,
5438,
13694,
450,
13694,
5376,
5438,
998,
7373,
5438,
7373,
13694,
13694,
7373,
1831,
13694,
1831,
7376,
5376,
13694,
7376,
5376,
7376,
964,
998,
5439,
13695,
998,
13695,
7373,
5439,
159,
5078,
5439,
5078,
13695,
13695,
5078,
824,
13695,
824,
7374,
7373,
13695,
7374,
7373,
7374,
1831,
1831,
7374,
13696,
1831,
13696,
7375,
7374,
824,
5079,
7374,
5079,
13696,
13696,
5079,
154,
13696,
154,
6106,
7375,
13696,
6106,
7375,
6106,
1337,
964,
7376,
13697,
964,
13697,
5377,
7376,
1831,
7375,
7376,
7375,
13697,
13697,
7375,
1337,
13697,
1337,
6107,
5377,
13697,
6107,
5377,
6107,
451,
2230,
8852,
13698,
2230,
13698,
8889,
8852,
987,
7377,
8852,
7377,
13698,
13698,
7377,
1832,
13698,
1832,
7379,
8889,
13698,
7379,
8889,
7379,
2241,
1826,
8904,
13699,
1826,
13699,
7355,
8904,
827,
5085,
8904,
5085,
13699,
13699,
5085,
154,
13699,
154,
8897,
7355,
13699,
8897,
7355,
8897,
995,
987,
8894,
13700,
987,
13700,
7377,
8894,
157,
5082,
8894,
5082,
13700,
13700,
5082,
826,
13700,
826,
8905,
7377,
13700,
8905,
7377,
8905,
1832,
2241,
7379,
13701,
2241,
13701,
8888,
7379,
1832,
7378,
7379,
7378,
13701,
13701,
7378,
1349,
13701,
1349,
6126,
8888,
13701,
6126,
8888,
6126,
2238,
1832,
8905,
13702,
1832,
13702,
7378,
8905,
826,
5083,
8905,
5083,
13702,
13702,
5083,
440,
13702,
440,
8902,
7378,
13702,
8902,
7378,
8902,
1349,
2228,
5404,
13703,
2228,
13703,
8887,
5404,
160,
5094,
5404,
5094,
13703,
13703,
5094,
832,
13703,
832,
8864,
8887,
13703,
8864,
8887,
8864,
2242,
2242,
8864,
13704,
2242,
13704,
8886,
8864,
832,
5095,
8864,
5095,
13704,
13704,
5095,
161,
13704,
161,
8855,
8886,
13704,
8855,
8886,
8855,
2233,
159,
8892,
13705,
159,
13705,
5078,
8892,
978,
7380,
8892,
7380,
13705,
13705,
7380,
1833,
13705,
1833,
8906,
5078,
13705,
8906,
5078,
8906,
824,
2237,
6125,
13706,
2237,
13706,
8885,
6125,
1348,
7383,
6125,
7383,
13706,
13706,
7383,
1834,
13706,
1834,
7385,
8885,
13706,
7385,
8885,
7385,
2243,
824,
8906,
13707,
824,
13707,
5079,
8906,
1833,
7382,
8906,
7382,
13707,
13707,
7382,
995,
13707,
995,
8897,
5079,
13707,
8897,
5079,
8897,
154,
1348,
8901,
13708,
1348,
13708,
7383,
8901,
443,
6140,
8901,
6140,
13708,
13708,
6140,
1357,
13708,
1357,
8907,
7383,
13708,
8907,
7383,
8907,
1834,
2243,
7385,
13709,
2243,
13709,
8884,
7385,
1834,
7384,
7385,
7384,
13709,
13709,
7384,
1343,
13709,
1343,
8856,
8884,
13709,
8856,
8884,
8856,
2234,
547,
6614,
13710,
547,
13710,
6610,
6614,
1591,
7386,
6614,
7386,
13710,
13710,
7386,
1835,
13710,
1835,
7389,
6610,
13710,
7389,
6610,
7389,
1589,
1591,
6613,
13711,
1591,
13711,
7386,
6613,
544,
5707,
6613,
5707,
13711,
13711,
5707,
1140,
13711,
1140,
7387,
7386,
13711,
7387,
7386,
7387,
1835,
1835,
7387,
13712,
1835,
13712,
7388,
7387,
1140,
5709,
7387,
5709,
13712,
13712,
5709,
146,
13712,
146,
5054,
7388,
13712,
5054,
7388,
5054,
812,
1589,
7389,
13713,
1589,
13713,
6609,
7389,
1835,
7388,
7389,
7388,
13713,
13713,
7388,
812,
13713,
812,
5055,
6609,
13713,
5055,
6609,
5055,
191,
242,
6139,
13714,
242,
13714,
5359,
6139,
1356,
7390,
6139,
7390,
13714,
13714,
7390,
1836,
13714,
1836,
7393,
5359,
13714,
7393,
5359,
7393,
955,
1356,
6138,
13715,
1356,
13715,
7390,
6138,
239,
5091,
6138,
5091,
13715,
13715,
5091,
830,
13715,
830,
7391,
7390,
13715,
7391,
7390,
7391,
1836,
1836,
7391,
13716,
1836,
13716,
7392,
7391,
830,
5090,
7391,
5090,
13716,
13716,
5090,
443,
13716,
443,
6110,
7392,
13716,
6110,
7392,
6110,
1339,
955,
7393,
13717,
955,
13717,
5358,
7393,
1836,
7392,
7393,
7392,
13717,
13717,
7392,
1339,
13717,
1339,
6111,
5358,
13717,
6111,
5358,
6111,
442,
153,
5445,
13718,
153,
13718,
5080,
5445,
1001,
7394,
5445,
7394,
13718,
13718,
7394,
1837,
13718,
1837,
7397,
5080,
13718,
7397,
5080,
7397,
825,
1001,
5444,
13719,
1001,
13719,
7394,
5444,
238,
5378,
5444,
5378,
13719,
13719,
5378,
965,
13719,
965,
7395,
7394,
13719,
7395,
7394,
7395,
1837,
1837,
7395,
13720,
1837,
13720,
7396,
7395,
965,
5379,
7395,
5379,
13720,
13720,
5379,
237,
13720,
237,
5436,
7396,
13720,
5436,
7396,
5436,
997,
825,
7397,
13721,
825,
13721,
5081,
7397,
1837,
7396,
7397,
7396,
13721,
13721,
7396,
997,
13721,
997,
5437,
5081,
13721,
5437,
5081,
5437,
152,
157,
5435,
13722,
157,
13722,
5082,
5435,
996,
7398,
5435,
7398,
13722,
13722,
7398,
1838,
13722,
1838,
7401,
5082,
13722,
7401,
5082,
7401,
826,
996,
5434,
13723,
996,
13723,
7398,
5434,
243,
5368,
5434,
5368,
13723,
13723,
5368,
960,
13723,
960,
7399,
7398,
13723,
7399,
7398,
7399,
1838,
1838,
7399,
13724,
1838,
13724,
7400,
7399,
960,
5369,
7399,
5369,
13724,
13724,
5369,
244,
13724,
244,
5362,
7400,
13724,
5362,
7400,
5362,
956,
826,
7401,
13725,
826,
13725,
5083,
7401,
1838,
7400,
7401,
7400,
13725,
13725,
7400,
956,
13725,
956,
5360,
5083,
13725,
5360,
5083,
5360,
440,
441,
5361,
13726,
441,
13726,
5084,
5361,
957,
7402,
5361,
7402,
13726,
13726,
7402,
1839,
13726,
1839,
7405,
5084,
13726,
7405,
5084,
7405,
827,
957,
5363,
13727,
957,
13727,
7402,
5363,
245,
6142,
5363,
6142,
13727,
13727,
6142,
1358,
13727,
1358,
7403,
7402,
13727,
7403,
7402,
7403,
1839,
1839,
7403,
13728,
1839,
13728,
7404,
7403,
1358,
6143,
7403,
6143,
13728,
13728,
6143,
451,
13728,
451,
6107,
7404,
13728,
6107,
7404,
6107,
1337,
827,
7405,
13729,
827,
13729,
5085,
7405,
1839,
7404,
7405,
7404,
13729,
13729,
7404,
1337,
13729,
1337,
6106,
5085,
13729,
6106,
5085,
6106,
154,
158,
5447,
13730,
158,
13730,
5086,
5447,
1002,
7406,
5447,
7406,
13730,
13730,
7406,
1840,
13730,
1840,
7409,
5086,
13730,
7409,
5086,
7409,
828,
1002,
5446,
13731,
1002,
13731,
7406,
5446,
449,
5380,
5446,
5380,
13731,
13731,
5380,
966,
13731,
966,
7407,
7406,
13731,
7407,
7406,
7407,
1840,
1840,
7407,
13732,
1840,
13732,
7408,
7407,
966,
5381,
7407,
5381,
13732,
13732,
5381,
241,
13732,
241,
5441,
7408,
13732,
5441,
7408,
5441,
1000,
828,
7409,
13733,
828,
13733,
5087,
7409,
1840,
7408,
7409,
7408,
13733,
13733,
7408,
1000,
13733,
1000,
5443,
5087,
13733,
5443,
5087,
5443,
156,
171,
5111,
13734,
171,
13734,
5120,
5111,
840,
7410,
5111,
7410,
13734,
13734,
7410,
1841,
13734,
1841,
7413,
5120,
13734,
7413,
5120,
7413,
845,
840,
5110,
13735,
840,
13735,
7410,
5110,
445,
6137,
5110,
6137,
13735,
13735,
6137,
1355,
13735,
1355,
7411,
7410,
13735,
7411,
7410,
7411,
1841,
1841,
7411,
13736,
1841,
13736,
7412,
7411,
1355,
6136,
7411,
6136,
13736,
13736,
6136,
162,
13736,
162,
5141,
7412,
13736,
5141,
7412,
5141,
855,
845,
7413,
13737,
845,
13737,
5121,
7413,
1841,
7412,
7413,
7412,
13737,
13737,
7412,
855,
13737,
855,
5140,
5121,
13737,
5140,
5121,
5140,
172,
1834,
8907,
13738,
1834,
13738,
7384,
8907,
1357,
6141,
8907,
6141,
13738,
13738,
6141,
153,
13738,
153,
8898,
7384,
13738,
8898,
7384,
8898,
1343,
159,
6105,
13739,
159,
13739,
8892,
6105,
1336,
8908,
6105,
8908,
13739,
13739,
8908,
1842,
13739,
1842,
7416,
8892,
13739,
7416,
8892,
7416,
978,
2244,
8883,
13740,
2244,
13740,
8866,
8883,
2229,
5409,
8883,
5409,
13740,
13740,
5409,
165,
13740,
165,
5106,
8866,
13740,
5106,
8866,
5106,
838,
2228,
8882,
13741,
2228,
13741,
5404,
8882,
2244,
8866,
8882,
8866,
13741,
13741,
8866,
838,
13741,
838,
5107,
5404,
13741,
5107,
5404,
5107,
160,
446,
5109,
13742,
446,
13742,
5366,
5109,
839,
7417,
5109,
7417,
13742,
13742,
7417,
1843,
13742,
1843,
7419,
5366,
13742,
7419,
5366,
7419,
958,
171,
5128,
13743,
171,
13743,
5108,
5128,
848,
7418,
5128,
7418,
13743,
13743,
7418,
1843,
13743,
1843,
7417,
5108,
13743,
7417,
5108,
7417,
839,
175,
5364,
13744,
175,
13744,
5126,
5364,
958,
7419,
5364,
7419,
13744,
13744,
7419,
1843,
13744,
1843,
7418,
5126,
13744,
7418,
5126,
7418,
848,
166,
5136,
13745,
166,
13745,
6589,
5136,
853,
7420,
5136,
7420,
13745,
13745,
7420,
1844,
13745,
1844,
7422,
6589,
13745,
7422,
6589,
7422,
1579,
173,
5125,
13746,
173,
13746,
5138,
5125,
847,
7421,
5125,
7421,
13746,
13746,
7421,
1844,
13746,
1844,
7420,
5138,
13746,
7420,
5138,
7420,
853,
172,
6590,
13747,
172,
13747,
5124,
6590,
1579,
7422,
6590,
7422,
13747,
13747,
7422,
1844,
13747,
1844,
7421,
5124,
13747,
7421,
5124,
7421,
847,
444,
5113,
13748,
444,
13748,
6595,
5113,
841,
7423,
5113,
7423,
13748,
13748,
7423,
1845,
13748,
1845,
7425,
6595,
13748,
7425,
6595,
7425,
1582,
183,
5153,
13749,
183,
13749,
5112,
5153,
861,
7424,
5153,
7424,
13749,
13749,
7424,
1845,
13749,
1845,
7423,
5112,
13749,
7423,
5112,
7423,
841,
181,
6596,
13750,
181,
13750,
5152,
6596,
1582,
7425,
6596,
7425,
13750,
13750,
7425,
1845,
13750,
1845,
7424,
5152,
13750,
7424,
5152,
7424,
861,
254,
6131,
13751,
254,
13751,
5426,
6131,
1352,
7426,
6131,
7426,
13751,
13751,
7426,
1846,
13751,
1846,
7429,
5426,
13751,
7429,
5426,
7429,
990,
1352,
6130,
13752,
1352,
13752,
7426,
6130,
452,
6115,
6130,
6115,
13752,
13752,
6115,
1341,
13752,
1341,
7427,
7426,
13752,
7427,
7426,
7427,
1846,
1846,
7427,
13753,
1846,
13753,
7428,
7427,
1341,
6114,
7427,
6114,
13753,
13753,
6114,
239,
13753,
239,
6138,
7428,
13753,
6138,
7428,
6138,
1356,
990,
7429,
13754,
990,
13754,
5425,
7429,
1846,
7428,
7429,
7428,
13754,
13754,
7428,
1356,
13754,
1356,
6139,
5425,
13754,
6139,
5425,
6139,
242,
173,
5134,
13755,
173,
13755,
5125,
5134,
851,
7430,
5134,
7430,
13755,
13755,
7430,
1847,
13755,
1847,
7433,
5125,
13755,
7433,
5125,
7433,
847,
851,
5132,
13756,
851,
13756,
7430,
5132,
176,
5127,
5132,
5127,
13756,
13756,
5127,
849,
13756,
849,
7431,
7430,
13756,
7431,
7430,
7431,
1847,
1847,
7431,
13757,
1847,
13757,
7432,
7431,
849,
5129,
7431,
5129,
13757,
13757,
5129,
171,
13757,
171,
5120,
7432,
13757,
5120,
7432,
5120,
845,
847,
7433,
13758,
847,
13758,
5124,
7433,
1847,
7432,
7433,
7432,
13758,
13758,
7432,
845,
13758,
845,
5121,
5124,
13758,
5121,
5124,
5121,
172,
170,
5119,
13759,
170,
13759,
5123,
5119,
844,
7434,
5119,
7434,
13759,
13759,
7434,
1848,
13759,
1848,
7437,
5123,
13759,
7437,
5123,
7437,
846,
844,
5118,
13760,
844,
13760,
7434,
5118,
169,
5130,
5118,
5130,
13760,
13760,
5130,
850,
13760,
850,
7435,
7434,
13760,
7435,
7434,
7435,
1848,
1848,
7435,
13761,
1848,
13761,
7436,
7435,
850,
5131,
7435,
5131,
13761,
13761,
5131,
177,
13761,
177,
5133,
7436,
13761,
5133,
7436,
5133,
852,
846,
7437,
13762,
846,
13762,
5122,
7437,
1848,
7436,
7437,
7436,
13762,
13762,
7436,
852,
13762,
852,
5135,
5122,
13762,
5135,
5122,
5135,
174,
167,
5100,
13763,
167,
13763,
6587,
5100,
835,
7438,
5100,
7438,
13763,
13763,
7438,
1849,
13763,
1849,
7440,
6587,
13763,
7440,
6587,
7440,
1578,
161,
5142,
13764,
161,
13764,
5101,
5142,
856,
7439,
5142,
7439,
13764,
13764,
7439,
1849,
13764,
1849,
7438,
5101,
13764,
7438,
5101,
7438,
835,
170,
6588,
13765,
170,
13765,
5143,
6588,
1578,
7440,
6588,
7440,
13765,
13765,
7440,
1849,
13765,
1849,
7439,
5143,
13765,
7439,
5143,
7439,
856,
183,
5097,
13766,
183,
13766,
5155,
5097,
833,
7441,
5097,
7441,
13766,
13766,
7441,
1850,
13766,
1850,
7443,
5155,
13766,
7443,
5155,
7443,
862,
446,
5114,
13767,
446,
13767,
5096,
5114,
842,
7442,
5114,
7442,
13767,
13767,
7442,
1850,
13767,
1850,
7441,
5096,
13767,
7441,
5096,
7441,
833,
184,
5154,
13768,
184,
13768,
5116,
5154,
862,
7443,
5154,
7443,
13768,
13768,
7443,
1850,
13768,
1850,
7442,
5116,
13768,
7442,
5116,
7442,
842,
160,
5372,
13769,
160,
13769,
5145,
5372,
962,
7444,
5372,
7444,
13769,
13769,
7444,
1851,
13769,
1851,
7447,
5145,
13769,
7447,
5145,
7447,
857,
962,
5373,
13770,
962,
13770,
7444,
5373,
447,
5367,
5373,
5367,
13770,
13770,
5367,
959,
13770,
959,
7445,
7444,
13770,
7445,
7444,
7445,
1851,
1851,
7445,
13771,
1851,
13771,
7446,
7445,
959,
5365,
7445,
5365,
13771,
13771,
5365,
177,
13771,
177,
5131,
7446,
13771,
5131,
7446,
5131,
850,
857,
7447,
13772,
857,
13772,
5144,
7447,
1851,
7446,
7447,
7446,
13772,
13772,
7446,
850,
13772,
850,
5130,
5144,
13772,
5130,
5144,
5130,
169,
161,
5095,
13773,
161,
13773,
5142,
5095,
832,
7448,
5095,
7448,
13773,
13773,
7448,
1852,
13773,
1852,
7451,
5142,
13773,
7451,
5142,
7451,
856,
832,
5094,
13774,
832,
13774,
7448,
5094,
160,
5145,
5094,
5145,
13774,
13774,
5145,
857,
13774,
857,
7449,
7448,
13774,
7449,
7448,
7449,
1852,
1852,
7449,
13775,
1852,
13775,
7450,
7449,
857,
5144,
7449,
5144,
13775,
13775,
5144,
169,
13775,
169,
5118,
7450,
13775,
5118,
7450,
5118,
844,
856,
7451,
13776,
856,
13776,
5143,
7451,
1852,
7450,
7451,
7450,
13776,
13776,
7450,
844,
13776,
844,
5119,
5143,
13776,
5119,
5143,
5119,
170,
184,
5160,
13777,
184,
13777,
5154,
5160,
864,
7452,
5160,
7452,
13777,
13777,
7452,
1853,
13777,
1853,
7455,
5154,
13777,
7455,
5154,
7455,
862,
864,
5158,
13778,
864,
13778,
7452,
5158,
178,
5149,
5158,
5149,
13778,
13778,
5149,
859,
13778,
859,
7453,
7452,
13778,
7453,
7452,
7453,
1853,
1853,
7453,
13779,
1853,
13779,
7454,
7453,
859,
5148,
7453,
5148,
13779,
13779,
5148,
181,
13779,
181,
5152,
7454,
13779,
5152,
7454,
5152,
861,
862,
7455,
13780,
862,
13780,
5155,
7455,
1853,
7454,
7455,
7454,
13780,
13780,
7454,
861,
13780,
861,
5153,
5155,
13780,
5153,
5155,
5153,
183,
182,
5151,
13781,
182,
13781,
5156,
5151,
860,
7456,
5151,
7456,
13781,
13781,
7456,
1854,
13781,
1854,
7459,
5156,
13781,
7459,
5156,
7459,
863,
860,
5150,
13782,
860,
13782,
7456,
5150,
180,
5147,
5150,
5147,
13782,
13782,
5147,
858,
13782,
858,
7457,
7456,
13782,
7457,
7456,
7457,
1854,
1854,
7457,
13783,
1854,
13783,
7458,
7457,
858,
5146,
7457,
5146,
13783,
13783,
5146,
179,
13783,
179,
5159,
7458,
13783,
5159,
7458,
5159,
865,
863,
7459,
13784,
863,
13784,
5157,
7459,
1854,
7458,
7459,
7458,
13784,
13784,
7458,
865,
13784,
865,
5161,
5157,
13784,
5161,
5157,
5161,
185,
447,
5373,
13785,
447,
13785,
5115,
5373,
962,
7460,
5373,
7460,
13785,
13785,
7460,
1855,
13785,
1855,
7463,
5115,
13785,
7463,
5115,
7463,
843,
962,
5372,
13786,
962,
13786,
7460,
5372,
160,
5164,
5372,
5164,
13786,
13786,
5164,
867,
13786,
867,
7461,
7460,
13786,
7461,
7460,
7461,
1855,
1855,
7461,
13787,
1855,
13787,
7462,
7461,
867,
5165,
7461,
5165,
13787,
13787,
5165,
182,
13787,
182,
5156,
7462,
13787,
5156,
7462,
5156,
863,
843,
7463,
13788,
843,
13788,
5117,
7463,
1855,
7462,
7463,
7462,
13788,
13788,
7462,
863,
13788,
863,
5157,
5117,
13788,
5157,
5117,
5157,
185,
160,
5107,
13789,
160,
13789,
5164,
5107,
838,
7464,
5107,
7464,
13789,
13789,
7464,
1856,
13789,
1856,
7467,
5164,
13789,
7467,
5164,
7467,
867,
838,
5106,
13790,
838,
13790,
7464,
5106,
165,
5166,
5106,
5166,
13790,
13790,
5166,
868,
13790,
868,
7465,
7464,
13790,
7465,
7464,
7465,
1856,
1856,
7465,
13791,
1856,
13791,
7466,
7465,
868,
5167,
7465,
5167,
13791,
13791,
5167,
180,
13791,
180,
5150,
7466,
13791,
5150,
7466,
5150,
860,
867,
7467,
13792,
867,
13792,
5165,
7467,
1856,
7466,
7467,
7466,
13792,
13792,
7466,
860,
13792,
860,
5151,
5165,
13792,
5151,
5165,
5151,
182,
163,
5103,
13793,
163,
13793,
6585,
5103,
836,
7468,
5103,
7468,
13793,
13793,
7468,
1857,
13793,
1857,
7470,
6585,
13793,
7470,
6585,
7470,
1577,
168,
5163,
13794,
168,
13794,
5102,
5163,
866,
7469,
5163,
7469,
13794,
13794,
7469,
1857,
13794,
1857,
7468,
5102,
13794,
7468,
5102,
7468,
836,
181,
6586,
13795,
181,
13795,
5162,
6586,
1577,
7470,
6586,
7470,
13795,
13795,
7470,
1857,
13795,
1857,
7469,
5162,
13795,
7469,
5162,
7469,
866,
164,
5171,
13796,
164,
13796,
6583,
5171,
870,
7471,
5171,
7471,
13796,
13796,
7471,
1858,
13796,
1858,
7473,
6583,
13796,
7473,
6583,
7473,
1576,
179,
5146,
13797,
179,
13797,
5169,
5146,
858,
7472,
5146,
7472,
13797,
13797,
7472,
1858,
13797,
1858,
7471,
5169,
13797,
7471,
5169,
7471,
870,
180,
6584,
13798,
180,
13798,
5147,
6584,
1576,
7473,
6584,
7473,
13798,
13798,
7473,
1858,
13798,
1858,
7472,
5147,
13798,
7472,
5147,
7472,
858,
190,
5173,
13799,
190,
13799,
6581,
5173,
871,
7474,
5173,
7474,
13799,
13799,
7474,
1859,
13799,
1859,
7476,
6581,
13799,
7476,
6581,
7476,
1575,
135,
6147,
13800,
135,
13800,
5172,
6147,
1360,
7475,
6147,
7475,
13800,
13800,
7475,
1859,
13800,
1859,
7474,
5172,
13800,
7474,
5172,
7474,
871,
455,
6582,
13801,
455,
13801,
6146,
6582,
1575,
7476,
6582,
7476,
13801,
13801,
7476,
1859,
13801,
1859,
7475,
6146,
13801,
7475,
6146,
7475,
1360,
135,
5172,
13802,
135,
13802,
5038,
5172,
871,
7477,
5172,
7477,
13802,
13802,
7477,
1860,
13802,
1860,
7480,
5038,
13802,
7480,
5038,
7480,
804,
871,
5173,
13803,
871,
13803,
7477,
5173,
190,
5176,
5173,
5176,
13803,
13803,
5176,
873,
13803,
873,
7478,
7477,
13803,
7478,
7477,
7478,
1860,
1860,
7478,
13804,
1860,
13804,
7479,
7478,
873,
5177,
7478,
5177,
13804,
13804,
5177,
189,
13804,
189,
5193,
7479,
13804,
5193,
7479,
5193,
881,
804,
7480,
13805,
804,
13805,
5039,
7480,
1860,
7479,
7480,
7479,
13805,
13805,
7479,
881,
13805,
881,
5192,
5039,
13805,
5192,
5039,
5192,
138,
138,
5192,
13806,
138,
13806,
5184,
5192,
881,
7481,
5192,
7481,
13806,
13806,
7481,
1861,
13806,
1861,
7483,
5184,
13806,
7483,
5184,
7483,
877,
189,
5178,
13807,
189,
13807,
5193,
5178,
874,
7482,
5178,
7482,
13807,
13807,
7482,
1861,
13807,
1861,
7481,
5193,
13807,
7481,
5193,
7481,
881,
186,
5186,
13808,
186,
13808,
5179,
5186,
877,
7483,
5186,
7483,
13808,
13808,
7483,
1861,
13808,
1861,
7482,
5179,
13808,
7482,
5179,
7482,
874,
537,
6558,
13809,
537,
13809,
6540,
6558,
1563,
7484,
6558,
7484,
13809,
13809,
7484,
1862,
13809,
1862,
7487,
6540,
13809,
7487,
6540,
7487,
1554,
1563,
6557,
13810,
1563,
13810,
7484,
6557,
2884,
5196,
6557,
5196,
13810,
13810,
5196,
3199,
13810,
3199,
7485,
7484,
13810,
7485,
7484,
7485,
1862,
1862,
7485,
13811,
1862,
13811,
7486,
7485,
3199,
5197,
7485,
5197,
13811,
13811,
5197,
2867,
13811,
2867,
6041,
7486,
13811,
6041,
7486,
6041,
1307,
1554,
7487,
13812,
1554,
13812,
6539,
7487,
1862,
7486,
7487,
7486,
13812,
13812,
7486,
1307,
13812,
1307,
6043,
6539,
13812,
6043,
6539,
6043,
363,
535,
6556,
13813,
535,
13813,
6534,
6556,
1562,
7488,
6556,
7488,
13813,
13813,
7488,
1863,
13813,
1863,
7491,
6534,
13813,
7491,
6534,
7491,
1552,
1562,
6555,
13814,
1562,
13814,
7488,
6555,
532,
6044,
6555,
6044,
13814,
13814,
6044,
1308,
13814,
1308,
7489,
7488,
13814,
7489,
7488,
7489,
1863,
1863,
7489,
13815,
1863,
13815,
7490,
7489,
1308,
6045,
7489,
6045,
13815,
13815,
6045,
365,
13815,
365,
6047,
7490,
13815,
6047,
7490,
6047,
1310,
1552,
7491,
13816,
1552,
13816,
6533,
7491,
1863,
7490,
7491,
7490,
13816,
13816,
7490,
1310,
13816,
1310,
6049,
6533,
13816,
6049,
6533,
6049,
198,
538,
6554,
13817,
538,
13817,
6542,
6554,
1561,
7492,
6554,
7492,
13817,
13817,
7492,
1864,
13817,
1864,
7495,
6542,
13817,
7495,
6542,
7495,
1555,
1561,
6553,
13818,
1561,
13818,
7492,
6553,
533,
6052,
6553,
6052,
13818,
13818,
6052,
1312,
13818,
1312,
7493,
7492,
13818,
7493,
7492,
7493,
1864,
1864,
7493,
13819,
1864,
13819,
7494,
7493,
1312,
6053,
7493,
6053,
13819,
13819,
6053,
361,
13819,
361,
6037,
7494,
13819,
6037,
7494,
6037,
1304,
1555,
7495,
13820,
1555,
13820,
6541,
7495,
1864,
7494,
7495,
7494,
13820,
13820,
7494,
1304,
13820,
1304,
6035,
6541,
13820,
6035,
6541,
6035,
370,
2885,
6552,
13821,
2885,
13821,
6536,
6552,
1560,
7496,
6552,
7496,
13821,
13821,
7496,
1865,
13821,
1865,
7499,
6536,
13821,
7499,
6536,
7499,
3886,
1560,
6551,
13822,
1560,
13822,
7496,
6551,
535,
6534,
6551,
6534,
13822,
13822,
6534,
1552,
13822,
1552,
7497,
7496,
13822,
7497,
7496,
7497,
1865,
1865,
7497,
13823,
1865,
13823,
7498,
7497,
1552,
6533,
7497,
6533,
13823,
13823,
6533,
198,
13823,
198,
5209,
7498,
13823,
5209,
7498,
5209,
888,
3886,
7499,
13824,
3886,
13824,
6535,
7499,
1865,
7498,
7499,
7498,
13824,
13824,
7498,
888,
13824,
888,
5211,
6535,
13824,
5211,
6535,
5211,
2865,
532,
6550,
13825,
532,
13825,
6044,
6550,
1559,
7500,
6550,
7500,
13825,
13825,
7500,
1866,
13825,
1866,
7503,
6044,
13825,
7503,
6044,
7503,
1308,
1559,
6549,
13826,
1559,
13826,
7500,
6549,
534,
6054,
6549,
6054,
13826,
13826,
6054,
1313,
13826,
1313,
7501,
7500,
13826,
7501,
7500,
7501,
1866,
1866,
7501,
13827,
1866,
13827,
7502,
7501,
1313,
6055,
7501,
6055,
13827,
13827,
6055,
367,
13827,
367,
5705,
7502,
13827,
5705,
7502,
5705,
1138,
1308,
7503,
13828,
1308,
13828,
6045,
7503,
1866,
7502,
7503,
7502,
13828,
13828,
7502,
1138,
13828,
1138,
5703,
6045,
13828,
5703,
6045,
5703,
365,
536,
6548,
13829,
536,
13829,
6538,
6548,
1558,
7504,
6548,
7504,
13829,
13829,
7504,
1867,
13829,
1867,
7507,
6538,
13829,
7507,
6538,
7507,
1553,
1558,
6547,
13830,
1558,
13830,
7504,
6547,
537,
6540,
6547,
6540,
13830,
13830,
6540,
1554,
13830,
1554,
7505,
7504,
13830,
7505,
7504,
7505,
1867,
1867,
7505,
13831,
1867,
13831,
7506,
7505,
1554,
6539,
7505,
6539,
13831,
13831,
6539,
363,
13831,
363,
6057,
7506,
13831,
6057,
7506,
6057,
1315,
1553,
7507,
13832,
1553,
13832,
6537,
7507,
1867,
7506,
7507,
7506,
13832,
13832,
7506,
1315,
13832,
1315,
6059,
6537,
13832,
6059,
6537,
6059,
193,
534,
6546,
13833,
534,
13833,
6054,
6546,
1557,
7508,
6546,
7508,
13833,
13833,
7508,
1868,
13833,
1868,
7511,
6054,
13833,
7511,
6054,
7511,
1313,
1557,
6545,
13834,
1557,
13834,
7508,
6545,
538,
6542,
6545,
6542,
13834,
13834,
6542,
1555,
13834,
1555,
7509,
7508,
13834,
7509,
7508,
7509,
1868,
1868,
7509,
13835,
1868,
13835,
7510,
7509,
1555,
6541,
7509,
6541,
13835,
13835,
6541,
370,
13835,
370,
5701,
7510,
13835,
5701,
7510,
5701,
1136,
1313,
7511,
13836,
1313,
13836,
6055,
7511,
1868,
7510,
7511,
7510,
13836,
13836,
7510,
1136,
13836,
1136,
5699,
6055,
13836,
5699,
6055,
5699,
367,
533,
6544,
13837,
533,
13837,
6052,
6544,
1556,
7512,
6544,
7512,
13837,
13837,
7512,
1869,
13837,
1869,
7515,
6052,
13837,
7515,
6052,
7515,
1312,
1556,
6543,
13838,
1556,
13838,
7512,
6543,
536,
6538,
6543,
6538,
13838,
13838,
6538,
1553,
13838,
1553,
7513,
7512,
13838,
7513,
7512,
7513,
1869,
1869,
7513,
13839,
1869,
13839,
7514,
7513,
1553,
6537,
7513,
6537,
13839,
13839,
6537,
193,
13839,
193,
6061,
7514,
13839,
6061,
7514,
6061,
1317,
1312,
7515,
13840,
1312,
13840,
6053,
7515,
1869,
7514,
7515,
7514,
13840,
13840,
7514,
1317,
13840,
1317,
6063,
6053,
13840,
6063,
6053,
6063,
361,
9,
5223,
13841,
9,
13841,
4655,
5223,
894,
7516,
5223,
7516,
13841,
13841,
7516,
1870,
13841,
1870,
7519,
4655,
13841,
7519,
4655,
7519,
617,
894,
5222,
13842,
894,
13842,
7516,
5222,
362,
6042,
5222,
6042,
13842,
13842,
6042,
1306,
13842,
1306,
7517,
7516,
13842,
7517,
7516,
7517,
1870,
1870,
7517,
13843,
1870,
13843,
7518,
7517,
1306,
6040,
7517,
6040,
13843,
13843,
6040,
2866,
13843,
2866,
6066,
7518,
13843,
6066,
7518,
6066,
3647,
617,
7519,
13844,
617,
13844,
4654,
7519,
1870,
7518,
7519,
7518,
13844,
13844,
7518,
3647,
13844,
3647,
6067,
4654,
13844,
6067,
4654,
6067,
2847,
216,
5265,
13845,
216,
13845,
5261,
5265,
912,
7520,
5265,
7520,
13845,
13845,
7520,
1871,
13845,
1871,
7523,
5261,
13845,
7523,
5261,
7523,
910,
912,
5263,
13846,
912,
13846,
7520,
5263,
208,
5294,
5263,
5294,
13846,
13846,
5294,
927,
13846,
927,
7521,
7520,
13846,
7521,
7520,
7521,
1871,
1871,
7521,
13847,
1871,
13847,
7522,
7521,
927,
5295,
7521,
5295,
13847,
13847,
5295,
21,
13847,
21,
4600,
7522,
13847,
4600,
7522,
4600,
597,
910,
7523,
13848,
910,
13848,
5260,
7523,
1871,
7522,
7523,
7522,
13848,
13848,
7522,
597,
13848,
597,
4601,
5260,
13848,
4601,
5260,
4601,
23,
2846,
5296,
13849,
2846,
13849,
4605,
5296,
3249,
7524,
5296,
7524,
13849,
13849,
7524,
1872,
13849,
1872,
7527,
4605,
13849,
7527,
4605,
7527,
599,
3249,
5297,
13850,
3249,
13850,
7524,
5297,
2874,
6679,
5297,
6679,
13850,
13850,
6679,
1619,
13850,
1619,
7525,
7524,
13850,
7525,
7524,
7525,
1872,
1872,
7525,
13851,
1872,
13851,
7526,
7525,
1619,
6675,
7525,
6675,
13851,
13851,
6675,
548,
13851,
548,
6663,
7526,
13851,
6663,
7526,
6663,
1613,
599,
7527,
13852,
599,
13852,
4604,
7527,
1872,
7526,
7527,
7526,
13852,
13852,
7526,
1613,
13852,
1613,
6664,
4604,
13852,
6664,
4604,
6664,
11,
218,
5305,
13853,
218,
13853,
6017,
5305,
930,
7528,
5305,
7528,
13853,
13853,
7528,
1873,
13853,
1873,
7531,
6017,
13853,
7531,
6017,
7531,
1292,
930,
5307,
13854,
930,
13854,
7528,
5307,
220,
6015,
5307,
6015,
13854,
13854,
6015,
1291,
13854,
1291,
7529,
7528,
13854,
7529,
7528,
7529,
1873,
1873,
7529,
13855,
1873,
13855,
7530,
7529,
1291,
6016,
7529,
6016,
13855,
13855,
6016,
223,
13855,
223,
5324,
7530,
13855,
5324,
7530,
5324,
939,
1292,
7531,
13856,
1292,
13856,
6018,
7531,
1873,
7530,
7531,
7530,
13856,
13856,
7530,
939,
13856,
939,
5325,
6018,
13856,
5325,
6018,
5325,
225,
2215,
8845,
13857,
2215,
13857,
5230,
8845,
2222,
7532,
8845,
7532,
13857,
13857,
7532,
1874,
13857,
1874,
7535,
5230,
13857,
7535,
5230,
7535,
898,
2222,
8844,
13858,
2222,
13858,
7532,
8844,
2216,
5240,
8844,
5240,
13858,
13858,
5240,
903,
13858,
903,
7533,
7532,
13858,
7533,
7532,
7533,
1874,
1874,
7533,
13859,
1874,
13859,
7534,
7533,
903,
5241,
7533,
5241,
13859,
13859,
5241,
196,
13859,
196,
5219,
7534,
13859,
5219,
7534,
5219,
892,
898,
7535,
13860,
898,
13860,
5231,
7535,
1874,
7534,
7535,
7534,
13860,
13860,
7534,
892,
13860,
892,
5218,
5231,
13860,
5218,
5231,
5218,
201,
2217,
8843,
13861,
2217,
13861,
8822,
8843,
2223,
7536,
8843,
7536,
13861,
13861,
7536,
1875,
13861,
1875,
7539,
8822,
13861,
7539,
8822,
7539,
905,
2223,
8842,
13862,
2223,
13862,
7536,
8842,
2213,
5224,
8842,
5224,
13862,
13862,
5224,
895,
13862,
895,
7537,
7536,
13862,
7537,
7536,
7537,
1875,
1875,
7537,
13863,
1875,
13863,
7538,
7537,
895,
5225,
7537,
5225,
13863,
13863,
5225,
194,
13863,
194,
5221,
7538,
13863,
5221,
7538,
5221,
893,
905,
7539,
13864,
905,
13864,
5246,
7539,
1875,
7538,
7539,
7538,
13864,
13864,
7538,
893,
13864,
893,
5220,
5246,
13864,
5220,
5246,
5220,
202,
4563,
8841,
13865,
4563,
13865,
8823,
8841,
2224,
7540,
8841,
7540,
13865,
13865,
7540,
1876,
13865,
1876,
7543,
8823,
13865,
7543,
8823,
7543,
3225,
2224,
8840,
13866,
2224,
13866,
7540,
8840,
2219,
8825,
8840,
8825,
13866,
13866,
8825,
907,
13866,
907,
7541,
7540,
13866,
7541,
7540,
7541,
1876,
1876,
7541,
13867,
1876,
13867,
7542,
7541,
907,
5254,
7541,
5254,
13867,
13867,
5254,
199,
13867,
199,
5207,
7542,
13867,
5207,
7542,
5207,
886,
3225,
7543,
13868,
3225,
13868,
5248,
7543,
1876,
7542,
7543,
7542,
13868,
13868,
7542,
886,
13868,
886,
5206,
5248,
13868,
5206,
5248,
5206,
2863,
556,
6705,
13869,
556,
13869,
6685,
6705,
1632,
7544,
6705,
7544,
13869,
13869,
7544,
1877,
13869,
1877,
7546,
6685,
13869,
7546,
6685,
7546,
1623,
229,
5312,
13870,
229,
13870,
6706,
5312,
933,
7545,
5312,
7545,
13870,
13870,
7545,
1877,
13870,
1877,
7544,
6706,
13870,
7544,
6706,
7544,
1632,
226,
6686,
13871,
226,
13871,
5313,
6686,
1623,
7546,
6686,
7546,
13871,
13871,
7546,
1877,
13871,
1877,
7545,
5313,
13871,
7545,
5313,
7545,
933,
2213,
8839,
13872,
2213,
13872,
5224,
8839,
2225,
7547,
8839,
7547,
13872,
13872,
7547,
1878,
13872,
1878,
7550,
5224,
13872,
7550,
5224,
7550,
895,
2225,
8838,
13873,
2225,
13873,
7547,
8838,
2214,
5228,
8838,
5228,
13873,
13873,
5228,
897,
13873,
897,
7548,
7547,
13873,
7548,
7547,
7548,
1878,
1878,
7548,
13874,
1878,
13874,
7549,
7548,
897,
5229,
7548,
5229,
13874,
13874,
5229,
200,
13874,
200,
5217,
7549,
13874,
5217,
7549,
5217,
891,
895,
7550,
13875,
895,
13875,
5225,
7550,
1878,
7549,
7550,
7549,
13875,
13875,
7549,
891,
13875,
891,
5216,
5225,
13875,
5216,
5225,
5216,
194,
2214,
8837,
13876,
2214,
13876,
5228,
8837,
2226,
7551,
8837,
7551,
13876,
13876,
7551,
1879,
13876,
1879,
7554,
5228,
13876,
7554,
5228,
7554,
897,
2226,
8836,
13877,
2226,
13877,
7551,
8836,
4561,
5242,
8836,
5242,
13877,
13877,
5242,
3222,
13877,
3222,
7552,
7551,
13877,
7552,
7551,
7552,
1879,
1879,
7552,
13878,
1879,
13878,
7553,
7552,
3222,
5243,
7552,
5243,
13878,
13878,
5243,
2868,
13878,
2868,
5195,
7553,
13878,
5195,
7553,
5195,
882,
897,
7554,
13879,
897,
13879,
5229,
7554,
1879,
7553,
7554,
7553,
13879,
13879,
7553,
882,
13879,
882,
5194,
5229,
13879,
5194,
5229,
5194,
200,
2219,
8835,
13880,
2219,
13880,
8825,
8835,
2227,
7555,
8835,
7555,
13880,
13880,
7555,
1880,
13880,
1880,
7558,
8825,
13880,
7558,
8825,
7558,
907,
2227,
8834,
13881,
2227,
13881,
7555,
8834,
2218,
8824,
8834,
8824,
13881,
13881,
8824,
906,
13881,
906,
7556,
7555,
13881,
7556,
7555,
7556,
1880,
1880,
7556,
13882,
1880,
13882,
7557,
7556,
906,
5250,
7556,
5250,
13882,
13882,
5250,
195,
13882,
195,
5201,
7557,
13882,
5201,
7557,
5201,
884,
907,
7558,
13883,
907,
13883,
5254,
7558,
1880,
7557,
7558,
7557,
13883,
13883,
7557,
884,
13883,
884,
5200,
5254,
13883,
5200,
5254,
5200,
199,
23,
4691,
13884,
23,
13884,
5260,
4691,
635,
7559,
4691,
7559,
13884,
13884,
7559,
1881,
13884,
1881,
7562,
5260,
13884,
7562,
5260,
7562,
910,
635,
4690,
13885,
635,
13885,
7559,
4690,
32,
5258,
4690,
5258,
13885,
13885,
5258,
909,
13885,
909,
7560,
7559,
13885,
7560,
7559,
7560,
1881,
1881,
7560,
13886,
1881,
13886,
7561,
7560,
909,
5259,
7560,
5259,
13886,
13886,
5259,
214,
13886,
214,
5269,
7561,
13886,
5269,
7561,
5269,
914,
910,
7562,
13887,
910,
13887,
5261,
7562,
1881,
7561,
7562,
7561,
13887,
13887,
7561,
914,
13887,
914,
5267,
5261,
13887,
5267,
5261,
5267,
216,
22,
4693,
13888,
22,
13888,
4721,
4693,
636,
7563,
4693,
7563,
13888,
13888,
7563,
1882,
13888,
1882,
7566,
4721,
13888,
7566,
4721,
7566,
650,
636,
4692,
13889,
636,
13889,
7563,
4692,
34,
5256,
4692,
5256,
13889,
13889,
5256,
908,
13889,
908,
7564,
7563,
13889,
7564,
7563,
7564,
1882,
1882,
7564,
13890,
1882,
13890,
7565,
7564,
908,
5257,
7564,
5257,
13890,
13890,
5257,
212,
13890,
212,
5273,
7565,
13890,
5273,
7565,
5273,
916,
650,
7566,
13891,
650,
13891,
4720,
7566,
1882,
7565,
7566,
7565,
13891,
13891,
7565,
916,
13891,
916,
5271,
4720,
13891,
5271,
4720,
5271,
206,
2898,
6788,
13892,
2898,
13892,
6776,
6788,
1661,
7567,
6788,
7567,
13892,
13892,
7567,
1883,
13892,
1883,
7570,
6776,
13892,
7570,
6776,
7570,
3997,
1661,
6787,
13893,
1661,
13893,
7567,
6787,
585,
6780,
6787,
6780,
13893,
13893,
6780,
1657,
13893,
1657,
7568,
7567,
13893,
7568,
7567,
7568,
1883,
1883,
7568,
13894,
1883,
13894,
7569,
7568,
1657,
6779,
7568,
6779,
13894,
13894,
6779,
20,
13894,
20,
4694,
7569,
13894,
4694,
7569,
4694,
637,
3997,
7570,
13895,
3997,
13895,
6775,
7570,
1883,
7569,
7570,
7569,
13895,
13895,
7569,
637,
13895,
637,
4695,
6775,
13895,
4695,
6775,
4695,
2845,
2845,
4695,
13896,
2845,
13896,
5301,
4695,
637,
7571,
4695,
7571,
13896,
13896,
7571,
1884,
13896,
1884,
7574,
5301,
13896,
7574,
5301,
7574,
3251,
637,
4694,
13897,
637,
13897,
7571,
4694,
20,
5227,
4694,
5227,
13897,
13897,
5227,
896,
13897,
896,
7572,
7571,
13897,
7572,
7571,
7572,
1884,
1884,
7572,
13898,
1884,
13898,
7573,
7572,
896,
5226,
7572,
5226,
13898,
13898,
5226,
210,
13898,
210,
5277,
7573,
13898,
5277,
7573,
5277,
918,
3251,
7574,
13899,
3251,
13899,
5300,
7574,
1884,
7573,
7574,
7573,
13899,
13899,
7573,
918,
13899,
918,
5275,
5300,
13899,
5275,
5300,
5275,
2869,
206,
5281,
13900,
206,
13900,
4720,
5281,
920,
7575,
5281,
7575,
13900,
13900,
7575,
1885,
13900,
1885,
7578,
4720,
13900,
7578,
4720,
7578,
650,
920,
5279,
13901,
920,
13901,
7575,
5279,
214,
5259,
5279,
5259,
13901,
13901,
5259,
909,
13901,
909,
7576,
7575,
13901,
7576,
7575,
7576,
1885,
1885,
7576,
13902,
1885,
13902,
7577,
7576,
909,
5258,
7576,
5258,
13902,
13902,
5258,
32,
13902,
32,
4688,
7577,
13902,
4688,
7577,
4688,
634,
650,
7578,
13903,
650,
13903,
4721,
7578,
1885,
7577,
7578,
7577,
13903,
13903,
7577,
634,
13903,
634,
4689,
4721,
13903,
4689,
4721,
4689,
22,
34,
4697,
13904,
34,
13904,
5256,
4697,
638,
7579,
4697,
7579,
13904,
13904,
7579,
1886,
13904,
1886,
7582,
5256,
13904,
7582,
5256,
7582,
908,
638,
4696,
13905,
638,
13905,
7579,
4696,
103,
5244,
4696,
5244,
13905,
13905,
5244,
904,
13905,
904,
7580,
7579,
13905,
7580,
7579,
7580,
1886,
1886,
7580,
13906,
1886,
13906,
7581,
7580,
904,
5245,
7580,
5245,
13906,
13906,
5245,
204,
13906,
204,
5285,
7581,
13906,
5285,
7581,
5285,
922,
908,
7582,
13907,
908,
13907,
5257,
7582,
1886,
7581,
7582,
7581,
13907,
13907,
7581,
922,
13907,
922,
5283,
5257,
13907,
5283,
5257,
5283,
212,
103,
4699,
13908,
103,
13908,
5244,
4699,
639,
7583,
4699,
7583,
13908,
13908,
7583,
1887,
13908,
1887,
7586,
5244,
13908,
7586,
5244,
7586,
904,
639,
4698,
13909,
639,
13909,
7583,
4698,
2857,
5252,
4698,
5252,
13909,
13909,
5252,
3227,
13909,
3227,
7584,
7583,
13909,
7584,
7583,
7584,
1887,
1887,
7584,
13910,
1887,
13910,
7585,
7584,
3227,
5253,
7584,
5253,
13910,
13910,
5253,
2871,
13910,
2871,
5287,
7585,
13910,
5287,
7585,
5287,
924,
904,
7586,
13911,
904,
13911,
5245,
7586,
1887,
7585,
7586,
7585,
13911,
13911,
7585,
924,
13911,
924,
5289,
5245,
13911,
5289,
5245,
5289,
204,
20,
4727,
13912,
20,
13912,
5227,
4727,
653,
7587,
4727,
7587,
13912,
13912,
7587,
1888,
13912,
1888,
7590,
5227,
13912,
7590,
5227,
7590,
896,
653,
4726,
13913,
653,
13913,
7587,
4726,
21,
5295,
4726,
5295,
13913,
13913,
5295,
927,
13913,
927,
7588,
7587,
13913,
7588,
7587,
7588,
1888,
1888,
7588,
13914,
1888,
13914,
7589,
7588,
927,
5294,
7588,
5294,
13914,
13914,
5294,
208,
13914,
208,
5293,
7589,
13914,
5293,
7589,
5293,
926,
896,
7590,
13915,
896,
13915,
5226,
7590,
1888,
7589,
7590,
7589,
13915,
13915,
7589,
926,
13915,
926,
5291,
5226,
13915,
5291,
5226,
5291,
210,
572,
6767,
13916,
572,
13916,
5968,
6767,
1654,
7591,
6767,
7591,
13916,
13916,
7591,
1889,
13916,
1889,
7594,
5968,
13916,
7594,
5968,
7594,
1274,
1654,
6766,
13917,
1654,
13917,
7591,
6766,
575,
6743,
6766,
6743,
13917,
13917,
6743,
1643,
13917,
1643,
7592,
7591,
13917,
7592,
7591,
7592,
1889,
1889,
7592,
13918,
1889,
13918,
7593,
7592,
1643,
6742,
7592,
6742,
13918,
13918,
6742,
223,
13918,
223,
5314,
7593,
13918,
5314,
7593,
5314,
934,
1274,
7594,
13919,
1274,
13919,
5969,
7594,
1889,
7593,
7594,
7593,
13919,
13919,
7593,
934,
13919,
934,
5315,
5969,
13919,
5315,
5969,
5315,
226,
2888,
6692,
13920,
2888,
13920,
6682,
6692,
1626,
7595,
6692,
7595,
13920,
13920,
7595,
1890,
13920,
1890,
7598,
6682,
13920,
7598,
6682,
7598,
3959,
1626,
6689,
13921,
1626,
13921,
7595,
6689,
437,
6014,
6689,
6014,
13921,
13921,
6014,
1290,
13921,
1290,
7596,
7595,
13921,
7596,
7595,
7596,
1890,
1890,
7596,
13922,
1890,
13922,
7597,
7596,
1290,
6013,
7596,
6013,
13922,
13922,
6013,
228,
13922,
228,
5318,
7597,
13922,
5318,
7597,
5318,
936,
3959,
7598,
13923,
3959,
13923,
6681,
7598,
1890,
7597,
7598,
7597,
13923,
13923,
7597,
936,
13923,
936,
5319,
6681,
13923,
5319,
6681,
5319,
2877,
550,
6677,
13924,
550,
13924,
6683,
6677,
1621,
7599,
6677,
7599,
13924,
13924,
7599,
1891,
13924,
1891,
7602,
6683,
13924,
7602,
6683,
7602,
1622,
1621,
6680,
13925,
1621,
13925,
7599,
6680,
2875,
5302,
6680,
5302,
13925,
13925,
5302,
3252,
13925,
3252,
7600,
7599,
13925,
7600,
7599,
7600,
1891,
1891,
7600,
13926,
1891,
13926,
7601,
7600,
3252,
5303,
7600,
5303,
13926,
13926,
5303,
2876,
13926,
2876,
5320,
7601,
13926,
5320,
7601,
5320,
937,
1622,
7602,
13927,
1622,
13927,
6684,
7602,
1891,
7601,
7602,
7601,
13927,
13927,
7601,
937,
13927,
937,
5321,
6684,
13927,
5321,
6684,
5321,
224,
556,
6625,
13928,
556,
13928,
6705,
6625,
1598,
7603,
6625,
7603,
13928,
13928,
7603,
1892,
13928,
1892,
7606,
6705,
13928,
7606,
6705,
7606,
1632,
1598,
6628,
13929,
1598,
13929,
7603,
6628,
550,
6683,
6628,
6683,
13929,
13929,
6683,
1622,
13929,
1622,
7604,
7603,
13929,
7604,
7603,
7604,
1892,
1892,
7604,
13930,
1892,
13930,
7605,
7604,
1622,
6684,
7604,
6684,
13930,
13930,
6684,
224,
13930,
224,
5322,
7605,
13930,
5322,
7605,
5322,
938,
1632,
7606,
13931,
1632,
13931,
6706,
7606,
1892,
7605,
7606,
7605,
13931,
13931,
7605,
938,
13931,
938,
5323,
6706,
13931,
5323,
6706,
5323,
229,
226,
5315,
13932,
226,
13932,
6011,
5315,
934,
7607,
5315,
7607,
13932,
13932,
7607,
1893,
13932,
1893,
7610,
6011,
13932,
7610,
6011,
7610,
1289,
934,
5314,
13933,
934,
13933,
7607,
5314,
223,
6016,
5314,
6016,
13933,
13933,
6016,
1291,
13933,
1291,
7608,
7607,
13933,
7608,
7607,
7608,
1893,
1893,
7608,
13934,
1893,
13934,
7609,
7608,
1291,
6015,
7608,
6015,
13934,
13934,
6015,
220,
13934,
220,
5309,
7609,
13934,
5309,
7609,
5309,
932,
1289,
7610,
13935,
1289,
13935,
6012,
7610,
1893,
7609,
7610,
7609,
13935,
13935,
7609,
932,
13935,
932,
5311,
6012,
13935,
5311,
6012,
5311,
222,
437,
6704,
13936,
437,
13936,
6014,
6704,
1631,
7611,
6704,
7611,
13936,
13936,
7611,
1894,
13936,
1894,
7614,
6014,
13936,
7614,
6014,
7614,
1290,
1631,
6701,
13937,
1631,
13937,
7611,
6701,
553,
6708,
6701,
6708,
13937,
13937,
6708,
1633,
13937,
1633,
7612,
7611,
13937,
7612,
7611,
7612,
1894,
1894,
7612,
13938,
1894,
13938,
7613,
7612,
1633,
6707,
7612,
6707,
13938,
13938,
6707,
227,
13938,
227,
5326,
7613,
13938,
5326,
7613,
5326,
940,
1290,
7614,
13939,
1290,
13939,
6013,
7614,
1894,
7613,
7614,
7613,
13939,
13939,
7613,
940,
13939,
940,
5327,
6013,
13939,
5327,
6013,
5327,
228,
433,
6010,
13940,
433,
13940,
5992,
6010,
1288,
7615,
6010,
7615,
13940,
13940,
7615,
1895,
13940,
1895,
7618,
5992,
13940,
7618,
5992,
7618,
1279,
1288,
6009,
13941,
1288,
13941,
7615,
6009,
429,
5332,
6009,
5332,
13941,
13941,
5332,
942,
13941,
942,
7616,
7615,
13941,
7616,
7615,
7616,
1895,
1895,
7616,
13942,
1895,
13942,
7617,
7616,
942,
5333,
7616,
5333,
13942,
13942,
5333,
235,
13942,
235,
5336,
7617,
13942,
5336,
7617,
5336,
944,
1279,
7618,
13943,
1279,
13943,
5991,
7618,
1895,
7617,
7618,
7617,
13943,
13943,
7617,
944,
13943,
944,
5337,
5991,
13943,
5337,
5991,
5337,
232,
428,
6008,
13944,
428,
13944,
5328,
6008,
1287,
7619,
6008,
7619,
13944,
13944,
7619,
1896,
13944,
1896,
7622,
5328,
13944,
7622,
5328,
7622,
941,
1287,
6007,
13945,
1287,
13945,
7619,
6007,
431,
5986,
6007,
5986,
13945,
13945,
5986,
1277,
13945,
1277,
7620,
7619,
13945,
7620,
7619,
7620,
1896,
1896,
7620,
13946,
1896,
13946,
7621,
7620,
1277,
5985,
7620,
5985,
13946,
13946,
5985,
230,
13946,
230,
5338,
7621,
13946,
5338,
7621,
5338,
945,
941,
7622,
13947,
941,
13947,
5329,
7622,
1896,
7621,
7622,
7621,
13947,
13947,
7621,
945,
13947,
945,
5339,
5329,
13947,
5339,
5329,
5339,
234,
577,
6765,
13948,
577,
13948,
6749,
6765,
1653,
7623,
6765,
7623,
13948,
13948,
7623,
1897,
13948,
1897,
7626,
6749,
13948,
7626,
6749,
7626,
1645,
1653,
6764,
13949,
1653,
13949,
7623,
6764,
573,
5972,
6764,
5972,
13949,
13949,
5972,
1275,
13949,
1275,
7624,
7623,
13949,
7624,
7623,
7624,
1897,
1897,
7624,
13950,
1897,
13950,
7625,
7624,
1275,
5973,
7624,
5973,
13950,
13950,
5973,
227,
13950,
227,
5316,
7625,
13950,
5316,
7625,
5316,
935,
1645,
7626,
13951,
1645,
13951,
6748,
7626,
1897,
7625,
7626,
7625,
13951,
13951,
7625,
935,
13951,
935,
5317,
6748,
13951,
5317,
6748,
5317,
225,
236,
5342,
13952,
236,
13952,
6716,
5342,
947,
7628,
5342,
7628,
13952,
13952,
7628,
1638,
13952,
1638,
6728,
6716,
13952,
6728,
6716,
6728,
567,
1639,
7627,
13953,
1639,
13953,
6731,
7627,
946,
5341,
7627,
5341,
13953,
13953,
5341,
234,
13953,
234,
6713,
6731,
13953,
6713,
6731,
6713,
565,
2894,
5978,
13954,
2894,
13954,
6726,
5978,
2878,
5344,
5978,
5344,
13954,
13954,
5344,
948,
13954,
948,
7629,
6726,
13954,
7629,
6726,
7629,
1637,
1638,
7628,
13955,
1638,
13955,
6729,
7628,
947,
5343,
7628,
5343,
13955,
13955,
5343,
2879,
13955,
2879,
6714,
6729,
13955,
6714,
6729,
6714,
2893,
569,
5977,
13956,
569,
13956,
6724,
5977,
231,
5346,
5977,
5346,
13956,
13956,
5346,
949,
13956,
949,
7630,
6724,
13956,
7630,
6724,
7630,
1636,
1637,
7629,
13957,
1637,
13957,
6727,
7629,
948,
5345,
7629,
5345,
13957,
13957,
5345,
231,
13957,
231,
5977,
6727,
13957,
5977,
6727,
5977,
569,
568,
5976,
13958,
568,
13958,
6722,
5976,
230,
5348,
5976,
5348,
13958,
13958,
5348,
950,
13958,
950,
7631,
6722,
13958,
7631,
6722,
7631,
1635,
1636,
7630,
13959,
1636,
13959,
6725,
7630,
949,
5347,
7630,
5347,
13959,
13959,
5347,
233,
13959,
233,
5980,
6725,
13959,
5980,
6725,
5980,
571,
575,
6717,
13960,
575,
13960,
6762,
6717,
568,
6722,
6717,
6722,
13960,
13960,
6722,
1635,
13960,
1635,
8656,
6762,
13960,
8656,
6762,
8656,
1652,
1635,
7631,
13961,
1635,
13961,
6723,
7631,
950,
5349,
7631,
5349,
13961,
13961,
5349,
232,
13961,
232,
5979,
6723,
13961,
5979,
6723,
5979,
570,
2229,
8851,
13962,
2229,
13962,
8881,
8851,
981,
7632,
8851,
7632,
13962,
13962,
7632,
1898,
13962,
1898,
7634,
8881,
13962,
7634,
8881,
7634,
2245,
1336,
6104,
13963,
1336,
13963,
8908,
6104,
158,
8893,
6104,
8893,
13963,
13963,
8893,
981,
13963,
981,
7414,
8908,
13963,
7414,
8908,
7414,
1842,
981,
8893,
13964,
981,
13964,
7632,
8893,
158,
5086,
8893,
5086,
13964,
13964,
5086,
828,
13964,
828,
8909,
7632,
13964,
8909,
7632,
8909,
1898,
2245,
7634,
13965,
2245,
13965,
8880,
7634,
1898,
7633,
7634,
7633,
13965,
13965,
7633,
992,
13965,
992,
8854,
8880,
13965,
8854,
8880,
8854,
2232,
450,
5375,
13966,
450,
13966,
5438,
5375,
963,
7635,
5375,
7635,
13966,
13966,
7635,
1899,
13966,
1899,
7638,
5438,
13966,
7638,
5438,
7638,
998,
963,
5374,
13967,
963,
13967,
7635,
5374,
449,
5446,
5374,
5446,
13967,
13967,
5446,
1002,
13967,
1002,
7636,
7635,
13967,
7636,
7635,
7636,
1899,
1899,
7636,
13968,
1899,
13968,
7637,
7636,
1002,
5447,
7636,
5447,
13968,
13968,
5447,
158,
13968,
158,
6104,
7637,
13968,
6104,
7637,
6104,
1336,
998,
7638,
13969,
998,
13969,
5439,
7638,
1899,
7637,
7638,
7637,
13969,
13969,
7637,
1336,
13969,
1336,
6105,
5439,
13969,
6105,
5439,
6105,
159,
2092,
8397,
13970,
2092,
13970,
8398,
8397,
1526,
6475,
8397,
6475,
13970,
13970,
6475,
1502,
13970,
1502,
7256,
8398,
13970,
7256,
8398,
7256,
1797,
1504,
8396,
13971,
1504,
13971,
6455,
8396,
2091,
8395,
8396,
8395,
13971,
13971,
8395,
1900,
13971,
1900,
7641,
6455,
13971,
7641,
6455,
7641,
1181,
1900,
7639,
13972,
1900,
13972,
7640,
7639,
1506,
6457,
7639,
6457,
13972,
13972,
6457,
378,
13972,
378,
5765,
7640,
13972,
5765,
7640,
5765,
1168,
1181,
7641,
13973,
1181,
13973,
5784,
7641,
1900,
7640,
7641,
7640,
13973,
13973,
7640,
1168,
13973,
1168,
5764,
5784,
13973,
5764,
5784,
5764,
387,
2119,
8486,
13974,
2119,
13974,
8487,
8486,
1527,
6478,
8486,
6478,
13974,
13974,
6478,
1177,
13974,
1177,
7240,
8487,
13974,
7240,
8487,
7240,
1792,
1498,
8484,
13975,
1498,
13975,
6484,
8484,
2118,
8483,
8484,
8483,
13975,
13975,
8483,
1901,
13975,
1901,
7643,
6484,
13975,
7643,
6484,
7643,
1530,
1901,
8444,
13976,
1901,
13976,
7643,
8444,
2108,
8447,
8444,
8447,
13976,
13976,
8447,
1010,
13976,
1010,
6483,
7643,
13976,
6483,
7643,
6483,
1530,
1009,
8441,
13977,
1009,
13977,
5777,
8441,
2107,
8440,
8441,
8440,
13977,
13977,
8440,
1792,
13977,
1792,
7240,
5777,
13977,
7240,
5777,
7240,
1177,
117,
4989,
13978,
117,
13978,
5780,
4989,
779,
7644,
4989,
7644,
13978,
13978,
7644,
1902,
13978,
1902,
7647,
5780,
13978,
7647,
5780,
7647,
1179,
779,
4988,
13979,
779,
13979,
7644,
4988,
116,
5790,
4988,
5790,
13979,
13979,
5790,
1186,
13979,
1186,
7645,
7644,
13979,
7645,
7644,
7645,
1902,
1902,
7645,
13980,
1902,
13980,
7646,
7645,
1186,
5791,
7645,
5791,
13980,
13980,
5791,
377,
13980,
377,
5753,
7646,
13980,
5753,
7646,
5753,
1162,
1179,
7647,
13981,
1179,
13981,
5782,
7647,
1902,
7646,
7647,
7646,
13981,
13981,
7646,
1162,
13981,
1162,
5752,
5782,
13981,
5752,
5782,
5752,
379,
120,
4993,
13982,
120,
13982,
5772,
4993,
781,
7648,
4993,
7648,
13982,
13982,
7648,
1903,
13982,
1903,
7651,
5772,
13982,
7651,
5772,
7651,
1173,
781,
4992,
13983,
781,
13983,
7648,
4992,
114,
5778,
4992,
5778,
13983,
13983,
5778,
1178,
13983,
1178,
7649,
7648,
13983,
7649,
7648,
7649,
1903,
1903,
7649,
13984,
1903,
13984,
7650,
7649,
1178,
5779,
7649,
5779,
13984,
13984,
5779,
374,
13984,
374,
5761,
7650,
13984,
5761,
7650,
5761,
1166,
1173,
7651,
13985,
1173,
13985,
5773,
7651,
1903,
7650,
7651,
7650,
13985,
13985,
7650,
1166,
13985,
1166,
5760,
5773,
13985,
5760,
5773,
5760,
385,
119,
4986,
13986,
119,
13986,
5769,
4986,
778,
7652,
4986,
7652,
13986,
13986,
7652,
1904,
13986,
1904,
7655,
5769,
13986,
7655,
5769,
7655,
1171,
778,
4987,
13987,
778,
13987,
7652,
4987,
113,
5770,
4987,
5770,
13987,
13987,
5770,
1172,
13987,
1172,
7653,
7652,
13987,
7653,
7652,
7653,
1904,
1904,
7653,
13988,
1904,
13988,
7654,
7653,
1172,
5771,
7653,
5771,
13988,
13988,
5771,
372,
13988,
372,
5745,
7654,
13988,
5745,
7654,
5745,
1158,
1171,
7655,
13989,
1171,
13989,
5768,
7655,
1904,
7654,
7655,
7654,
13989,
13989,
7654,
1158,
13989,
1158,
5744,
5768,
13989,
5744,
5768,
5744,
384,
116,
4994,
13990,
116,
13990,
5790,
4994,
782,
7656,
4994,
7656,
13990,
13990,
7656,
1905,
13990,
1905,
7659,
5790,
13990,
7659,
5790,
7659,
1186,
782,
4995,
13991,
782,
13991,
7656,
4995,
121,
5787,
4995,
5787,
13991,
13991,
5787,
1183,
13991,
1183,
7657,
7656,
13991,
7657,
7656,
7657,
1905,
1905,
7657,
13992,
1905,
13992,
7658,
7657,
1183,
5786,
7657,
5786,
13992,
13992,
5786,
388,
13992,
388,
5763,
7658,
13992,
5763,
7658,
5763,
1167,
1186,
7659,
13993,
1186,
13993,
5791,
7659,
1905,
7658,
7659,
7658,
13993,
13993,
7658,
1167,
13993,
1167,
5762,
5791,
13993,
5762,
5791,
5762,
377,
115,
4990,
13994,
115,
13994,
5788,
4990,
780,
7660,
4990,
7660,
13994,
13994,
7660,
1906,
13994,
1906,
7663,
5788,
13994,
7663,
5788,
7663,
1184,
780,
4991,
13995,
780,
13995,
7660,
4991,
119,
5769,
4991,
5769,
13995,
13995,
5769,
1171,
13995,
1171,
7661,
7660,
13995,
7661,
7660,
7661,
1906,
1906,
7661,
13996,
1906,
13996,
7662,
7661,
1171,
5768,
7661,
5768,
13996,
13996,
5768,
384,
13996,
384,
5755,
7662,
13996,
5755,
7662,
5755,
1163,
1184,
7663,
13997,
1184,
13997,
5789,
7663,
1906,
7662,
7663,
7662,
13997,
13997,
7662,
1163,
13997,
1163,
5754,
5789,
13997,
5754,
5789,
5754,
375,
121,
4982,
13998,
121,
13998,
5787,
4982,
776,
7664,
4982,
7664,
13998,
13998,
7664,
1907,
13998,
1907,
7667,
5787,
13998,
7667,
5787,
7667,
1183,
776,
4983,
13999,
776,
13999,
7664,
4983,
115,
5788,
4983,
5788,
13999,
13999,
5788,
1184,
13999,
1184,
7665,
7664,
13999,
7665,
7664,
7665,
1907,
1907,
7665,
14000,
1907,
14000,
7666,
7665,
1184,
5789,
7665,
5789,
14000,
14000,
5789,
375,
14000,
375,
5727,
7666,
14000,
5727,
7666,
5727,
1149,
1183,
7667,
14001,
1183,
14001,
5786,
7667,
1907,
7666,
7667,
7666,
14001,
14001,
7666,
1149,
14001,
1149,
5726,
5786,
14001,
5726,
5786,
5726,
388,
514,
6385,
14002,
514,
14002,
6402,
6385,
1462,
7668,
6385,
7668,
14002,
14002,
7668,
1908,
14002,
1908,
7671,
6402,
14002,
7671,
6402,
7671,
1471,
1462,
6384,
14003,
1462,
14003,
7668,
6384,
271,
5481,
6384,
5481,
14003,
14003,
5481,
1025,
14003,
1025,
7669,
7668,
14003,
7669,
7668,
7669,
1908,
1908,
7669,
14004,
1908,
14004,
7670,
7669,
1025,
5483,
7669,
5483,
14004,
14004,
5483,
269,
14004,
269,
6073,
7670,
14004,
6073,
7670,
6073,
1320,
1471,
7671,
14005,
1471,
14005,
6403,
7671,
1908,
7670,
7671,
7670,
14005,
14005,
7670,
1320,
14005,
1320,
6072,
6403,
14005,
6072,
6403,
6072,
509,
515,
6387,
14006,
515,
14006,
6400,
6387,
1463,
7672,
6387,
7672,
14006,
14006,
7672,
1909,
14006,
1909,
7675,
6400,
14006,
7675,
6400,
7675,
1470,
1463,
6386,
14007,
1463,
14007,
7672,
6386,
267,
5473,
6386,
5473,
14007,
14007,
5473,
1021,
14007,
1021,
7673,
7672,
14007,
7673,
7672,
7673,
1909,
1909,
7673,
14008,
1909,
14008,
7674,
7673,
1021,
5475,
7673,
5475,
14008,
14008,
5475,
265,
14008,
265,
6077,
7674,
14008,
6077,
7674,
6077,
1322,
1470,
7675,
14009,
1470,
14009,
6401,
7675,
1909,
7674,
7675,
7674,
14009,
14009,
7674,
1322,
14009,
1322,
6075,
6401,
14009,
6075,
6401,
6075,
511,
507,
6371,
14010,
507,
14010,
6398,
6371,
1455,
7676,
6371,
7676,
14010,
14010,
7676,
1910,
14010,
1910,
7679,
6398,
14010,
7679,
6398,
7679,
1469,
1455,
6370,
14011,
1455,
14011,
7676,
6370,
260,
5464,
6370,
5464,
14011,
14011,
5464,
1016,
14011,
1016,
7677,
7676,
14011,
7677,
7676,
7677,
1910,
1910,
7677,
14012,
1910,
14012,
7678,
7677,
1016,
5466,
7677,
5466,
14012,
14012,
5466,
258,
14012,
258,
6079,
7678,
14012,
6079,
7678,
6079,
1323,
1469,
7679,
14013,
1469,
14013,
6399,
7679,
1910,
7678,
7679,
7678,
14013,
14013,
7678,
1323,
14013,
1323,
6078,
6399,
14013,
6078,
6399,
6078,
512,
512,
6078,
14014,
512,
14014,
6396,
6078,
1323,
7680,
6078,
7680,
14014,
14014,
7680,
1911,
14014,
1911,
7683,
6396,
14014,
7683,
6396,
7683,
1468,
1323,
6079,
14015,
1323,
14015,
7680,
6079,
258,
5492,
6079,
5492,
14015,
14015,
5492,
1030,
14015,
1030,
7681,
7680,
14015,
7681,
7680,
7681,
1911,
1911,
7681,
14016,
1911,
14016,
7682,
7681,
1030,
5495,
7681,
5495,
14016,
14016,
5495,
275,
14016,
275,
6083,
7682,
14016,
6083,
7682,
6083,
1325,
1468,
7683,
14017,
1468,
14017,
6397,
7683,
1911,
7682,
7683,
7682,
14017,
14017,
7682,
1325,
14017,
1325,
6082,
6397,
14017,
6082,
6397,
6082,
513,
508,
6373,
14018,
508,
14018,
6394,
6373,
1456,
7684,
6373,
7684,
14018,
14018,
7684,
1912,
14018,
1912,
7687,
6394,
14018,
7687,
6394,
7687,
1467,
1456,
6372,
14019,
1456,
14019,
7684,
6372,
273,
5485,
6372,
5485,
14019,
14019,
5485,
1027,
14019,
1027,
7685,
7684,
14019,
7685,
7684,
7685,
1912,
1912,
7685,
14020,
1912,
14020,
7686,
7685,
1027,
5487,
7685,
5487,
14020,
14020,
5487,
271,
14020,
271,
6384,
7686,
14020,
6384,
7686,
6384,
1462,
1467,
7687,
14021,
1467,
14021,
6395,
7687,
1912,
7686,
7687,
7686,
14021,
14021,
7686,
1462,
14021,
1462,
6385,
6395,
14021,
6385,
6395,
6385,
514,
509,
6072,
14022,
509,
14022,
6392,
6072,
1320,
7688,
6072,
7688,
14022,
14022,
7688,
1913,
14022,
1913,
7691,
6392,
14022,
7691,
6392,
7691,
1466,
1320,
6073,
14023,
1320,
14023,
7688,
6073,
269,
5477,
6073,
5477,
14023,
14023,
5477,
1023,
14023,
1023,
7689,
7688,
14023,
7689,
7688,
7689,
1913,
1913,
7689,
14024,
1913,
14024,
7690,
7689,
1023,
5479,
7689,
5479,
14024,
14024,
5479,
267,
14024,
267,
6386,
7690,
14024,
6386,
7690,
6386,
1463,
1466,
7691,
14025,
1466,
14025,
6393,
7691,
1913,
7690,
7691,
7690,
14025,
14025,
7690,
1463,
14025,
1463,
6387,
6393,
14025,
6387,
6393,
6387,
515,
510,
6074,
14026,
510,
14026,
6390,
6074,
1321,
7692,
6074,
7692,
14026,
14026,
7692,
1914,
14026,
1914,
7695,
6390,
14026,
7695,
6390,
7695,
1465,
1321,
6076,
14027,
1321,
14027,
7692,
6076,
262,
5468,
6076,
5468,
14027,
14027,
5468,
1018,
14027,
1018,
7693,
7692,
14027,
7693,
7692,
7693,
1914,
1914,
7693,
14028,
1914,
14028,
7694,
7693,
1018,
5470,
7693,
5470,
14028,
14028,
5470,
260,
14028,
260,
6370,
7694,
14028,
6370,
7694,
6370,
1455,
1465,
7695,
14029,
1465,
14029,
6391,
7695,
1914,
7694,
7695,
7694,
14029,
14029,
7694,
1455,
14029,
1455,
6371,
6391,
14029,
6371,
6391,
6371,
507,
513,
6082,
14030,
513,
14030,
6388,
6082,
1325,
7696,
6082,
7696,
14030,
14030,
7696,
1915,
14030,
1915,
7699,
6388,
14030,
7699,
6388,
7699,
1464,
1325,
6083,
14031,
1325,
14031,
7696,
6083,
275,
5489,
6083,
5489,
14031,
14031,
5489,
1029,
14031,
1029,
7697,
7696,
14031,
7697,
7696,
7697,
1915,
1915,
7697,
14032,
1915,
14032,
7698,
7697,
1029,
5491,
7697,
5491,
14032,
14032,
5491,
273,
14032,
273,
6372,
7698,
14032,
6372,
7698,
6372,
1456,
1464,
7699,
14033,
1464,
14033,
6389,
7699,
1915,
7698,
7699,
7698,
14033,
14033,
7698,
1456,
14033,
1456,
6373,
6389,
14033,
6373,
6389,
6373,
508,
1450,
6357,
14034,
1450,
14034,
7700,
6357,
276,
5510,
6357,
5510,
14034,
14034,
5510,
1039,
14034,
1039,
7701,
7700,
14034,
7701,
7700,
7701,
1916,
1916,
7701,
14035,
1916,
14035,
7702,
7701,
1039,
5511,
7701,
5511,
14035,
14035,
5511,
284,
14035,
284,
5512,
7702,
14035,
5512,
7702,
5512,
1040,
261,
6365,
14036,
261,
14036,
5465,
6365,
1043,
7721,
6365,
7721,
14036,
14036,
7721,
1923,
14036,
1923,
8299,
5465,
14036,
8299,
5465,
8299,
1017,
1451,
6360,
14037,
1451,
14037,
7703,
6360,
283,
5506,
6360,
5506,
14037,
14037,
5506,
1037,
14037,
1037,
7704,
7703,
14037,
7704,
7703,
7704,
1917,
1917,
7704,
14038,
1917,
14038,
7705,
7704,
1037,
5507,
7704,
5507,
14038,
14038,
5507,
282,
14038,
282,
5513,
7705,
14038,
5513,
7705,
5513,
1041,
1452,
6363,
14039,
1452,
14039,
7706,
6363,
281,
5502,
6363,
5502,
14039,
14039,
5502,
1035,
14039,
1035,
7707,
7706,
14039,
7707,
7706,
7707,
1918,
1918,
7707,
14040,
1918,
14040,
7708,
7707,
1035,
5503,
7707,
5503,
14040,
14040,
5503,
280,
14040,
280,
5514,
7708,
14040,
5514,
7708,
5514,
1042,
1453,
6366,
14041,
1453,
14041,
7709,
6366,
278,
5498,
6366,
5498,
14041,
14041,
5498,
1033,
14041,
1033,
7710,
7709,
14041,
7710,
7709,
7710,
1919,
1919,
7710,
14042,
1919,
14042,
7711,
7710,
1033,
5499,
7710,
5499,
14042,
14042,
5499,
277,
14042,
277,
5515,
7711,
14042,
5515,
7711,
5515,
1043,
1040,
5512,
14043,
1040,
14043,
7712,
5512,
284,
5508,
5512,
5508,
14043,
14043,
5508,
1038,
14043,
1038,
7713,
7712,
14043,
7713,
7712,
7713,
1920,
1920,
7713,
14044,
1920,
14044,
7714,
7713,
1038,
5509,
7713,
5509,
14044,
14044,
5509,
283,
14044,
283,
6360,
7714,
14044,
6360,
7714,
6360,
1451,
1041,
5513,
14045,
1041,
14045,
7715,
5513,
282,
5504,
5513,
5504,
14045,
14045,
5504,
1036,
14045,
1036,
7716,
7715,
14045,
7716,
7715,
7716,
1921,
1921,
7716,
14046,
1921,
14046,
7717,
7716,
1036,
5505,
7716,
5505,
14046,
14046,
5505,
281,
14046,
281,
6363,
7717,
14046,
6363,
7717,
6363,
1452,
1042,
5514,
14047,
1042,
14047,
7718,
5514,
280,
5500,
5514,
5500,
14047,
14047,
5500,
1034,
14047,
1034,
7719,
7718,
14047,
7719,
7718,
7719,
1922,
1922,
7719,
14048,
1922,
14048,
7720,
7719,
1034,
5501,
7719,
5501,
14048,
14048,
5501,
279,
14048,
279,
6367,
7720,
14048,
6367,
7720,
6367,
1454,
1043,
5515,
14049,
1043,
14049,
7721,
5515,
277,
5496,
5515,
5496,
14049,
14049,
5496,
1032,
14049,
1032,
7722,
7721,
14049,
7722,
7721,
7722,
1923,
1923,
7722,
14050,
1923,
14050,
7723,
7722,
1032,
5497,
7722,
5497,
14050,
14050,
5497,
276,
14050,
276,
6357,
7723,
14050,
6357,
7723,
6357,
1450,
1440,
8275,
14051,
1440,
14051,
6339,
8275,
1924,
7726,
8275,
7726,
14051,
14051,
7726,
1295,
14051,
1295,
6270,
6339,
14051,
6270,
6339,
6270,
499,
1417,
6271,
14052,
1417,
14052,
7724,
6271,
294,
5525,
6271,
5525,
14052,
14052,
5525,
1049,
14052,
1049,
7725,
7724,
14052,
7725,
7724,
7725,
1924,
1924,
7725,
14053,
1924,
14053,
7726,
7725,
1049,
5527,
7725,
5527,
14053,
14053,
5527,
292,
14053,
292,
6022,
7726,
14053,
6022,
7726,
6022,
1295,
1441,
8270,
14054,
1441,
14054,
6341,
8270,
1925,
7729,
8270,
7729,
14054,
14054,
7729,
1297,
14054,
1297,
6275,
6341,
14054,
6275,
6341,
6275,
501,
1419,
6276,
14055,
1419,
14055,
7727,
6276,
288,
5517,
6276,
5517,
14055,
14055,
5517,
1045,
14055,
1045,
7728,
7727,
14055,
7728,
7727,
7728,
1925,
1925,
7728,
14056,
1925,
14056,
7729,
7728,
1045,
5519,
7728,
5519,
14056,
14056,
5519,
286,
14056,
286,
6025,
7729,
14056,
6025,
7729,
6025,
1297,
1924,
8275,
14057,
1924,
14057,
7724,
8275,
1440,
6338,
8275,
6338,
14057,
14057,
6338,
500,
14057,
500,
6331,
7724,
14057,
6331,
7724,
6331,
1417,
1442,
8265,
14058,
1442,
14058,
6343,
8265,
1926,
7732,
8265,
7732,
14058,
14058,
7732,
1299,
14058,
1299,
6280,
6343,
14058,
6280,
6343,
6280,
503,
1297,
6025,
14059,
1297,
14059,
7730,
6025,
286,
5545,
6025,
5545,
14059,
14059,
5545,
1059,
14059,
1059,
7731,
7730,
14059,
7731,
7730,
7731,
1926,
1926,
7731,
14060,
1926,
14060,
7732,
7731,
1059,
5547,
7731,
5547,
14060,
14060,
5547,
302,
14060,
302,
6028,
7732,
14060,
6028,
7732,
6028,
1299,
1925,
8270,
14061,
1925,
14061,
7727,
8270,
1441,
6340,
8270,
6340,
14061,
14061,
6340,
502,
14061,
502,
6333,
7727,
14061,
6333,
7727,
6333,
1419,
1443,
8260,
14062,
1443,
14062,
6345,
8260,
1927,
7735,
8260,
7735,
14062,
14062,
7735,
1300,
14062,
1300,
6283,
6345,
14062,
6283,
6345,
6283,
504,
1422,
6284,
14063,
1422,
14063,
7733,
6284,
300,
5537,
6284,
5537,
14063,
14063,
5537,
1055,
14063,
1055,
7734,
7733,
14063,
7734,
7733,
7734,
1927,
1927,
7734,
14064,
1927,
14064,
7735,
7734,
1055,
5539,
7734,
5539,
14064,
14064,
5539,
298,
14064,
298,
6029,
7735,
14064,
6029,
7735,
6029,
1300,
501,
6275,
14065,
501,
14065,
6342,
6275,
1297,
7730,
6275,
7730,
14065,
14065,
7730,
1926,
14065,
1926,
8265,
6342,
14065,
8265,
6342,
8265,
1442,
1444,
8255,
14066,
1444,
14066,
6347,
8255,
1928,
7738,
8255,
7738,
14066,
14066,
7738,
1417,
14066,
1417,
6331,
6347,
14066,
6331,
6347,
6331,
500,
1423,
6286,
14067,
1423,
14067,
7736,
6286,
296,
5529,
6286,
5529,
14067,
14067,
5529,
1051,
14067,
1051,
7737,
7736,
14067,
7737,
7736,
7737,
1928,
1928,
7737,
14068,
1928,
14068,
7738,
7737,
1051,
5531,
7737,
5531,
14068,
14068,
5531,
294,
14068,
294,
6271,
7738,
14068,
6271,
7738,
6271,
1417,
1927,
8260,
14069,
1927,
14069,
7733,
8260,
1443,
6344,
8260,
6344,
14069,
14069,
6344,
505,
14069,
505,
6336,
7733,
14069,
6336,
7733,
6336,
1422,
1445,
8250,
14070,
1445,
14070,
6349,
8250,
1929,
7741,
8250,
7741,
14070,
14070,
7741,
1419,
14070,
1419,
6333,
6349,
14070,
6333,
6349,
6333,
502,
1294,
6021,
14071,
1294,
14071,
7739,
6021,
291,
5521,
6021,
5521,
14071,
14071,
5521,
1047,
14071,
1047,
7740,
7739,
14071,
7740,
7739,
7740,
1929,
1929,
7740,
14072,
1929,
14072,
7741,
7740,
1047,
5523,
7740,
5523,
14072,
14072,
5523,
288,
14072,
288,
6276,
7741,
14072,
6276,
7741,
6276,
1419,
1928,
8255,
14073,
1928,
14073,
7736,
8255,
1444,
6346,
8255,
6346,
14073,
14073,
6346,
506,
14073,
506,
6337,
7736,
14073,
6337,
7736,
6337,
1423,
1446,
8245,
14074,
1446,
14074,
6351,
8245,
1930,
7744,
8245,
7744,
14074,
14074,
7744,
1422,
14074,
1422,
6336,
6351,
14074,
6336,
6351,
6336,
505,
1299,
6028,
14075,
1299,
14075,
7742,
6028,
302,
5541,
6028,
5541,
14075,
14075,
5541,
1057,
14075,
1057,
7743,
7742,
14075,
7743,
7742,
7743,
1930,
1930,
7743,
14076,
1930,
14076,
7744,
7743,
1057,
5543,
7743,
5543,
14076,
14076,
5543,
300,
14076,
300,
6284,
7744,
14076,
6284,
7744,
6284,
1422,
498,
6269,
14077,
498,
14077,
6348,
6269,
1294,
7739,
6269,
7739,
14077,
14077,
7739,
1929,
14077,
1929,
8250,
6348,
14077,
8250,
6348,
8250,
1445,
301,
5567,
14078,
301,
14078,
5540,
5567,
1069,
7745,
5567,
7745,
14078,
14078,
7745,
1931,
14078,
1931,
7748,
5540,
14078,
7748,
5540,
7748,
1056,
1069,
5566,
14079,
1069,
14079,
7745,
5566,
311,
5560,
5566,
5560,
14079,
14079,
5560,
1066,
14079,
1066,
7746,
7745,
14079,
7746,
7745,
7746,
1931,
1931,
7746,
14080,
1931,
14080,
7747,
7746,
1066,
5561,
7746,
5561,
14080,
14080,
5561,
310,
14080,
310,
5565,
7747,
14080,
5565,
7747,
5565,
1068,
1056,
7748,
14081,
1056,
14081,
5542,
7748,
1931,
7747,
7748,
7747,
14081,
14081,
7747,
1068,
14081,
1068,
5564,
5542,
14081,
5564,
5542,
5564,
299,
297,
5571,
14082,
297,
14082,
5532,
5571,
1071,
7749,
5571,
7749,
14082,
14082,
7749,
1932,
14082,
1932,
7752,
5532,
14082,
7752,
5532,
7752,
1052,
1071,
5570,
14083,
1071,
14083,
7749,
5570,
309,
5556,
5570,
5556,
14083,
14083,
5556,
1064,
14083,
1064,
7750,
7749,
14083,
7750,
7749,
7750,
1932,
1932,
7750,
14084,
1932,
14084,
7751,
7750,
1064,
5557,
7750,
5557,
14084,
14084,
5557,
308,
14084,
308,
5569,
7751,
14084,
5569,
7751,
5569,
1070,
1052,
7752,
14085,
1052,
14085,
5534,
7752,
1932,
7751,
7752,
7751,
14085,
14085,
7751,
1070,
14085,
1070,
5568,
5534,
14085,
5568,
5534,
5568,
295,
293,
5577,
14086,
293,
14086,
5524,
5577,
1074,
7753,
5577,
7753,
14086,
14086,
7753,
1933,
14086,
1933,
7756,
5524,
14086,
7756,
5524,
7756,
1048,
1074,
5576,
14087,
1074,
14087,
7753,
5576,
307,
5552,
5576,
5552,
14087,
14087,
5552,
1062,
14087,
1062,
7754,
7753,
14087,
7754,
7753,
7754,
1933,
1933,
7754,
14088,
1933,
14088,
7755,
7754,
1062,
5553,
7754,
5553,
14088,
14088,
5553,
306,
14088,
306,
5575,
7755,
14088,
5575,
7755,
5575,
1073,
1048,
7756,
14089,
1048,
14089,
5526,
7756,
1933,
7755,
7756,
7755,
14089,
14089,
7755,
1073,
14089,
1073,
5573,
5526,
14089,
5573,
5526,
5573,
290,
287,
5581,
14090,
287,
14090,
5516,
5581,
1076,
7757,
5581,
7757,
14090,
14090,
7757,
1934,
14090,
1934,
7760,
5516,
14090,
7760,
5516,
7760,
1044,
1076,
5580,
14091,
1076,
14091,
7757,
5580,
304,
5548,
5580,
5548,
14091,
14091,
5548,
1060,
14091,
1060,
7758,
7757,
14091,
7758,
7757,
7758,
1934,
1934,
7758,
14092,
1934,
14092,
7759,
7758,
1060,
5549,
7758,
5549,
14092,
14092,
5549,
303,
14092,
303,
5579,
7759,
14092,
5579,
7759,
5579,
1075,
1044,
7760,
14093,
1044,
14093,
5518,
7760,
1934,
7759,
7760,
7759,
14093,
14093,
7759,
1075,
14093,
1075,
5578,
5518,
14093,
5578,
5518,
5578,
285,
285,
5578,
14094,
285,
14094,
5544,
5578,
1075,
7761,
5578,
7761,
14094,
14094,
7761,
1935,
14094,
1935,
7764,
5544,
14094,
7764,
5544,
7764,
1058,
1075,
5579,
14095,
1075,
14095,
7761,
5579,
303,
5562,
5579,
5562,
14095,
14095,
5562,
1067,
14095,
1067,
7762,
7761,
14095,
7762,
7761,
7762,
1935,
1935,
7762,
14096,
1935,
14096,
7763,
7762,
1067,
5563,
7762,
5563,
14096,
14096,
5563,
311,
14096,
311,
5566,
7763,
14096,
5566,
7763,
5566,
1069,
1058,
7764,
14097,
1058,
14097,
5546,
7764,
1935,
7763,
7764,
7763,
14097,
14097,
7763,
1069,
14097,
1069,
5567,
5546,
14097,
5567,
5546,
5567,
301,
299,
5564,
14098,
299,
14098,
5536,
5564,
1068,
7765,
5564,
7765,
14098,
14098,
7765,
1936,
14098,
1936,
7768,
5536,
14098,
7768,
5536,
7768,
1054,
1068,
5565,
14099,
1068,
14099,
7765,
5565,
310,
5558,
5565,
5558,
14099,
14099,
5558,
1065,
14099,
1065,
7766,
7765,
14099,
7766,
7765,
7766,
1936,
1936,
7766,
14100,
1936,
14100,
7767,
7766,
1065,
5559,
7766,
5559,
14100,
14100,
5559,
309,
14100,
309,
5570,
7767,
14100,
5570,
7767,
5570,
1071,
1054,
7768,
14101,
1054,
14101,
5538,
7768,
1936,
7767,
7768,
7767,
14101,
14101,
7767,
1071,
14101,
1071,
5571,
5538,
14101,
5571,
5538,
5571,
297,
295,
5568,
14102,
295,
14102,
5528,
5568,
1070,
7769,
5568,
7769,
14102,
14102,
7769,
1937,
14102,
1937,
7772,
5528,
14102,
7772,
5528,
7772,
1050,
1070,
5569,
14103,
1070,
14103,
7769,
5569,
308,
5554,
5569,
5554,
14103,
14103,
5554,
1063,
14103,
1063,
7770,
7769,
14103,
7770,
7769,
7770,
1937,
1937,
7770,
14104,
1937,
14104,
7771,
7770,
1063,
5555,
7770,
5555,
14104,
14104,
5555,
307,
14104,
307,
5576,
7771,
14104,
5576,
7771,
5576,
1074,
1050,
7772,
14105,
1050,
14105,
5530,
7772,
1937,
7771,
7772,
7771,
14105,
14105,
7771,
1074,
14105,
1074,
5577,
5530,
14105,
5577,
5530,
5577,
293,
289,
5572,
14106,
289,
14106,
5520,
5572,
1072,
7773,
5572,
7773,
14106,
14106,
7773,
1938,
14106,
1938,
7776,
5520,
14106,
7776,
5520,
7776,
1046,
1072,
5574,
14107,
1072,
14107,
7773,
5574,
305,
5550,
5574,
5550,
14107,
14107,
5550,
1061,
14107,
1061,
7774,
7773,
14107,
7774,
7773,
7774,
1938,
1938,
7774,
14108,
1938,
14108,
7775,
7774,
1061,
5551,
7774,
5551,
14108,
14108,
5551,
304,
14108,
304,
5580,
7775,
14108,
5580,
7775,
5580,
1076,
1046,
7776,
14109,
1046,
14109,
5522,
7776,
1938,
7775,
7776,
7775,
14109,
14109,
7775,
1076,
14109,
1076,
5581,
5522,
14109,
5581,
5522,
5581,
287,
477,
5834,
14110,
477,
14110,
6263,
5834,
1208,
7777,
5834,
7777,
14110,
14110,
7777,
1939,
14110,
1939,
7780,
6263,
14110,
7780,
6263,
7780,
1414,
1208,
5835,
14111,
1208,
14111,
7777,
5835,
395,
5801,
5835,
5801,
14111,
14111,
5801,
1191,
14111,
1191,
7778,
7777,
14111,
7778,
7777,
7778,
1939,
1939,
7778,
14112,
1939,
14112,
7779,
7778,
1191,
5800,
7778,
5800,
14112,
14112,
5800,
394,
14112,
394,
5831,
7779,
14112,
5831,
7779,
5831,
1206,
1414,
7780,
14113,
1414,
14113,
6264,
7780,
1939,
7779,
7780,
7779,
14113,
14113,
7779,
1206,
14113,
1206,
5830,
6264,
14113,
5830,
6264,
5830,
475,
473,
5826,
14114,
473,
14114,
6259,
5826,
1204,
7781,
5826,
7781,
14114,
14114,
7781,
1940,
14114,
1940,
7784,
6259,
14114,
7784,
6259,
7784,
1412,
1204,
5827,
14115,
1204,
14115,
7781,
5827,
393,
5797,
5827,
5797,
14115,
14115,
5797,
1189,
14115,
1189,
7782,
7781,
14115,
7782,
7781,
7782,
1940,
1940,
7782,
14116,
1940,
14116,
7783,
7782,
1189,
5796,
7782,
5796,
14116,
14116,
5796,
392,
14116,
392,
5823,
7783,
14116,
5823,
7783,
5823,
1202,
1412,
7784,
14117,
1412,
14117,
6260,
7784,
1940,
7783,
7784,
7783,
14117,
14117,
7783,
1202,
14117,
1202,
5821,
6260,
14117,
5821,
6260,
5821,
471,
463,
5810,
14118,
463,
14118,
6255,
5810,
1196,
7785,
5810,
7785,
14118,
14118,
7785,
1941,
14118,
1941,
7788,
6255,
14118,
7788,
6255,
7788,
1410,
1196,
5811,
14119,
1196,
14119,
7785,
5811,
389,
5807,
5811,
5807,
14119,
14119,
5807,
1194,
14119,
1194,
7786,
7785,
14119,
7786,
7785,
7786,
1941,
1941,
7786,
14120,
1941,
14120,
7787,
7786,
1194,
5806,
7786,
5806,
14120,
14120,
5806,
397,
14120,
397,
6209,
7787,
14120,
6209,
7787,
6209,
1391,
1410,
7788,
14121,
1410,
14121,
6256,
7788,
1941,
7787,
7788,
7787,
14121,
14121,
7787,
1391,
14121,
1391,
6210,
6256,
14121,
6210,
6256,
6210,
464,
479,
5838,
14122,
479,
14122,
6251,
5838,
1210,
7789,
5838,
7789,
14122,
14122,
7789,
1942,
14122,
1942,
7792,
6251,
14122,
7792,
6251,
7792,
1408,
1210,
5839,
14123,
1210,
14123,
7789,
5839,
396,
5803,
5839,
5803,
14123,
14123,
5803,
1192,
14123,
1192,
7790,
7789,
14123,
7790,
7789,
7790,
1942,
1942,
7790,
14124,
1942,
14124,
7791,
7790,
1192,
5802,
7790,
5802,
14124,
14124,
5802,
395,
14124,
395,
5835,
7791,
14124,
5835,
7791,
5835,
1208,
1408,
7792,
14125,
1408,
14125,
6252,
7792,
1942,
7791,
7792,
7791,
14125,
14125,
7791,
1208,
14125,
1208,
5834,
6252,
14125,
5834,
6252,
5834,
477,
475,
5830,
14126,
475,
14126,
6247,
5830,
1206,
7793,
5830,
7793,
14126,
14126,
7793,
1943,
14126,
1943,
7796,
6247,
14126,
7796,
6247,
7796,
1406,
1206,
5831,
14127,
1206,
14127,
7793,
5831,
394,
5799,
5831,
5799,
14127,
14127,
5799,
1190,
14127,
1190,
7794,
7793,
14127,
7794,
7793,
7794,
1943,
1943,
7794,
14128,
1943,
14128,
7795,
7794,
1190,
5798,
7794,
5798,
14128,
14128,
5798,
393,
14128,
393,
5827,
7795,
14128,
5827,
7795,
5827,
1204,
1406,
7796,
14129,
1406,
14129,
6248,
7796,
1943,
7795,
7796,
7795,
14129,
14129,
7795,
1204,
14129,
1204,
5826,
6248,
14129,
5826,
6248,
5826,
473,
470,
5820,
14130,
470,
14130,
6243,
5820,
1201,
7797,
5820,
7797,
14130,
14130,
7797,
1944,
14130,
1944,
7800,
6243,
14130,
7800,
6243,
7800,
1404,
1201,
5822,
14131,
1201,
14131,
7797,
5822,
391,
5795,
5822,
5795,
14131,
14131,
5795,
1188,
14131,
1188,
7798,
7797,
14131,
7798,
7797,
7798,
1944,
1944,
7798,
14132,
1944,
14132,
7799,
7798,
1188,
5794,
7798,
5794,
14132,
14132,
5794,
390,
14132,
390,
5815,
7799,
14132,
5815,
7799,
5815,
1198,
1404,
7800,
14133,
1404,
14133,
6244,
7800,
1944,
7799,
7800,
7799,
14133,
14133,
7799,
1198,
14133,
1198,
5814,
6244,
14133,
5814,
6244,
5814,
467,
1447,
8240,
14134,
1447,
14134,
6353,
8240,
1945,
7803,
8240,
7803,
14134,
14134,
7803,
1423,
14134,
1423,
6337,
6353,
14134,
6337,
6353,
6337,
506,
1300,
6029,
14135,
1300,
14135,
7801,
6029,
298,
5533,
6029,
5533,
14135,
14135,
5533,
1053,
14135,
1053,
7802,
7801,
14135,
7802,
7801,
7802,
1945,
1945,
7802,
14136,
1945,
14136,
7803,
7802,
1053,
5535,
7802,
5535,
14136,
14136,
5535,
296,
14136,
296,
6286,
7803,
14136,
6286,
7803,
6286,
1423,
503,
6280,
14137,
503,
14137,
6350,
6280,
1299,
7742,
6280,
7742,
14137,
14137,
7742,
1930,
14137,
1930,
8245,
6350,
14137,
8245,
6350,
8245,
1446,
464,
6210,
14138,
464,
14138,
6239,
6210,
1391,
7804,
6210,
7804,
14138,
14138,
7804,
1946,
14138,
1946,
7807,
6239,
14138,
7807,
6239,
7807,
1402,
1391,
6209,
14139,
1391,
14139,
7804,
6209,
397,
5805,
6209,
5805,
14139,
14139,
5805,
1193,
14139,
1193,
7805,
7804,
14139,
7805,
7804,
7805,
1946,
1946,
7805,
14140,
1946,
14140,
7806,
7805,
1193,
5804,
7805,
5804,
14140,
14140,
5804,
396,
14140,
396,
5839,
7806,
14140,
5839,
7806,
5839,
1210,
1402,
7807,
14141,
1402,
14141,
6240,
7807,
1946,
7806,
7807,
7806,
14141,
14141,
7806,
1210,
14141,
1210,
5838,
6240,
14141,
5838,
6240,
5838,
479,
522,
6430,
14142,
522,
14142,
5836,
6430,
1488,
7808,
6430,
7808,
14142,
14142,
7808,
1947,
14142,
1947,
7811,
5836,
14142,
7811,
5836,
7811,
1209,
1488,
6429,
14143,
1488,
14143,
7808,
6429,
524,
6414,
6429,
6414,
14143,
14143,
6414,
1480,
14143,
1480,
7809,
7808,
14143,
7809,
7808,
7809,
1947,
1947,
7809,
14144,
1947,
14144,
7810,
7809,
1480,
6413,
7809,
6413,
14144,
14144,
6413,
338,
14144,
338,
5615,
7810,
14144,
5615,
7810,
5615,
1094,
1209,
7811,
14145,
1209,
14145,
5837,
7811,
1947,
7810,
7811,
7810,
14145,
14145,
7810,
1094,
14145,
1094,
5617,
5837,
14145,
5617,
5837,
5617,
336,
520,
6428,
14146,
520,
14146,
5828,
6428,
1487,
7812,
6428,
7812,
14146,
14146,
7812,
1948,
14146,
1948,
7815,
5828,
14146,
7815,
5828,
7815,
1205,
1487,
6427,
14147,
1487,
14147,
7812,
6427,
521,
5832,
6427,
5832,
14147,
14147,
5832,
1207,
14147,
1207,
7813,
7812,
14147,
7813,
7812,
7813,
1948,
1948,
7813,
14148,
1948,
14148,
7814,
7813,
1207,
5833,
7813,
5833,
14148,
14148,
5833,
334,
14148,
334,
5607,
7814,
14148,
5607,
7814,
5607,
1090,
1205,
7815,
14149,
1205,
14149,
5829,
7815,
1948,
7814,
7815,
7814,
14149,
14149,
7814,
1090,
14149,
1090,
5609,
5829,
14149,
5609,
5829,
5609,
331,
524,
6426,
14150,
524,
14150,
6414,
6426,
1486,
7816,
6426,
7816,
14150,
14150,
7816,
1949,
14150,
1949,
7819,
6414,
14150,
7819,
6414,
7819,
1480,
1486,
6425,
14151,
1486,
14151,
7816,
6425,
523,
6412,
6425,
6412,
14151,
14151,
6412,
1479,
14151,
1479,
7817,
7816,
14151,
7817,
7816,
7817,
1949,
1949,
7817,
14152,
1949,
14152,
7818,
7817,
1479,
6411,
7817,
6411,
14152,
14152,
6411,
321,
14152,
321,
5619,
7818,
14152,
5619,
7818,
5619,
1096,
1480,
7819,
14153,
1480,
14153,
6413,
7819,
1949,
7818,
7819,
7818,
14153,
14153,
7818,
1096,
14153,
1096,
5621,
6413,
14153,
5621,
6413,
5621,
338,
521,
6424,
14154,
521,
14154,
5832,
6424,
1485,
7820,
6424,
7820,
14154,
14154,
7820,
1950,
14154,
1950,
7823,
5832,
14154,
7823,
5832,
7823,
1207,
1485,
6423,
14155,
1485,
14155,
7820,
6423,
522,
5836,
6423,
5836,
14155,
14155,
5836,
1209,
14155,
1209,
7821,
7820,
14155,
7821,
7820,
7821,
1950,
1950,
7821,
14156,
1950,
14156,
7822,
7821,
1209,
5837,
7821,
5837,
14156,
14156,
5837,
336,
14156,
336,
5611,
7822,
14156,
5611,
7822,
5611,
1092,
1207,
7823,
14157,
1207,
14157,
5833,
7823,
1950,
7822,
7823,
7822,
14157,
14157,
7822,
1092,
14157,
1092,
5613,
5833,
14157,
5613,
5833,
5613,
334,
519,
6422,
14158,
519,
14158,
5824,
6422,
1484,
7824,
6422,
7824,
14158,
14158,
7824,
1951,
14158,
1951,
7827,
5824,
14158,
7827,
5824,
7827,
1203,
1484,
6421,
14159,
1484,
14159,
7824,
6421,
520,
5828,
6421,
5828,
14159,
14159,
5828,
1205,
14159,
1205,
7825,
7824,
14159,
7825,
7824,
7825,
1951,
1951,
7825,
14160,
1951,
14160,
7826,
7825,
1205,
5829,
7825,
5829,
14160,
14160,
5829,
331,
14160,
331,
5602,
7826,
14160,
5602,
7826,
5602,
1087,
1203,
7827,
14161,
1203,
14161,
5825,
7827,
1951,
7826,
7827,
7826,
14161,
14161,
7826,
1087,
14161,
1087,
5604,
5825,
14161,
5604,
5825,
5604,
329,
518,
6420,
14162,
518,
14162,
5817,
6420,
1483,
7828,
6420,
7828,
14162,
14162,
7828,
1952,
14162,
1952,
7831,
5817,
14162,
7831,
5817,
7831,
1200,
1483,
6419,
14163,
1483,
14163,
7828,
6419,
519,
5824,
6419,
5824,
14163,
14163,
5824,
1203,
14163,
1203,
7829,
7828,
14163,
7829,
7828,
7829,
1952,
1952,
7829,
14164,
1952,
14164,
7830,
7829,
1203,
5825,
7829,
5825,
14164,
14164,
5825,
329,
14164,
329,
5598,
7830,
14164,
5598,
7830,
5598,
1085,
1200,
7831,
14165,
1200,
14165,
5819,
7831,
1952,
7830,
7831,
7830,
14165,
14165,
7830,
1085,
14165,
1085,
5600,
5819,
14165,
5600,
5819,
5600,
326,
335,
5647,
14166,
335,
14166,
5610,
5647,
1109,
7832,
5647,
7832,
14166,
14166,
7832,
1953,
14166,
1953,
7835,
5610,
14166,
7835,
5610,
7835,
1091,
1109,
5646,
14167,
1109,
14167,
7832,
5646,
346,
5638,
5646,
5638,
14167,
14167,
5638,
1105,
14167,
1105,
7833,
7832,
14167,
7833,
7832,
7833,
1953,
1953,
7833,
14168,
1953,
14168,
7834,
7833,
1105,
5639,
7833,
5639,
14168,
14168,
5639,
345,
14168,
345,
5645,
7834,
14168,
5645,
7834,
5645,
1108,
1091,
7835,
14169,
1091,
14169,
5612,
7835,
1953,
7834,
7835,
7834,
14169,
14169,
7834,
1108,
14169,
1108,
5644,
5612,
14169,
5644,
5612,
5644,
333,
332,
5651,
14170,
332,
14170,
5603,
5651,
1111,
7836,
5651,
7836,
14170,
14170,
7836,
1954,
14170,
1954,
7839,
5603,
14170,
7839,
5603,
7839,
1088,
1111,
5650,
14171,
1111,
14171,
7836,
5650,
344,
5634,
5650,
5634,
14171,
14171,
5634,
1103,
14171,
1103,
7837,
7836,
14171,
7837,
7836,
7837,
1954,
1954,
7837,
14172,
1954,
14172,
7838,
7837,
1103,
5635,
7837,
5635,
14172,
14172,
5635,
343,
14172,
343,
5649,
7838,
14172,
5649,
7838,
5649,
1110,
1088,
7839,
14173,
1088,
14173,
5605,
7839,
1954,
7838,
7839,
7838,
14173,
14173,
7838,
1110,
14173,
1110,
5648,
5605,
14173,
5648,
5605,
5648,
330,
327,
5656,
14174,
327,
14174,
5595,
5656,
1113,
7840,
5656,
7840,
14174,
14174,
7840,
1955,
14174,
1955,
7843,
5595,
14174,
7843,
5595,
7843,
1084,
1113,
5654,
14175,
1113,
14175,
7840,
5654,
341,
5630,
5654,
5630,
14175,
14175,
5630,
1101,
14175,
1101,
7841,
7840,
14175,
7841,
7840,
7841,
1955,
1955,
7841,
14176,
1955,
14176,
7842,
7841,
1101,
5631,
7841,
5631,
14176,
14176,
5631,
340,
14176,
340,
5653,
7842,
14176,
5653,
7842,
5653,
1112,
1084,
7843,
14177,
1084,
14177,
5597,
7843,
1955,
7842,
7843,
7842,
14177,
14177,
7842,
1112,
14177,
1112,
5652,
5597,
14177,
5652,
5597,
5652,
324,
337,
5659,
14178,
337,
14178,
5614,
5659,
1115,
7844,
5659,
7844,
14178,
14178,
7844,
1956,
14178,
1956,
7847,
5614,
14178,
7847,
5614,
7847,
1093,
1115,
5658,
14179,
1115,
14179,
7844,
5658,
347,
5640,
5658,
5640,
14179,
14179,
5640,
1106,
14179,
1106,
7845,
7844,
14179,
7845,
7844,
7845,
1956,
1956,
7845,
14180,
1956,
14180,
7846,
7845,
1106,
5641,
7845,
5641,
14180,
14180,
5641,
346,
14180,
346,
5646,
7846,
14180,
5646,
7846,
5646,
1109,
1093,
7847,
14181,
1093,
14181,
5616,
7847,
1956,
7846,
7847,
7846,
14181,
14181,
7846,
1109,
14181,
1109,
5647,
5616,
14181,
5647,
5616,
5647,
335,
333,
5644,
14182,
333,
14182,
5606,
5644,
1108,
7848,
5644,
7848,
14182,
14182,
7848,
1957,
14182,
1957,
7851,
5606,
14182,
7851,
5606,
7851,
1089,
1108,
5645,
14183,
1108,
14183,
7848,
5645,
345,
5636,
5645,
5636,
14183,
14183,
5636,
1104,
14183,
1104,
7849,
7848,
14183,
7849,
7848,
7849,
1957,
1957,
7849,
14184,
1957,
14184,
7850,
7849,
1104,
5637,
7849,
5637,
14184,
14184,
5637,
344,
14184,
344,
5650,
7850,
14184,
5650,
7850,
5650,
1111,
1089,
7851,
14185,
1089,
14185,
5608,
7851,
1957,
7850,
7851,
7850,
14185,
14185,
7850,
1111,
14185,
1111,
5651,
5608,
14185,
5651,
5608,
5651,
332,
330,
5648,
14186,
330,
14186,
5599,
5648,
1110,
7852,
5648,
7852,
14186,
14186,
7852,
1958,
14186,
1958,
7855,
5599,
14186,
7855,
5599,
7855,
1086,
1110,
5649,
14187,
1110,
14187,
7852,
5649,
343,
5632,
5649,
5632,
14187,
14187,
5632,
1102,
14187,
1102,
7853,
7852,
14187,
7853,
7852,
7853,
1958,
1958,
7853,
14188,
1958,
14188,
7854,
7853,
1102,
5633,
7853,
5633,
14188,
14188,
5633,
342,
14188,
342,
5655,
7854,
14188,
5655,
7854,
5655,
1114,
1086,
7855,
14189,
1086,
14189,
5601,
7855,
1958,
7854,
7855,
7854,
14189,
14189,
7854,
1114,
14189,
1114,
5657,
5601,
14189,
5657,
5601,
5657,
328,
324,
5652,
14190,
324,
14190,
5591,
5652,
1112,
7856,
5652,
7856,
14190,
14190,
7856,
1959,
14190,
1959,
7859,
5591,
14190,
7859,
5591,
7859,
1082,
1112,
5653,
14191,
1112,
14191,
7856,
5653,
340,
5628,
5653,
5628,
14191,
14191,
5628,
1100,
14191,
1100,
7857,
7856,
14191,
7857,
7856,
7857,
1959,
1959,
7857,
14192,
1959,
14192,
7858,
7857,
1100,
5629,
7857,
5629,
14192,
14192,
5629,
339,
14192,
339,
5661,
7858,
14192,
5661,
7858,
5661,
1116,
1082,
7859,
14193,
1082,
14193,
5593,
7859,
1959,
7858,
7859,
7858,
14193,
14193,
7858,
1116,
14193,
1116,
5660,
5593,
14193,
5660,
5593,
5660,
322,
322,
5660,
14194,
322,
14194,
5618,
5660,
1116,
7860,
5660,
7860,
14194,
14194,
7860,
1960,
14194,
1960,
7863,
5618,
14194,
7863,
5618,
7863,
1095,
1116,
5661,
14195,
1116,
14195,
7860,
5661,
339,
5642,
5661,
5642,
14195,
14195,
5642,
1107,
14195,
1107,
7861,
7860,
14195,
7861,
7860,
7861,
1960,
1960,
7861,
14196,
1960,
14196,
7862,
7861,
1107,
5643,
7861,
5643,
14196,
14196,
5643,
347,
14196,
347,
5658,
7862,
14196,
5658,
7862,
5658,
1115,
1095,
7863,
14197,
1095,
14197,
5620,
7863,
1960,
7862,
7863,
7862,
14197,
14197,
7862,
1115,
14197,
1115,
5659,
5620,
14197,
5659,
5620,
5659,
337,
339,
5629,
14198,
339,
14198,
5663,
5629,
1100,
7864,
5629,
7864,
14198,
14198,
7864,
1961,
14198,
1961,
7867,
5663,
14198,
7867,
5663,
7867,
1117,
1100,
5628,
14199,
1100,
14199,
7864,
5628,
340,
5664,
5628,
5664,
14199,
14199,
5664,
1118,
14199,
1118,
7865,
7864,
14199,
7865,
7864,
7865,
1961,
1961,
7865,
14200,
1961,
14200,
7866,
7865,
1118,
5665,
7865,
5665,
14200,
14200,
5665,
11,
14200,
11,
4659,
7866,
14200,
4659,
7866,
4659,
619,
1117,
7867,
14201,
1117,
14201,
5662,
7867,
1961,
7866,
7867,
7866,
14201,
14201,
7866,
619,
14201,
619,
4658,
5662,
14201,
4658,
5662,
4658,
2,
340,
5631,
14202,
340,
14202,
5664,
5631,
1101,
7868,
5631,
7868,
14202,
14202,
7868,
1962,
14202,
1962,
7871,
5664,
14202,
7871,
5664,
7871,
1118,
1101,
5630,
14203,
1101,
14203,
7868,
5630,
341,
5666,
5630,
5666,
14203,
14203,
5666,
1119,
14203,
1119,
7869,
7868,
14203,
7869,
7868,
7869,
1962,
1962,
7869,
14204,
1962,
14204,
7870,
7869,
1119,
5668,
7869,
5668,
14204,
14204,
5668,
18,
14204,
18,
4673,
7870,
14204,
4673,
7870,
4673,
626,
1118,
7871,
14205,
1118,
14205,
5665,
7871,
1962,
7870,
7871,
7870,
14205,
14205,
7870,
626,
14205,
626,
4672,
5665,
14205,
4672,
5665,
4672,
11,
342,
5633,
14206,
342,
14206,
5667,
5633,
1102,
7872,
5633,
7872,
14206,
14206,
7872,
1963,
14206,
1963,
7875,
5667,
14206,
7875,
5667,
7875,
1120,
1102,
5632,
14207,
1102,
14207,
7872,
5632,
343,
5670,
5632,
5670,
14207,
14207,
5670,
1121,
14207,
1121,
7873,
7872,
14207,
7873,
7872,
7873,
1963,
1963,
7873,
14208,
1963,
14208,
7874,
7873,
1121,
5671,
7873,
5671,
14208,
14208,
5671,
10,
14208,
10,
4687,
7874,
14208,
4687,
7874,
4687,
633,
1120,
7875,
14209,
1120,
14209,
5669,
7875,
1963,
7874,
7875,
7874,
14209,
14209,
7874,
633,
14209,
633,
4686,
5669,
14209,
4686,
5669,
4686,
19,
343,
5635,
14210,
343,
14210,
5670,
5635,
1103,
7876,
5635,
7876,
14210,
14210,
7876,
1964,
14210,
1964,
7879,
5670,
14210,
7879,
5670,
7879,
1121,
1103,
5634,
14211,
1103,
14211,
7876,
5634,
344,
5672,
5634,
5672,
14211,
14211,
5672,
1122,
14211,
1122,
7877,
7876,
14211,
7877,
7876,
7877,
1964,
1964,
7877,
14212,
1964,
14212,
7878,
7877,
1122,
5673,
7877,
5673,
14212,
14212,
5673,
0,
14212,
0,
4603,
7878,
14212,
4603,
7878,
4603,
598,
1121,
7879,
14213,
1121,
14213,
5671,
7879,
1964,
7878,
7879,
7878,
14213,
14213,
7878,
598,
14213,
598,
4602,
5671,
14213,
4602,
5671,
4602,
10,
344,
5637,
14214,
344,
14214,
5672,
5637,
1104,
7880,
5637,
7880,
14214,
14214,
7880,
1965,
14214,
1965,
7883,
5672,
14214,
7883,
5672,
7883,
1122,
1104,
5636,
14215,
1104,
14215,
7880,
5636,
345,
5674,
5636,
5674,
14215,
14215,
5674,
1123,
14215,
1123,
7881,
7880,
14215,
7881,
7880,
7881,
1965,
1965,
7881,
14216,
1965,
14216,
7882,
7881,
1123,
5675,
7881,
5675,
14216,
14216,
5675,
31,
14216,
31,
4641,
7882,
14216,
4641,
7882,
4641,
611,
1122,
7883,
14217,
1122,
14217,
5673,
7883,
1965,
7882,
7883,
7882,
14217,
14217,
7882,
611,
14217,
611,
4640,
5673,
14217,
4640,
5673,
4640,
0,
345,
5639,
14218,
345,
14218,
5674,
5639,
1105,
7884,
5639,
7884,
14218,
14218,
7884,
1966,
14218,
1966,
7887,
5674,
14218,
7887,
5674,
7887,
1123,
1105,
5638,
14219,
1105,
14219,
7884,
5638,
346,
5676,
5638,
5676,
14219,
14219,
5676,
1124,
14219,
1124,
7885,
7884,
14219,
7885,
7884,
7885,
1966,
1966,
7885,
14220,
1966,
14220,
7886,
7885,
1124,
5677,
7885,
5677,
14220,
14220,
5677,
7,
14220,
7,
4639,
7886,
14220,
4639,
7886,
4639,
610,
1123,
7887,
14221,
1123,
14221,
5675,
7887,
1966,
7886,
7887,
7886,
14221,
14221,
7886,
610,
14221,
610,
4638,
5675,
14221,
4638,
5675,
4638,
31,
346,
5641,
14222,
346,
14222,
5676,
5641,
1106,
7888,
5641,
7888,
14222,
14222,
7888,
1967,
14222,
1967,
7891,
5676,
14222,
7891,
5676,
7891,
1124,
1106,
5640,
14223,
1106,
14223,
7888,
5640,
347,
5678,
5640,
5678,
14223,
14223,
5678,
1125,
14223,
1125,
7889,
7888,
14223,
7889,
7888,
7889,
1967,
1967,
7889,
14224,
1967,
14224,
7890,
7889,
1125,
5679,
7889,
5679,
14224,
14224,
5679,
33,
14224,
33,
4725,
7890,
14224,
4725,
7890,
4725,
652,
1124,
7891,
14225,
1124,
14225,
5677,
7891,
1967,
7890,
7891,
7890,
14225,
14225,
7890,
652,
14225,
652,
4724,
5677,
14225,
4724,
5677,
4724,
7,
347,
5643,
14226,
347,
14226,
5678,
5643,
1107,
7892,
5643,
7892,
14226,
14226,
7892,
1968,
14226,
1968,
7895,
5678,
14226,
7895,
5678,
7895,
1125,
1107,
5642,
14227,
1107,
14227,
7892,
5642,
339,
5663,
5642,
5663,
14227,
14227,
5663,
1117,
14227,
1117,
7893,
7892,
14227,
7893,
7892,
7893,
1968,
1968,
7893,
14228,
1968,
14228,
7894,
7893,
1117,
5662,
7893,
5662,
14228,
14228,
5662,
2,
14228,
2,
4599,
7894,
14228,
4599,
7894,
4599,
596,
1125,
7895,
14229,
1125,
14229,
5679,
7895,
1968,
7894,
7895,
7894,
14229,
14229,
7894,
596,
14229,
596,
4598,
5679,
14229,
4598,
5679,
4598,
33,
354,
6084,
14230,
354,
14230,
5691,
6084,
1326,
7896,
6084,
7896,
14230,
14230,
7896,
1969,
14230,
1969,
7899,
5691,
14230,
7899,
5691,
7899,
1131,
1326,
6085,
14231,
1326,
14231,
7896,
6085,
422,
5896,
6085,
5896,
14231,
14231,
5896,
1239,
14231,
1239,
7897,
7896,
14231,
7897,
7896,
7897,
1969,
1969,
7897,
14232,
1969,
14232,
7898,
7897,
1239,
5897,
7897,
5897,
14232,
14232,
5897,
257,
14232,
257,
5456,
7898,
14232,
5456,
7898,
5456,
1012,
1131,
7899,
14233,
1131,
14233,
5690,
7899,
1969,
7898,
7899,
7898,
14233,
14233,
7898,
1012,
14233,
1012,
5457,
5690,
14233,
5457,
5690,
5457,
357,
425,
5957,
14234,
425,
14234,
5929,
5957,
1269,
7900,
5957,
7900,
14234,
14234,
7900,
1970,
14234,
1970,
7903,
5929,
14234,
7903,
5929,
7903,
1255,
1269,
5956,
14235,
1269,
14235,
7900,
5956,
424,
5927,
5956,
5927,
14235,
14235,
5927,
1254,
14235,
1254,
7901,
7900,
14235,
7901,
7900,
7901,
1970,
1970,
7901,
14236,
1970,
14236,
7902,
7901,
1254,
5926,
7901,
5926,
14236,
14236,
5926,
405,
14236,
405,
5862,
7902,
14236,
5862,
7902,
5862,
1221,
1255,
7903,
14237,
1255,
14237,
5928,
7903,
1970,
7902,
7903,
7902,
14237,
14237,
7902,
1221,
14237,
1221,
5860,
5928,
14237,
5860,
5928,
5860,
408,
423,
5851,
14238,
423,
14238,
5925,
5851,
1216,
7904,
5851,
7904,
14238,
14238,
7904,
1971,
14238,
1971,
7907,
5925,
14238,
7907,
5925,
7907,
1253,
1216,
5850,
14239,
1216,
14239,
7904,
5850,
356,
5458,
5850,
5458,
14239,
14239,
5458,
1013,
14239,
1013,
7905,
7904,
14239,
7905,
7904,
7905,
1971,
1971,
7905,
14240,
1971,
14240,
7906,
7905,
1013,
5459,
7905,
5459,
14240,
14240,
5459,
407,
14240,
407,
5875,
7906,
14240,
5875,
7906,
5875,
1228,
1253,
7907,
14241,
1253,
14241,
5924,
7907,
1971,
7906,
7907,
7906,
14241,
14241,
7906,
1228,
14241,
1228,
5872,
5924,
14241,
5872,
5924,
5872,
402,
407,
5459,
14242,
407,
14242,
5909,
5459,
1013,
7908,
5459,
7908,
14242,
14242,
7908,
1972,
14242,
1972,
7911,
5909,
14242,
7911,
5909,
7911,
1246,
1013,
5458,
14243,
1013,
14243,
7908,
5458,
356,
5847,
5458,
5847,
14243,
14243,
5847,
1215,
14243,
1215,
7909,
7908,
14243,
7909,
7908,
7909,
1972,
1972,
7909,
14244,
1972,
14244,
7910,
7909,
1215,
5849,
7909,
5849,
14244,
14244,
5849,
316,
14244,
316,
5945,
7910,
14244,
5945,
7910,
5945,
1264,
1246,
7911,
14245,
1246,
14245,
5911,
7911,
1972,
7910,
7911,
7910,
14245,
14245,
7910,
1264,
14245,
1264,
5947,
5911,
14245,
5947,
5911,
5947,
416,
413,
5877,
14246,
413,
14246,
5842,
5877,
1229,
7912,
5877,
7912,
14246,
14246,
7912,
1973,
14246,
1973,
7915,
5842,
14246,
7915,
5842,
7915,
1212,
1229,
5876,
14247,
1229,
14247,
7912,
5876,
412,
6205,
5876,
6205,
14247,
14247,
6205,
1389,
14247,
1389,
7913,
7912,
14247,
7913,
7912,
7913,
1973,
1973,
7913,
14248,
1973,
14248,
7914,
7913,
1389,
6204,
7913,
6204,
14248,
14248,
6204,
460,
14248,
460,
6194,
7914,
14248,
6194,
7914,
6194,
1383,
1212,
7915,
14249,
1212,
14249,
5843,
7915,
1973,
7914,
7915,
7914,
14249,
14249,
7914,
1383,
14249,
1383,
6192,
5843,
14249,
6192,
5843,
6192,
398,
411,
5881,
14250,
411,
14250,
5922,
5881,
1231,
7916,
5881,
7916,
14250,
14250,
7916,
1974,
14250,
1974,
7919,
5922,
14250,
7919,
5922,
7919,
1252,
1231,
5879,
14251,
1231,
14251,
7916,
5879,
418,
5933,
5879,
5933,
14251,
14251,
5933,
1258,
14251,
1258,
7917,
7916,
14251,
7917,
7916,
7917,
1974,
1974,
7917,
14252,
1974,
14252,
7918,
7917,
1258,
5935,
7917,
5935,
14252,
14252,
5935,
427,
14252,
427,
5953,
7918,
14252,
5953,
7918,
5953,
1267,
1252,
7919,
14253,
1252,
14253,
5923,
7919,
1974,
7918,
7919,
7918,
14253,
14253,
7918,
1267,
14253,
1267,
5952,
5923,
14253,
5952,
5923,
5952,
257,
359,
5695,
14254,
359,
14254,
6190,
5695,
1133,
7920,
5695,
7920,
14254,
14254,
7920,
1975,
14254,
1975,
7923,
6190,
14254,
7923,
6190,
7923,
1382,
1133,
5694,
14255,
1133,
14255,
7920,
5694,
399,
6193,
5694,
6193,
14255,
14255,
6193,
1384,
14255,
1384,
7921,
7920,
14255,
7921,
7920,
7921,
1975,
1975,
7921,
14256,
1975,
14256,
7922,
7921,
1384,
6195,
7921,
6195,
14256,
14256,
6195,
461,
14256,
461,
6189,
7922,
14256,
6189,
7922,
6189,
1381,
1382,
7923,
14257,
1382,
14257,
6191,
7923,
1975,
7922,
7923,
7922,
14257,
14257,
7922,
1381,
14257,
1381,
6188,
6191,
14257,
6188,
6191,
6188,
456,
257,
5921,
14258,
257,
14258,
5923,
5921,
1251,
7924,
5921,
7924,
14258,
14258,
7924,
1976,
14258,
1976,
7927,
5923,
14258,
7927,
5923,
7927,
1252,
1251,
5920,
14259,
1251,
14259,
7924,
5920,
425,
5929,
5920,
5929,
14259,
14259,
5929,
1255,
14259,
1255,
7925,
7924,
14259,
7925,
7924,
7925,
1976,
1976,
7925,
14260,
1976,
14260,
7926,
7925,
1255,
5928,
7925,
5928,
14260,
14260,
5928,
408,
14260,
408,
5866,
7926,
14260,
5866,
7926,
5866,
1224,
1252,
7927,
14261,
1252,
14261,
5922,
7927,
1976,
7926,
7927,
7926,
14261,
14261,
7926,
1224,
14261,
1224,
5865,
5922,
14261,
5865,
5922,
5865,
411,
358,
5692,
14262,
358,
14262,
5898,
5692,
1132,
7928,
5692,
7928,
14262,
14262,
7928,
1977,
14262,
1977,
7931,
5898,
14262,
7931,
5898,
7931,
1240,
1132,
5693,
14263,
1132,
14263,
7928,
5693,
401,
5949,
5693,
5949,
14263,
14263,
5949,
1266,
14263,
1266,
7929,
7928,
14263,
7929,
7928,
7929,
1977,
1977,
7929,
14264,
1977,
14264,
7930,
7929,
1266,
5951,
7929,
5951,
14264,
14264,
5951,
419,
14264,
419,
5878,
7930,
14264,
5878,
7930,
5878,
1230,
1240,
7931,
14265,
1240,
14265,
5899,
7931,
1977,
7930,
7931,
7930,
14265,
14265,
7930,
1230,
14265,
1230,
5880,
5899,
14265,
5880,
5899,
5880,
410,
350,
6086,
14266,
350,
14266,
5900,
6086,
1327,
7932,
6086,
7932,
14266,
14266,
7932,
1978,
14266,
1978,
7935,
5900,
14266,
7935,
5900,
7935,
1241,
1327,
6087,
14267,
1327,
14267,
7932,
6087,
421,
5856,
6087,
5856,
14267,
14267,
5856,
1219,
14267,
1219,
7933,
7932,
14267,
7933,
7932,
7933,
1978,
1978,
7933,
14268,
1978,
14268,
7934,
7933,
1219,
5857,
7933,
5857,
14268,
14268,
5857,
255,
14268,
255,
5460,
7934,
14268,
5460,
7934,
5460,
1014,
1241,
7935,
14269,
1241,
14269,
5902,
7935,
1978,
7934,
7935,
7934,
14269,
14269,
7934,
1014,
14269,
1014,
5461,
5902,
14269,
5461,
5902,
5461,
355,
255,
6080,
14270,
255,
14270,
5460,
6080,
1324,
7936,
6080,
7936,
14270,
14270,
7936,
1979,
14270,
1979,
7939,
5460,
14270,
7939,
5460,
7939,
1014,
1324,
6081,
14271,
1324,
14271,
7936,
6081,
320,
5589,
6081,
5589,
14271,
14271,
5589,
1080,
14271,
1080,
7937,
7936,
14271,
7937,
7936,
7937,
1979,
1979,
7937,
14272,
1979,
14272,
7938,
7937,
1080,
5587,
7937,
5587,
14272,
14272,
5587,
315,
14272,
315,
5848,
7938,
14272,
5848,
7938,
5848,
1214,
1014,
7939,
14273,
1014,
14273,
5461,
7939,
1979,
7938,
7939,
7938,
14273,
14273,
7938,
1214,
14273,
1214,
5846,
5461,
14273,
5846,
5461,
5846,
355,
313,
5585,
14274,
313,
14274,
5930,
5585,
1078,
7940,
5585,
7940,
14274,
14274,
7940,
1980,
14274,
1980,
7943,
5930,
14274,
7943,
5930,
7943,
1256,
1078,
5583,
14275,
1078,
14275,
7940,
5583,
318,
5859,
5583,
5859,
14275,
14275,
5859,
1220,
14275,
1220,
7941,
7940,
14275,
7941,
7940,
7941,
1980,
1980,
7941,
14276,
1980,
14276,
7942,
7941,
1220,
5858,
7941,
5858,
14276,
14276,
5858,
256,
14276,
256,
5463,
7942,
14276,
5463,
7942,
5463,
1015,
1256,
7943,
14277,
1256,
14277,
5931,
7943,
1980,
7942,
7943,
7942,
14277,
14277,
7942,
1015,
14277,
1015,
5462,
5931,
14277,
5462,
5931,
5462,
357,
410,
5864,
14278,
410,
14278,
5899,
5864,
1223,
7944,
5864,
7944,
14278,
14278,
7944,
1981,
14278,
1981,
7946,
5899,
14278,
7946,
5899,
7946,
1240,
409,
5893,
14279,
409,
14279,
5867,
5893,
1237,
7945,
5893,
7945,
14279,
14279,
7945,
1981,
14279,
1981,
7944,
5867,
14279,
7944,
5867,
7944,
1223,
358,
5898,
14280,
358,
14280,
5892,
5898,
1240,
7946,
5898,
7946,
14280,
14280,
7946,
1981,
14280,
1981,
7945,
5892,
14280,
7945,
5892,
7945,
1237,
320,
6081,
14281,
320,
14281,
5623,
6081,
1324,
7947,
6081,
7947,
14281,
14281,
7947,
1982,
14281,
1982,
7950,
5623,
14281,
7950,
5623,
7950,
1098,
1324,
6080,
14282,
1324,
14282,
7947,
6080,
255,
5688,
6080,
5688,
14282,
14282,
5688,
1130,
14282,
1130,
7948,
7947,
14282,
7948,
7947,
7948,
1982,
1982,
7948,
14283,
1982,
14283,
7949,
7948,
1130,
5689,
7948,
5689,
14283,
14283,
5689,
256,
14283,
256,
5858,
7949,
14283,
5858,
7949,
5858,
1220,
1098,
7950,
14284,
1098,
14284,
5625,
7950,
1982,
7949,
7950,
7949,
14284,
14284,
7949,
1220,
14284,
1220,
5859,
5625,
14284,
5859,
5625,
5859,
318,
406,
5908,
14285,
406,
14285,
5888,
5908,
1245,
7951,
5908,
7951,
14285,
14285,
7951,
1983,
14285,
1983,
7954,
5888,
14285,
7954,
5888,
7954,
1235,
1245,
5910,
14286,
1245,
14286,
7951,
5910,
415,
5905,
5910,
5905,
14286,
14286,
5905,
1244,
14286,
1244,
7952,
7951,
14286,
7952,
7951,
7952,
1983,
1983,
7952,
14287,
1983,
14287,
7953,
7952,
1244,
5907,
7952,
5907,
14287,
14287,
5907,
399,
14287,
399,
5694,
7953,
14287,
5694,
7953,
5694,
1133,
1235,
7954,
14288,
1235,
14288,
5889,
7954,
1983,
7953,
7954,
7953,
14288,
14288,
7953,
1133,
14288,
1133,
5695,
5889,
14288,
5695,
5889,
5695,
359,
354,
5691,
14289,
354,
14289,
5683,
5691,
1131,
7955,
5691,
7955,
14289,
14289,
7955,
1984,
14289,
1984,
7958,
5683,
14289,
7958,
5683,
7958,
1127,
1131,
5690,
14290,
1131,
14290,
7955,
5690,
357,
5462,
5690,
5462,
14290,
14290,
5462,
1015,
14290,
1015,
7956,
7955,
14290,
7956,
7955,
7956,
1984,
1984,
7956,
14291,
1984,
14291,
7957,
7956,
1015,
5463,
7956,
5463,
14291,
14291,
5463,
256,
14291,
256,
5895,
7957,
14291,
5895,
7957,
5895,
1238,
1127,
7958,
14292,
1127,
14292,
5682,
7958,
1984,
7957,
7958,
7957,
14292,
14292,
7957,
1238,
14292,
1238,
5894,
5682,
14292,
5894,
5682,
5894,
353,
424,
5943,
14293,
424,
14293,
5927,
5943,
1262,
7959,
5943,
7959,
14293,
14293,
7959,
1985,
14293,
1985,
7962,
5927,
14293,
7962,
5927,
7962,
1254,
1262,
5942,
14294,
1262,
14294,
7959,
5942,
423,
5925,
5942,
5925,
14294,
14294,
5925,
1253,
14294,
1253,
7960,
7959,
14294,
7960,
7959,
7960,
1985,
1985,
7960,
14295,
1985,
14295,
7961,
7960,
1253,
5924,
7960,
5924,
14295,
14295,
5924,
402,
14295,
402,
5870,
7961,
14295,
5870,
7961,
5870,
1225,
1254,
7962,
14296,
1254,
14296,
5926,
7962,
1985,
7961,
7962,
7961,
14296,
14296,
7961,
1225,
14296,
1225,
5868,
5926,
14296,
5868,
5926,
5868,
405,
257,
5952,
14297,
257,
14297,
5456,
5952,
1267,
7963,
5952,
7963,
14297,
14297,
7963,
1986,
14297,
1986,
7966,
5456,
14297,
7966,
5456,
7966,
1012,
1267,
5953,
14298,
1267,
14298,
7963,
5953,
427,
5855,
5953,
5855,
14298,
14298,
5855,
1218,
14298,
1218,
7964,
7963,
14298,
7964,
7963,
7964,
1986,
1986,
7964,
14299,
1986,
14299,
7965,
7964,
1218,
5853,
7964,
5853,
14299,
14299,
5853,
313,
14299,
313,
5930,
7965,
14299,
5930,
7965,
5930,
1256,
1012,
7966,
14300,
1012,
14300,
5457,
7966,
1986,
7965,
7966,
7965,
14300,
14300,
7965,
1256,
14300,
1256,
5931,
5457,
14300,
5931,
5457,
5931,
357,
414,
5841,
14301,
414,
14301,
5904,
5841,
1211,
7967,
5841,
7967,
14301,
14301,
7967,
1987,
14301,
1987,
7969,
5904,
14301,
7969,
5904,
7969,
1243,
413,
5842,
14302,
413,
14302,
5840,
5842,
1212,
7968,
5842,
7968,
14302,
14302,
7968,
1987,
14302,
1987,
7967,
5840,
14302,
7967,
5840,
7967,
1211,
398,
5906,
14303,
398,
14303,
5843,
5906,
1243,
7969,
5906,
7969,
14303,
14303,
7969,
1987,
14303,
1987,
7968,
5843,
14303,
7968,
5843,
7968,
1212,
24,
5233,
14304,
24,
14304,
4709,
5233,
899,
7970,
5233,
7970,
14304,
14304,
7970,
1988,
14304,
1988,
7973,
4709,
14304,
7973,
4709,
7973,
644,
899,
5232,
14305,
899,
14305,
7970,
5232,
364,
5702,
5232,
5702,
14305,
14305,
5702,
1137,
14305,
1137,
7971,
7970,
14305,
7971,
7970,
7971,
1988,
1988,
7971,
14306,
1988,
14306,
7972,
7971,
1137,
5704,
7971,
5704,
14306,
14306,
5704,
366,
14306,
366,
5234,
7972,
14306,
5234,
7972,
5234,
900,
644,
7973,
14307,
644,
14307,
4708,
7973,
1988,
7972,
7973,
7972,
14307,
14307,
7972,
900,
14307,
900,
5235,
4708,
14307,
5235,
4708,
5235,
1,
386,
5718,
14308,
386,
14308,
5717,
5718,
1145,
7974,
5718,
7974,
14308,
14308,
7974,
1989,
14308,
1989,
7977,
5717,
14308,
7977,
5717,
7977,
1144,
1145,
5719,
14309,
1145,
14309,
7974,
5719,
371,
5720,
5719,
5720,
14309,
14309,
5720,
1146,
14309,
1146,
7975,
7974,
14309,
7975,
7974,
7975,
1989,
1989,
7975,
14310,
1989,
14310,
7976,
7975,
1146,
5721,
7975,
5721,
14310,
14310,
5721,
372,
14310,
372,
5722,
7976,
14310,
5722,
7976,
5722,
1147,
1144,
7977,
14311,
1144,
14311,
5716,
7977,
1989,
7976,
7977,
7976,
14311,
14311,
7976,
1147,
14311,
1147,
5723,
5716,
14311,
5723,
5716,
5723,
385,
388,
5726,
14312,
388,
14312,
5725,
5726,
1149,
7978,
5726,
7978,
14312,
14312,
7978,
1990,
14312,
1990,
7981,
5725,
14312,
7981,
5725,
7981,
1148,
1149,
5727,
14313,
1149,
14313,
7978,
5727,
375,
5728,
5727,
5728,
14313,
14313,
5728,
1150,
14313,
1150,
7979,
7978,
14313,
7979,
7978,
7979,
1990,
1990,
7979,
14314,
1990,
14314,
7980,
7979,
1150,
5729,
7979,
5729,
14314,
14314,
5729,
376,
14314,
376,
5730,
7980,
14314,
5730,
7980,
5730,
1151,
1148,
7981,
14315,
1148,
14315,
5724,
7981,
1990,
7980,
7981,
7980,
14315,
14315,
7980,
1151,
14315,
1151,
5731,
5724,
14315,
5731,
5724,
5731,
387,
382,
5736,
14316,
382,
14316,
5735,
5736,
1154,
7982,
5736,
7982,
14316,
14316,
7982,
1991,
14316,
1991,
7985,
5735,
14316,
7985,
5735,
7985,
1153,
1154,
5737,
14317,
1154,
14317,
7982,
5737,
373,
5738,
5737,
5738,
14317,
14317,
5738,
1155,
14317,
1155,
7983,
7982,
14317,
7983,
7982,
7983,
1991,
1991,
7983,
14318,
1991,
14318,
7984,
7983,
1155,
5739,
7983,
5739,
14318,
14318,
5739,
374,
14318,
374,
5740,
7984,
14318,
5740,
7984,
5740,
1156,
1153,
7985,
14319,
1153,
14319,
5733,
7985,
1991,
7984,
7985,
7984,
14319,
14319,
7984,
1156,
14319,
1156,
5741,
5733,
14319,
5741,
5733,
5741,
380,
384,
5744,
14320,
384,
14320,
5743,
5744,
1158,
7986,
5744,
7986,
14320,
14320,
7986,
1992,
14320,
1992,
7989,
5743,
14320,
7989,
5743,
7989,
1157,
1158,
5745,
14321,
1158,
14321,
7986,
5745,
372,
5721,
5745,
5721,
14321,
14321,
5721,
1146,
14321,
1146,
7987,
7986,
14321,
7987,
7986,
7987,
1992,
1992,
7987,
14322,
1992,
14322,
7988,
7987,
1146,
5720,
7987,
5720,
14322,
14322,
5720,
371,
14322,
371,
5746,
7988,
14322,
5746,
7988,
5746,
1159,
1157,
7989,
14323,
1157,
14323,
5742,
7989,
1992,
7988,
7989,
7988,
14323,
14323,
7988,
1159,
14323,
1159,
5747,
5742,
14323,
5747,
5742,
5747,
383,
378,
5750,
14324,
378,
14324,
5749,
5750,
1161,
7990,
5750,
7990,
14324,
14324,
7990,
1993,
14324,
1993,
7993,
5749,
14324,
7993,
5749,
7993,
1160,
1161,
5751,
14325,
1161,
14325,
7990,
5751,
381,
5734,
5751,
5734,
14325,
14325,
5734,
1152,
14325,
1152,
7991,
7990,
14325,
7991,
7990,
7991,
1993,
1993,
7991,
14326,
1993,
14326,
7992,
7991,
1152,
5732,
7991,
5732,
14326,
14326,
5732,
379,
14326,
379,
5752,
7992,
14326,
5752,
7992,
5752,
1162,
1160,
7993,
14327,
1160,
14327,
5748,
7993,
1993,
7992,
7993,
7992,
14327,
14327,
7992,
1162,
14327,
1162,
5753,
5748,
14327,
5753,
5748,
5753,
377,
375,
5754,
14328,
375,
14328,
5728,
5754,
1163,
7994,
5754,
7994,
14328,
14328,
7994,
1994,
14328,
1994,
7997,
5728,
14328,
7997,
5728,
7997,
1150,
1163,
5755,
14329,
1163,
14329,
7994,
5755,
384,
5743,
5755,
5743,
14329,
14329,
5743,
1157,
14329,
1157,
7995,
7994,
14329,
7995,
7994,
7995,
1994,
1994,
7995,
14330,
1994,
14330,
7996,
7995,
1157,
5742,
7995,
5742,
14330,
14330,
5742,
383,
14330,
383,
5756,
7996,
14330,
5756,
7996,
5756,
1164,
1150,
7997,
14331,
1150,
14331,
5729,
7997,
1994,
7996,
7997,
7996,
14331,
14331,
7996,
1164,
14331,
1164,
5757,
5729,
14331,
5757,
5729,
5757,
376,
373,
5758,
14332,
373,
14332,
5738,
5758,
1165,
7998,
5758,
7998,
14332,
14332,
7998,
1995,
14332,
1995,
8001,
5738,
14332,
8001,
5738,
8001,
1155,
1165,
5759,
14333,
1165,
14333,
7998,
5759,
386,
5717,
5759,
5717,
14333,
14333,
5717,
1144,
14333,
1144,
7999,
7998,
14333,
7999,
7998,
7999,
1995,
1995,
7999,
14334,
1995,
14334,
8000,
7999,
1144,
5716,
7999,
5716,
14334,
14334,
5716,
385,
14334,
385,
5760,
8000,
14334,
5760,
8000,
5760,
1166,
1155,
8001,
14335,
1155,
14335,
5739,
8001,
1995,
8000,
8001,
8000,
14335,
14335,
8000,
1166,
14335,
1166,
5761,
5739,
14335,
5761,
5739,
5761,
374,
377,
5762,
14336,
377,
14336,
5748,
5762,
1167,
8002,
5762,
8002,
14336,
14336,
8002,
1996,
14336,
1996,
8005,
5748,
14336,
8005,
5748,
8005,
1160,
1167,
5763,
14337,
1167,
14337,
8002,
5763,
388,
5725,
5763,
5725,
14337,
14337,
5725,
1148,
14337,
1148,
8003,
8002,
14337,
8003,
8002,
8003,
1996,
1996,
8003,
14338,
1996,
14338,
8004,
8003,
1148,
5724,
8003,
5724,
14338,
14338,
5724,
387,
14338,
387,
5764,
8004,
14338,
5764,
8004,
5764,
1168,
1160,
8005,
14339,
1160,
14339,
5749,
8005,
1996,
8004,
8005,
8004,
14339,
14339,
8004,
1168,
14339,
1168,
5765,
5749,
14339,
5765,
5749,
5765,
378,
516,
6418,
14340,
516,
14340,
5808,
6418,
1482,
8006,
6418,
8006,
14340,
14340,
8006,
1997,
14340,
1997,
8009,
5808,
14340,
8009,
5808,
8009,
1195,
1482,
6417,
14341,
1482,
14341,
8006,
6417,
517,
5816,
6417,
5816,
14341,
14341,
5816,
1199,
14341,
1199,
8007,
8006,
14341,
8007,
8006,
8007,
1997,
1997,
8007,
14342,
1997,
14342,
8008,
8007,
1199,
5818,
8007,
5818,
14342,
14342,
5818,
325,
14342,
325,
5594,
8008,
14342,
5594,
8008,
5594,
1083,
1195,
8009,
14343,
1195,
14343,
5809,
8009,
1997,
8008,
8009,
8008,
14343,
14343,
8008,
1083,
14343,
1083,
5596,
5809,
14343,
5596,
5809,
5596,
323,
412,
5915,
14344,
412,
14344,
6202,
5915,
1248,
8010,
5915,
8010,
14344,
14344,
8010,
1998,
14344,
1998,
8013,
6202,
14344,
8013,
6202,
8013,
1388,
1248,
5914,
14345,
1248,
14345,
8010,
5914,
420,
5936,
5914,
5936,
14345,
14345,
5936,
1259,
14345,
1259,
8011,
8010,
14345,
8011,
8010,
8011,
1998,
1998,
8011,
14346,
1998,
14346,
8012,
8011,
1259,
5937,
8011,
5937,
14346,
14346,
5937,
400,
14346,
400,
6200,
8012,
14346,
6200,
8012,
6200,
1386,
1388,
8013,
14347,
1388,
14347,
6203,
8013,
1998,
8012,
8013,
8012,
14347,
14347,
8012,
1386,
14347,
1386,
6198,
6203,
14347,
6198,
6203,
6198,
458,
426,
5934,
14348,
426,
14348,
5854,
5934,
1257,
8014,
5934,
8014,
14348,
14348,
8014,
1999,
14348,
1999,
8017,
5854,
14348,
8017,
5854,
8017,
1217,
1257,
5932,
14349,
1257,
14349,
8014,
5932,
417,
5954,
5932,
5954,
14349,
14349,
5954,
1268,
14349,
1268,
8015,
8014,
14349,
8015,
8014,
8015,
1999,
1999,
8015,
14350,
1999,
14350,
8016,
8015,
1268,
5955,
8015,
5955,
14350,
14350,
5955,
420,
14350,
420,
5939,
8016,
14350,
5939,
8016,
5939,
1260,
1217,
8017,
14351,
1217,
14351,
5852,
8017,
1999,
8016,
8017,
8016,
14351,
14351,
8016,
1260,
14351,
1260,
5938,
5852,
14351,
5938,
5852,
5938,
312,
403,
5882,
14352,
403,
14352,
5871,
5882,
1232,
8018,
5882,
8018,
14352,
14352,
8018,
2000,
14352,
2000,
8021,
5871,
14352,
8021,
5871,
8021,
1226,
1232,
5883,
14353,
1232,
14353,
8018,
5883,
359,
6190,
5883,
6190,
14353,
14353,
6190,
1382,
14353,
1382,
8019,
8018,
14353,
8019,
8018,
8019,
2000,
2000,
8019,
14354,
2000,
14354,
8020,
8019,
1382,
6191,
8019,
6191,
14354,
14354,
6191,
456,
14354,
456,
5912,
8020,
14354,
5912,
8020,
5912,
1247,
1226,
8021,
14355,
1226,
14355,
5869,
8021,
2000,
8020,
8021,
8020,
14355,
14355,
8020,
1247,
14355,
1247,
5913,
5869,
14355,
5913,
5869,
5913,
404,
420,
5955,
14356,
420,
14356,
5936,
5955,
1268,
8022,
5955,
8022,
14356,
14356,
8022,
2001,
14356,
2001,
8024,
5936,
14356,
8024,
5936,
8024,
1259,
417,
5950,
14357,
417,
14357,
5954,
5950,
1265,
8023,
5950,
8023,
14357,
14357,
8023,
2001,
14357,
2001,
8022,
5954,
14357,
8022,
5954,
8022,
1268,
400,
5937,
14358,
400,
14358,
5948,
5937,
1259,
8024,
5937,
8024,
14358,
14358,
8024,
2001,
14358,
2001,
8023,
5948,
14358,
8023,
5948,
8023,
1265,
317,
5582,
14359,
317,
14359,
5940,
5582,
1077,
8025,
5582,
8025,
14359,
14359,
8025,
2002,
14359,
2002,
8028,
5940,
14359,
8028,
5940,
8028,
1261,
1077,
5584,
14360,
1077,
14360,
8025,
5584,
312,
5938,
5584,
5938,
14360,
14360,
5938,
1260,
14360,
1260,
8026,
8025,
14360,
8026,
8025,
8026,
2002,
2002,
8026,
14361,
2002,
14361,
8027,
8026,
1260,
5939,
8026,
5939,
14361,
14361,
5939,
420,
14361,
420,
5914,
8027,
14361,
5914,
8027,
5914,
1248,
1261,
8028,
14362,
1261,
14362,
5941,
8028,
2002,
8027,
8028,
8027,
14362,
14362,
8027,
1248,
14362,
1248,
5915,
5941,
14362,
5915,
5941,
5915,
412,
319,
5622,
14363,
319,
14363,
5844,
5622,
1097,
8029,
5622,
8029,
14363,
14363,
8029,
2003,
14363,
2003,
8032,
5844,
14363,
8032,
5844,
8032,
1213,
1097,
5624,
14364,
1097,
14364,
8029,
5624,
317,
5940,
5624,
5940,
14364,
14364,
5940,
1261,
14364,
1261,
8030,
8029,
14364,
8030,
8029,
8030,
2003,
2003,
8030,
14365,
2003,
14365,
8031,
8030,
1261,
5941,
8030,
5941,
14365,
14365,
5941,
412,
14365,
412,
5876,
8031,
14365,
5876,
8031,
5876,
1229,
1213,
8032,
14366,
1213,
14366,
5845,
8032,
2003,
8031,
8032,
8031,
14366,
14366,
8031,
1229,
14366,
1229,
5877,
5845,
14366,
5877,
5845,
5877,
413,
403,
5873,
14367,
403,
14367,
5882,
5873,
1227,
8033,
5873,
8033,
14367,
14367,
8033,
2004,
14367,
2004,
8035,
5882,
14367,
8035,
5882,
8035,
1232,
406,
5888,
14368,
406,
14368,
5874,
5888,
1235,
8034,
5888,
8034,
14368,
14368,
8034,
2004,
14368,
2004,
8033,
5874,
14368,
8033,
5874,
8033,
1227,
359,
5883,
14369,
359,
14369,
5889,
5883,
1232,
8035,
5883,
8035,
14369,
14369,
8035,
2004,
14369,
2004,
8034,
5889,
14369,
8034,
5889,
8034,
1235,
256,
5689,
14370,
256,
14370,
5895,
5689,
1130,
8036,
5689,
8036,
14370,
14370,
8036,
2005,
14370,
2005,
8039,
5895,
14370,
8039,
5895,
8039,
1238,
1130,
5688,
14371,
1130,
14371,
8036,
5688,
255,
5857,
5688,
5857,
14371,
14371,
5857,
1219,
14371,
1219,
8037,
8036,
14371,
8037,
8036,
8037,
2005,
2005,
8037,
14372,
2005,
14372,
8038,
8037,
1219,
5856,
8037,
5856,
14372,
14372,
5856,
421,
14372,
421,
6090,
8038,
14372,
6090,
8038,
6090,
1329,
1238,
8039,
14373,
1238,
14373,
5894,
8039,
2005,
8038,
8039,
8038,
14373,
14373,
8038,
1329,
14373,
1329,
6091,
5894,
14373,
6091,
5894,
6091,
353,
348,
5680,
14374,
348,
14374,
5887,
5680,
1126,
8040,
5680,
8040,
14374,
14374,
8040,
2006,
14374,
2006,
8043,
5887,
14374,
8043,
5887,
8043,
1234,
1126,
5681,
14375,
1126,
14375,
8040,
5681,
352,
5885,
5681,
5885,
14375,
14375,
5885,
1233,
14375,
1233,
8041,
8040,
14375,
8041,
8040,
8041,
2006,
2006,
8041,
14376,
2006,
14376,
8042,
8041,
1233,
5884,
8041,
5884,
14376,
14376,
5884,
423,
14376,
423,
5942,
8042,
14376,
5942,
8042,
5942,
1262,
1234,
8043,
14377,
1234,
14377,
5886,
8043,
2006,
8042,
8043,
8042,
14377,
14377,
8042,
1262,
14377,
1262,
5943,
5886,
14377,
5943,
5886,
5943,
424,
422,
6088,
14378,
422,
14378,
5896,
6088,
1328,
8044,
6088,
8044,
14378,
14378,
8044,
2007,
14378,
2007,
8047,
5896,
14378,
8047,
5896,
8047,
1239,
1328,
6089,
14379,
1328,
14379,
8044,
6089,
349,
5891,
6089,
5891,
14379,
14379,
5891,
1236,
14379,
1236,
8045,
8044,
14379,
8045,
8044,
8045,
2007,
2007,
8045,
14380,
2007,
14380,
8046,
8045,
1236,
5890,
8045,
5890,
14380,
14380,
5890,
425,
14380,
425,
5920,
8046,
14380,
5920,
8046,
5920,
1251,
1239,
8047,
14381,
1239,
14381,
5897,
8047,
2007,
8046,
8047,
8046,
14381,
14381,
8046,
1251,
14381,
1251,
5921,
5897,
14381,
5921,
5897,
5921,
257,
352,
5684,
14382,
352,
14382,
5885,
5684,
1128,
8048,
5684,
8048,
14382,
14382,
8048,
2008,
14382,
2008,
8051,
5885,
14382,
8051,
5885,
8051,
1233,
1128,
5685,
14383,
1128,
14383,
8048,
5685,
351,
5901,
5685,
5901,
14383,
14383,
5901,
1242,
14383,
1242,
8049,
8048,
14383,
8049,
8048,
8049,
2008,
2008,
8049,
14384,
2008,
14384,
8050,
8049,
1242,
5903,
8049,
5903,
14384,
14384,
5903,
356,
14384,
356,
5850,
8050,
14384,
5850,
8050,
5850,
1216,
1233,
8051,
14385,
1233,
14385,
5884,
8051,
2008,
8050,
8051,
8050,
14385,
14385,
8050,
1216,
14385,
1216,
5851,
5884,
14385,
5851,
5884,
5851,
423,
349,
5686,
14386,
349,
14386,
5891,
5686,
1129,
8052,
5686,
8052,
14386,
14386,
8052,
2009,
14386,
2009,
8055,
5891,
14386,
8055,
5891,
8055,
1236,
1129,
5687,
14387,
1129,
14387,
8052,
5687,
348,
5887,
5687,
5887,
14387,
14387,
5887,
1234,
14387,
1234,
8053,
8052,
14387,
8053,
8052,
8053,
2009,
2009,
8053,
14388,
2009,
14388,
8054,
8053,
1234,
5886,
8053,
5886,
14388,
14388,
5886,
424,
14388,
424,
5956,
8054,
14388,
5956,
8054,
5956,
1269,
1236,
8055,
14389,
1236,
14389,
5890,
8055,
2009,
8054,
8055,
8054,
14389,
14389,
8054,
1269,
14389,
1269,
5957,
5890,
14389,
5957,
5890,
5957,
425,
1660,
8056,
14390,
1660,
14390,
6786,
8056,
1288,
6010,
8056,
6010,
14390,
14390,
6010,
433,
14390,
433,
6771,
6786,
14390,
6771,
6786,
6771,
581,
431,
6007,
14391,
431,
14391,
6768,
6007,
1287,
8172,
6007,
8172,
14391,
14391,
8172,
1658,
14391,
1658,
6781,
6768,
14391,
6781,
6768,
6781,
579,
583,
6784,
14392,
583,
14392,
6774,
6784,
1659,
8057,
6784,
8057,
14392,
14392,
8057,
2010,
14392,
2010,
8060,
6774,
14392,
8060,
6774,
8060,
1655,
1659,
6783,
14393,
1659,
14393,
8057,
6783,
582,
5966,
6783,
5966,
14393,
14393,
5966,
1273,
14393,
1273,
8058,
8057,
14393,
8058,
8057,
8058,
2010,
2010,
8058,
14394,
2010,
14394,
8059,
8058,
1273,
5967,
8058,
5967,
14394,
14394,
5967,
34,
14394,
34,
4692,
8059,
14394,
4692,
8059,
4692,
636,
1655,
8060,
14395,
1655,
14395,
6773,
8060,
2010,
8059,
8060,
8059,
14395,
14395,
8059,
636,
14395,
636,
4693,
6773,
14395,
4693,
6773,
4693,
22,
236,
5351,
14396,
236,
14396,
5335,
5351,
951,
8061,
5351,
8061,
14396,
14396,
8061,
2011,
14396,
2011,
8064,
5335,
14396,
8064,
5335,
8064,
943,
951,
5350,
14397,
951,
14397,
8061,
5350,
235,
5333,
5350,
5333,
14397,
14397,
5333,
942,
14397,
942,
8062,
8061,
14397,
8062,
8061,
8062,
2011,
2011,
8062,
14398,
2011,
14398,
8063,
8062,
942,
5332,
8062,
5332,
14398,
14398,
5332,
429,
14398,
429,
5995,
8063,
14398,
5995,
8063,
5995,
1281,
943,
8064,
14399,
943,
14399,
5334,
8064,
2011,
8063,
8064,
8063,
14399,
14399,
8063,
1281,
14399,
1281,
5996,
5334,
14399,
5996,
5334,
5996,
430,
232,
5349,
14400,
232,
14400,
5991,
5349,
950,
8065,
5349,
8065,
14400,
14400,
8065,
2012,
14400,
2012,
8068,
5991,
14400,
8068,
5991,
8068,
1279,
950,
5348,
14401,
950,
14401,
8065,
5348,
230,
5985,
5348,
5985,
14401,
14401,
5985,
1277,
14401,
1277,
8066,
8065,
14401,
8066,
8065,
8066,
2012,
2012,
8066,
14402,
2012,
14402,
8067,
8066,
1277,
5986,
8066,
5986,
14402,
14402,
5986,
431,
14402,
431,
5997,
8067,
14402,
5997,
8067,
5997,
1282,
1279,
8068,
14403,
1279,
14403,
5992,
8068,
2012,
8067,
8068,
8067,
14403,
14403,
8067,
1282,
14403,
1282,
5998,
5992,
14403,
5998,
5992,
5998,
433,
233,
5347,
14404,
233,
14404,
5993,
5347,
949,
8069,
5347,
8069,
14404,
14404,
8069,
2013,
14404,
2013,
8072,
5993,
14404,
8072,
5993,
8072,
1280,
949,
5346,
14405,
949,
14405,
8069,
5346,
231,
5987,
5346,
5987,
14405,
14405,
5987,
1278,
14405,
1278,
8070,
8069,
14405,
8070,
8069,
8070,
2013,
2013,
8070,
14406,
2013,
14406,
8071,
8070,
1278,
5988,
8070,
5988,
14406,
14406,
5988,
432,
14406,
432,
5999,
8071,
14406,
5999,
8071,
5999,
1283,
1280,
8072,
14407,
1280,
14407,
5994,
8072,
2013,
8071,
8072,
8071,
14407,
14407,
8071,
1283,
14407,
1283,
6000,
5994,
14407,
6000,
5994,
6000,
434,
231,
5345,
14408,
231,
14408,
5987,
5345,
948,
8073,
5345,
8073,
14408,
14408,
8073,
2014,
14408,
2014,
8076,
5987,
14408,
8076,
5987,
8076,
1278,
948,
5344,
14409,
948,
14409,
8073,
5344,
2878,
5989,
5344,
5989,
14409,
14409,
5989,
3606,
14409,
3606,
8074,
8073,
14409,
8074,
8073,
8074,
2014,
2014,
8074,
14410,
2014,
14410,
8075,
8074,
3606,
5990,
8074,
5990,
14410,
14410,
5990,
2881,
14410,
2881,
6001,
8075,
14410,
6001,
8075,
6001,
1284,
1278,
8076,
14411,
1278,
14411,
5988,
8076,
2014,
8075,
8076,
8075,
14411,
14411,
8075,
1284,
14411,
1284,
6002,
5988,
14411,
6002,
5988,
6002,
432,
2879,
5343,
14412,
2879,
14412,
5331,
5343,
947,
8077,
5343,
8077,
14412,
14412,
8077,
2015,
14412,
2015,
8080,
5331,
14412,
8080,
5331,
8080,
3266,
947,
5342,
14413,
947,
14413,
8077,
5342,
236,
5335,
5342,
5335,
14413,
14413,
5335,
943,
14413,
943,
8078,
8077,
14413,
8078,
8077,
8078,
2015,
2015,
8078,
14414,
2015,
14414,
8079,
8078,
943,
5334,
8078,
5334,
14414,
14414,
5334,
430,
14414,
430,
6003,
8079,
14414,
6003,
8079,
6003,
1285,
3266,
8080,
14415,
3266,
14415,
5330,
8080,
2015,
8079,
8080,
8079,
14415,
14415,
8079,
1285,
14415,
1285,
6004,
5330,
14415,
6004,
5330,
6004,
2880,
234,
5341,
14416,
234,
14416,
5329,
5341,
946,
8081,
5341,
8081,
14416,
14416,
8081,
2016,
14416,
2016,
8084,
5329,
14416,
8084,
5329,
8084,
941,
946,
5340,
14417,
946,
14417,
8081,
5340,
233,
5993,
5340,
5993,
14417,
14417,
5993,
1280,
14417,
1280,
8082,
8081,
14417,
8082,
8081,
8082,
2016,
2016,
8082,
14418,
2016,
14418,
8083,
8082,
1280,
5994,
8082,
5994,
14418,
14418,
5994,
434,
14418,
434,
6005,
8083,
14418,
6005,
8083,
6005,
1286,
941,
8084,
14419,
941,
14419,
5328,
8084,
2016,
8083,
8084,
8083,
14419,
14419,
8083,
1286,
14419,
1286,
6006,
5328,
14419,
6006,
5328,
6006,
428,
556,
6685,
14420,
556,
14420,
6670,
6685,
1623,
8085,
6685,
8085,
14420,
14420,
8085,
2017,
14420,
2017,
8087,
6670,
14420,
8087,
6670,
8087,
1616,
226,
6011,
14421,
226,
14421,
6686,
6011,
1289,
8086,
6011,
8086,
14421,
14421,
8086,
2017,
14421,
2017,
8085,
6686,
14421,
8085,
6686,
8085,
1623,
222,
6668,
14422,
222,
14422,
6012,
6668,
1616,
8087,
6668,
8087,
14422,
14422,
8087,
2017,
14422,
2017,
8086,
6012,
14422,
8086,
6012,
8086,
1289,
225,
6698,
14423,
225,
14423,
6018,
6698,
1628,
8088,
6698,
8088,
14423,
14423,
8088,
2018,
14423,
2018,
8090,
6018,
14423,
8090,
6018,
8090,
1292,
553,
6672,
14424,
553,
14424,
6696,
6672,
1618,
8089,
6672,
8089,
14424,
14424,
8089,
2018,
14424,
2018,
8088,
6696,
14424,
8088,
6696,
8088,
1628,
218,
6017,
14425,
218,
14425,
6674,
6017,
1292,
8090,
6017,
8090,
14425,
14425,
8090,
2018,
14425,
2018,
8089,
6674,
14425,
8089,
6674,
8089,
1618,
225,
5317,
14426,
225,
14426,
6697,
5317,
935,
8091,
5317,
8091,
14426,
14426,
8091,
2019,
14426,
2019,
8093,
6697,
14426,
8093,
6697,
8093,
1627,
227,
6707,
14427,
227,
14427,
5316,
6707,
1633,
8092,
6707,
8092,
14427,
14427,
8092,
2019,
14427,
2019,
8091,
5316,
14427,
8091,
5316,
8091,
935,
553,
6695,
14428,
553,
14428,
6708,
6695,
1627,
8093,
6695,
8093,
14428,
14428,
8093,
2019,
14428,
2019,
8092,
6708,
14428,
8092,
6708,
8092,
1633,
516,
5808,
14429,
516,
14429,
6415,
5808,
1195,
8094,
5808,
8094,
14429,
14429,
8094,
2020,
14429,
2020,
8097,
6415,
14429,
8097,
6415,
8097,
1481,
1195,
5809,
14430,
1195,
14430,
8094,
5809,
323,
5590,
5809,
5590,
14430,
14430,
5590,
1081,
14430,
1081,
8095,
8094,
14430,
8095,
8094,
8095,
2020,
2020,
8095,
14431,
2020,
14431,
8096,
8095,
1081,
5592,
8095,
5592,
14431,
14431,
5592,
321,
14431,
321,
6411,
8096,
14431,
6411,
8096,
6411,
1479,
1481,
8097,
14432,
1481,
14432,
6416,
8097,
2020,
8096,
8097,
8096,
14432,
14432,
8096,
1479,
14432,
1479,
6412,
6416,
14432,
6412,
6416,
6412,
523,
1898,
8909,
14433,
1898,
14433,
7633,
8909,
828,
5087,
8909,
5087,
14433,
14433,
5087,
156,
14433,
156,
8896,
7633,
14433,
8896,
7633,
8896,
992,
442,
6111,
14434,
442,
14434,
8900,
6111,
1339,
8910,
6111,
8910,
14434,
14434,
8910,
2021,
14434,
2021,
8100,
8900,
14434,
8100,
8900,
8100,
1347,
2246,
8879,
14435,
2246,
14435,
8868,
8879,
2237,
8859,
8879,
8859,
14435,
14435,
8859,
444,
14435,
444,
6144,
8868,
14435,
6144,
8868,
6144,
1359,
2236,
8878,
14436,
2236,
14436,
8858,
8878,
2246,
8868,
8878,
8868,
14436,
14436,
8868,
1359,
14436,
1359,
6145,
8858,
14436,
6145,
8858,
6145,
168,
546,
6612,
14437,
546,
14437,
5712,
6612,
1590,
8101,
6612,
8101,
14437,
14437,
8101,
2022,
14437,
2022,
8104,
5712,
14437,
8104,
5712,
8104,
1142,
1590,
6611,
14438,
1590,
14438,
8101,
6611,
547,
6610,
6611,
6610,
14438,
14438,
6610,
1589,
14438,
1589,
8102,
8101,
14438,
8102,
8101,
8102,
2022,
2022,
8102,
14439,
2022,
14439,
8103,
8102,
1589,
6609,
8102,
6609,
14439,
14439,
6609,
191,
14439,
191,
5052,
8103,
14439,
5052,
8103,
5052,
811,
1142,
8104,
14440,
1142,
14440,
5713,
8104,
2022,
8103,
8104,
8103,
14440,
14440,
8103,
811,
14440,
811,
5053,
5713,
14440,
5053,
5713,
5053,
143,
66,
4837,
14441,
66,
14441,
4797,
4837,
708,
8105,
4837,
8105,
14441,
14441,
8105,
2023,
14441,
2023,
8108,
4797,
14441,
8108,
4797,
8108,
689,
708,
4836,
14442,
708,
14442,
8105,
4836,
77,
4807,
4836,
4807,
14442,
14442,
4807,
693,
14442,
693,
8106,
8105,
14442,
8106,
8105,
8106,
2023,
2023,
8106,
14443,
2023,
14443,
8107,
8106,
693,
4806,
8106,
4806,
14443,
14443,
4806,
37,
14443,
37,
4754,
8107,
14443,
4754,
8107,
4754,
667,
689,
8108,
14444,
689,
14444,
4799,
8108,
2023,
8107,
8108,
8107,
14444,
14444,
8107,
667,
14444,
667,
4756,
4799,
14444,
4756,
4799,
4756,
48,
2234,
8856,
14445,
2234,
14445,
8877,
8856,
1343,
8109,
8856,
8109,
14445,
14445,
8109,
2024,
14445,
2024,
8111,
8877,
14445,
8111,
8877,
8111,
2247,
1339,
6110,
14446,
1339,
14446,
8910,
6110,
443,
8901,
6110,
8901,
14446,
14446,
8901,
1348,
14446,
1348,
8098,
8910,
14446,
8098,
8910,
8098,
2021,
1343,
8898,
14447,
1343,
14447,
8109,
8898,
153,
5080,
8898,
5080,
14447,
14447,
5080,
825,
14447,
825,
8911,
8109,
14447,
8911,
8109,
8911,
2024,
2247,
8111,
14448,
2247,
14448,
8876,
8111,
2024,
8110,
8111,
8110,
14448,
14448,
8110,
1345,
14448,
1345,
8857,
8876,
14448,
8857,
8876,
8857,
2235,
1499,
6473,
14449,
1499,
14449,
8392,
6473,
1525,
8482,
6473,
8482,
14449,
14449,
8482,
2118,
14449,
2118,
8481,
8392,
14449,
8481,
8392,
8481,
2090,
1501,
8390,
14450,
1501,
14450,
6452,
8390,
2089,
8389,
8390,
8389,
14450,
14450,
8389,
2025,
14450,
2025,
8114,
6452,
14450,
8114,
6452,
8114,
1175,
2025,
8112,
14451,
2025,
14451,
8113,
8112,
1499,
6450,
8112,
6450,
14451,
14451,
6450,
386,
14451,
386,
5759,
8113,
14451,
5759,
8113,
5759,
1165,
1175,
8114,
14452,
1175,
14452,
5775,
8114,
2025,
8113,
8114,
8113,
14452,
14452,
8113,
1165,
14452,
1165,
5758,
5775,
14452,
5758,
5775,
5758,
373,
90,
4916,
14453,
90,
14453,
4884,
4916,
748,
8115,
4916,
8115,
14453,
14453,
8115,
2026,
14453,
2026,
8118,
4884,
14453,
8118,
4884,
8118,
732,
748,
4917,
14454,
748,
14454,
8115,
4917,
75,
4844,
4917,
4844,
14454,
14454,
4844,
712,
14454,
712,
8116,
8115,
14454,
8116,
8115,
8116,
2026,
2026,
8116,
14455,
2026,
14455,
8117,
8116,
712,
4845,
8116,
4845,
14455,
14455,
4845,
81,
14455,
81,
4918,
8117,
14455,
4918,
8117,
4918,
749,
732,
8118,
14456,
732,
14456,
4886,
8118,
2026,
8117,
8118,
8117,
14456,
14456,
8117,
749,
14456,
749,
4919,
4886,
14456,
4919,
4886,
4919,
93,
467,
5814,
14457,
467,
14457,
6235,
5814,
1198,
8119,
5814,
8119,
14457,
14457,
8119,
2027,
14457,
2027,
8122,
6235,
14457,
8122,
6235,
8122,
1400,
1198,
5815,
14458,
1198,
14458,
8119,
5815,
390,
5793,
5815,
5793,
14458,
14458,
5793,
1187,
14458,
1187,
8120,
8119,
14458,
8120,
8119,
8120,
2027,
2027,
8120,
14459,
2027,
14459,
8121,
8120,
1187,
5792,
8120,
5792,
14459,
14459,
5792,
389,
14459,
389,
5811,
8121,
14459,
5811,
8121,
5811,
1196,
1400,
8122,
14460,
1400,
14460,
6236,
8122,
2027,
8121,
8122,
8121,
14460,
14460,
8121,
1196,
14460,
1196,
5810,
6236,
14460,
5810,
6236,
5810,
463,
314,
5586,
14461,
314,
14461,
5944,
5586,
1079,
8123,
5586,
8123,
14461,
14461,
8123,
2028,
14461,
2028,
8126,
5944,
14461,
8126,
5944,
8126,
1263,
1079,
5588,
14462,
1079,
14462,
8123,
5588,
319,
5844,
5588,
5844,
14462,
14462,
5844,
1213,
14462,
1213,
8124,
8123,
14462,
8124,
8123,
8124,
2028,
2028,
8124,
14463,
2028,
14463,
8125,
8124,
1213,
5845,
8124,
5845,
14463,
14463,
5845,
413,
14463,
413,
5840,
8125,
14463,
5840,
8125,
5840,
1211,
1263,
8126,
14464,
1263,
14464,
5946,
8126,
2028,
8125,
8126,
8125,
14464,
14464,
8125,
1211,
14464,
1211,
5841,
5946,
14464,
5841,
5946,
5841,
414,
457,
6187,
14465,
457,
14465,
6196,
6187,
1380,
8127,
6187,
8127,
14465,
14465,
8127,
2029,
14465,
2029,
8130,
6196,
14465,
8130,
6196,
8130,
1385,
1380,
6186,
14466,
1380,
14466,
8127,
6186,
459,
6199,
6186,
6199,
14466,
14466,
6199,
1387,
14466,
1387,
8128,
8127,
14466,
8128,
8127,
8128,
2029,
2029,
8128,
14467,
2029,
14467,
8129,
8128,
1387,
6201,
8128,
6201,
14467,
14467,
6201,
401,
14467,
401,
5693,
8129,
14467,
5693,
8129,
5693,
1132,
1385,
8130,
14468,
1385,
14468,
6197,
8130,
2029,
8129,
8130,
8129,
14468,
14468,
8129,
1132,
14468,
1132,
5692,
6197,
14468,
5692,
6197,
5692,
358,
438,
6123,
14469,
438,
14469,
6591,
6123,
1346,
8131,
6123,
8131,
14469,
14469,
8131,
2030,
14469,
2030,
8133,
6591,
14469,
8133,
6591,
8133,
1580,
454,
6117,
14470,
454,
14470,
6122,
6117,
1342,
8132,
6117,
8132,
14470,
14470,
8132,
2030,
14470,
2030,
8131,
6122,
14470,
8131,
6122,
8131,
1346,
452,
6592,
14471,
452,
14471,
6116,
6592,
1580,
8133,
6592,
8133,
14471,
14471,
8133,
2030,
14471,
2030,
8132,
6116,
14471,
8132,
6116,
8132,
1342,
453,
6120,
14472,
453,
14472,
6593,
6120,
1344,
8134,
6120,
8134,
14472,
14472,
8134,
2031,
14472,
2031,
8136,
6593,
14472,
8136,
6593,
8136,
1581,
454,
6122,
14473,
454,
14473,
6119,
6122,
1346,
8135,
6122,
8135,
14473,
14473,
8135,
2031,
14473,
2031,
8134,
6119,
14473,
8134,
6119,
8134,
1344,
438,
6594,
14474,
438,
14474,
6123,
6594,
1581,
8136,
6594,
8136,
14474,
14474,
8136,
2031,
14474,
2031,
8135,
6123,
14474,
8135,
6123,
8135,
1346,
448,
6098,
14475,
448,
14475,
6176,
6098,
1333,
8137,
6098,
8137,
14475,
14475,
8137,
2032,
14475,
2032,
8139,
6176,
14475,
8139,
6176,
8139,
1375,
445,
5110,
14476,
445,
14476,
6099,
5110,
840,
8138,
5110,
8138,
14476,
14476,
8138,
2032,
14476,
2032,
8137,
6099,
14476,
8137,
6099,
8137,
1333,
171,
6177,
14477,
171,
14477,
5111,
6177,
1375,
8139,
6177,
8139,
14477,
14477,
8139,
2032,
14477,
2032,
8138,
5111,
14477,
8138,
5111,
8138,
840,
239,
6114,
14478,
239,
14478,
6108,
6114,
1341,
8140,
6114,
8140,
14478,
14478,
8140,
2033,
14478,
2033,
8143,
6108,
14478,
8143,
6108,
8143,
1338,
1341,
6115,
14479,
1341,
14479,
8140,
6115,
452,
6116,
6115,
6116,
14479,
14479,
6116,
1342,
14479,
1342,
8141,
8140,
14479,
8141,
8140,
8141,
2033,
2033,
8141,
14480,
2033,
14480,
8142,
8141,
1342,
6117,
8141,
6117,
14480,
14480,
6117,
454,
14480,
454,
5352,
8142,
14480,
5352,
8142,
5352,
952,
1338,
8143,
14481,
1338,
14481,
6109,
8143,
2033,
8142,
8143,
8142,
14481,
14481,
8142,
952,
14481,
952,
5353,
6109,
14481,
5353,
6109,
5353,
238,
237,
6101,
14482,
237,
14482,
5436,
6101,
1334,
8144,
6101,
8144,
14482,
14482,
8144,
2034,
14482,
2034,
8147,
5436,
14482,
8147,
5436,
8147,
997,
1334,
6100,
14483,
1334,
14483,
8144,
6100,
243,
5434,
6100,
5434,
14483,
14483,
5434,
996,
14483,
996,
8145,
8144,
14483,
8145,
8144,
8145,
2034,
2034,
8145,
14484,
2034,
14484,
8146,
8145,
996,
5435,
8145,
5435,
14484,
14484,
5435,
157,
14484,
157,
6134,
8146,
14484,
6134,
8146,
6134,
1354,
997,
8147,
14485,
997,
14485,
5437,
8147,
2034,
8146,
8147,
8146,
14485,
14485,
8146,
1354,
14485,
1354,
6135,
5437,
14485,
6135,
5437,
6135,
152,
453,
6133,
14486,
453,
14486,
5088,
6133,
1353,
8148,
6133,
8148,
14486,
14486,
8148,
2035,
14486,
2035,
8151,
5088,
14486,
8151,
5088,
8151,
829,
1353,
6132,
14487,
1353,
14487,
8148,
6132,
248,
5092,
6132,
5092,
14487,
14487,
5092,
831,
14487,
831,
8149,
8148,
14487,
8149,
8148,
8149,
2035,
2035,
8149,
14488,
2035,
14488,
8150,
8149,
831,
5093,
8149,
5093,
14488,
14488,
5093,
243,
14488,
243,
6100,
8150,
14488,
6100,
8150,
6100,
1334,
829,
8151,
14489,
829,
14489,
5089,
8151,
2035,
8150,
8151,
8150,
14489,
14489,
8150,
1334,
14489,
1334,
6101,
5089,
14489,
6101,
5089,
6101,
237,
2231,
8853,
14490,
2231,
14490,
8875,
8853,
991,
8152,
8853,
8152,
14490,
14490,
8152,
2036,
14490,
2036,
8154,
8875,
14490,
8154,
8875,
8154,
2248,
2024,
8911,
14491,
2024,
14491,
8110,
8911,
825,
5081,
8911,
5081,
14491,
14491,
5081,
152,
14491,
152,
8899,
8110,
14491,
8899,
8110,
8899,
1345,
991,
8895,
14492,
991,
14492,
8152,
8895,
155,
5076,
8895,
5076,
14492,
14492,
5076,
823,
14492,
823,
8912,
8152,
14492,
8912,
8152,
8912,
2036,
2248,
8154,
14493,
2248,
14493,
8874,
8154,
2036,
8153,
8154,
8153,
14493,
14493,
8153,
1347,
14493,
1347,
6124,
8874,
14493,
6124,
8874,
6124,
2236,
2036,
8912,
14494,
2036,
14494,
8153,
8912,
823,
5077,
8912,
5077,
14494,
14494,
5077,
442,
14494,
442,
8900,
8153,
14494,
8900,
8153,
8900,
1347,
152,
6135,
14495,
152,
14495,
8899,
6135,
1354,
8913,
6135,
8913,
14495,
14495,
8913,
2037,
14495,
2037,
8157,
8899,
14495,
8157,
8899,
8157,
1345,
2249,
8873,
14496,
2249,
14496,
8871,
8873,
2230,
5420,
8873,
5420,
14496,
14496,
5420,
162,
14496,
162,
6136,
8871,
14496,
6136,
8871,
6136,
1355,
2235,
8872,
14497,
2235,
14497,
6121,
8872,
2249,
8871,
8872,
8871,
14497,
14497,
8871,
1355,
14497,
1355,
6137,
6121,
14497,
6137,
6121,
6137,
445,
443,
5090,
14498,
443,
14498,
6140,
5090,
830,
8158,
5090,
8158,
14498,
14498,
8158,
2038,
14498,
2038,
8161,
6140,
14498,
8161,
6140,
8161,
1357,
830,
5091,
14499,
830,
14499,
8158,
5091,
239,
6108,
5091,
6108,
14499,
14499,
6108,
1338,
14499,
1338,
8159,
8158,
14499,
8159,
8158,
8159,
2038,
2038,
8159,
14500,
2038,
14500,
8160,
8159,
1338,
6109,
8159,
6109,
14500,
14500,
6109,
238,
14500,
238,
5444,
8160,
14500,
5444,
8160,
5444,
1001,
1357,
8161,
14501,
1357,
14501,
6141,
8161,
2038,
8160,
8161,
8160,
14501,
14501,
8160,
1001,
14501,
1001,
5445,
6141,
14501,
5445,
6141,
5445,
153,
248,
6132,
14502,
248,
14502,
5423,
6132,
1353,
8162,
6132,
8162,
14502,
14502,
8162,
2039,
14502,
2039,
8165,
5423,
14502,
8165,
5423,
8165,
989,
1353,
6133,
14503,
1353,
14503,
8162,
6133,
453,
6600,
6133,
6600,
14503,
14503,
6600,
1584,
14503,
1584,
8163,
8162,
14503,
8163,
8162,
8163,
2039,
2039,
8163,
14504,
2039,
14504,
8164,
8163,
1584,
6599,
8163,
6599,
14504,
14504,
6599,
127,
14504,
127,
5047,
8164,
14504,
5047,
8164,
5047,
808,
989,
8165,
14505,
989,
14505,
5424,
8165,
2039,
8164,
8165,
8164,
14505,
14505,
8164,
808,
14505,
808,
5046,
5424,
14505,
5046,
5424,
5046,
140,
123,
5050,
14506,
123,
14506,
6150,
5050,
810,
8166,
5050,
8166,
14506,
14506,
8166,
2040,
14506,
2040,
8168,
6150,
14506,
8168,
6150,
8168,
1362,
141,
6148,
14507,
141,
14507,
5051,
6148,
1361,
8167,
6148,
8167,
14507,
14507,
8167,
2040,
14507,
2040,
8166,
5051,
14507,
8166,
5051,
8166,
810,
455,
6151,
14508,
455,
14508,
6149,
6151,
1362,
8168,
6151,
8168,
14508,
14508,
8168,
2040,
14508,
2040,
8167,
6149,
14508,
8167,
6149,
8167,
1361,
135,
5023,
14509,
135,
14509,
6147,
5023,
797,
8169,
5023,
8169,
14509,
14509,
8169,
2041,
14509,
2041,
8171,
6147,
14509,
8171,
6147,
8171,
1360,
123,
6150,
14510,
123,
14510,
5025,
6150,
1362,
8170,
6150,
8170,
14510,
14510,
8170,
2041,
14510,
2041,
8169,
5025,
14510,
8169,
5025,
8169,
797,
455,
6146,
14511,
455,
14511,
6151,
6146,
1360,
8171,
6146,
8171,
14511,
14511,
8171,
2041,
14511,
2041,
8170,
6151,
14511,
8170,
6151,
8170,
1362,
1658,
8172,
14512,
1658,
14512,
6782,
8172,
1287,
6008,
8172,
6008,
14512,
14512,
6008,
428,
14512,
428,
5981,
6782,
14512,
5981,
6782,
5981,
583,
434,
6772,
14513,
434,
14513,
6005,
6772,
582,
6783,
6772,
6783,
14513,
14513,
6783,
1659,
14513,
1659,
8694,
6005,
14513,
8694,
6005,
8694,
1286,
444,
6096,
14514,
444,
14514,
5113,
6096,
1332,
8173,
6096,
8173,
14514,
14514,
8173,
2042,
14514,
2042,
8175,
5113,
14514,
8175,
5113,
8175,
841,
448,
6174,
14515,
448,
14515,
6097,
6174,
1374,
8174,
6174,
8174,
14515,
14515,
8174,
2042,
14515,
2042,
8173,
6097,
14515,
8173,
6097,
8173,
1332,
183,
5112,
14516,
183,
14516,
6175,
5112,
841,
8175,
5112,
8175,
14516,
14516,
8175,
2042,
14516,
2042,
8174,
6175,
14516,
8174,
6175,
8174,
1374,
448,
6176,
14517,
448,
14517,
6178,
6176,
1375,
8176,
6176,
8176,
14517,
14517,
8176,
2043,
14517,
2043,
8178,
6178,
14517,
8178,
6178,
8178,
1376,
171,
5108,
14518,
171,
14518,
6177,
5108,
839,
8177,
5108,
8177,
14518,
14518,
8177,
2043,
14518,
2043,
8176,
6177,
14518,
8176,
6177,
8176,
1375,
446,
6179,
14519,
446,
14519,
5109,
6179,
1376,
8178,
6179,
8178,
14519,
14519,
8178,
2043,
14519,
2043,
8177,
5109,
14519,
8177,
5109,
8177,
839,
183,
6175,
14520,
183,
14520,
5097,
6175,
1374,
8179,
6175,
8179,
14520,
14520,
8179,
2044,
14520,
2044,
8181,
5097,
14520,
8181,
5097,
8181,
833,
448,
6178,
14521,
448,
14521,
6174,
6178,
1376,
8180,
6178,
8180,
14521,
14521,
8180,
2044,
14521,
2044,
8179,
6174,
14521,
8179,
6174,
8179,
1374,
446,
5096,
14522,
446,
14522,
6179,
5096,
833,
8181,
5096,
8181,
14522,
14522,
8181,
2044,
14522,
2044,
8180,
6179,
14522,
8180,
6179,
8180,
1376,
404,
5913,
14523,
404,
14523,
5626,
5913,
1247,
8182,
5913,
8182,
14523,
14523,
8182,
2045,
14523,
2045,
8184,
5626,
14523,
8184,
5626,
8184,
1099,
456,
6180,
14524,
456,
14524,
5912,
6180,
1377,
8183,
6180,
8183,
14524,
14524,
8183,
2045,
14524,
2045,
8182,
5912,
14524,
8182,
5912,
8182,
1247,
457,
5627,
14525,
457,
14525,
6181,
5627,
1099,
8184,
5627,
8184,
14525,
14525,
8184,
2045,
14525,
2045,
8183,
6181,
14525,
8183,
6181,
8183,
1377,
458,
6182,
14526,
458,
14526,
6203,
6182,
1378,
8185,
6182,
8185,
14526,
14526,
8185,
2046,
14526,
2046,
8187,
6203,
14526,
8187,
6203,
8187,
1388,
460,
6204,
14527,
460,
14527,
6184,
6204,
1389,
8186,
6204,
8186,
14527,
14527,
8186,
2046,
14527,
2046,
8185,
6184,
14527,
8185,
6184,
8185,
1378,
412,
6202,
14528,
412,
14528,
6205,
6202,
1388,
8187,
6202,
8187,
14528,
14528,
8187,
2046,
14528,
2046,
8186,
6205,
14528,
8186,
6205,
8186,
1389,
459,
6186,
14529,
459,
14529,
6183,
6186,
1380,
8188,
6186,
8188,
14529,
14529,
8188,
2047,
14529,
2047,
8191,
6183,
14529,
8191,
6183,
8191,
1379,
1380,
6187,
14530,
1380,
14530,
8188,
6187,
457,
6181,
6187,
6181,
14530,
14530,
6181,
1377,
14530,
1377,
8189,
8188,
14530,
8189,
8188,
8189,
2047,
2047,
8189,
14531,
2047,
14531,
8190,
8189,
1377,
6180,
8189,
6180,
14531,
14531,
6180,
456,
14531,
456,
6188,
8190,
14531,
6188,
8190,
6188,
1381,
1379,
8191,
14532,
1379,
14532,
6185,
8191,
2047,
8190,
8191,
8190,
14532,
14532,
8190,
1381,
14532,
1381,
6189,
6185,
14532,
6189,
6185,
6189,
461,
409,
5861,
14533,
409,
14533,
5893,
5861,
1222,
8192,
5861,
8192,
14533,
14533,
8192,
2048,
14533,
2048,
8195,
5893,
14533,
8195,
5893,
8195,
1237,
1222,
5863,
14534,
1222,
14534,
8192,
5863,
404,
5626,
5863,
5626,
14534,
14534,
5626,
1099,
14534,
1099,
8193,
8192,
14534,
8193,
8192,
8193,
2048,
2048,
8193,
14535,
2048,
14535,
8194,
8193,
1099,
5627,
8193,
5627,
14535,
14535,
5627,
457,
14535,
457,
6196,
8194,
14535,
6196,
8194,
6196,
1385,
1237,
8195,
14536,
1237,
14536,
5892,
8195,
2048,
8194,
8195,
8194,
14536,
14536,
8194,
1385,
14536,
1385,
6197,
5892,
14536,
6197,
5892,
6197,
358,
304,
6212,
14537,
304,
14537,
5548,
6212,
1392,
8196,
6212,
8196,
14537,
14537,
8196,
2049,
14537,
2049,
8199,
5548,
14537,
8199,
5548,
8199,
1060,
1392,
6213,
14538,
1392,
14538,
8196,
6213,
466,
6233,
6213,
6233,
14538,
14538,
6233,
1399,
14538,
1399,
8197,
8196,
14538,
8197,
8196,
8197,
2049,
2049,
8197,
14539,
2049,
14539,
8198,
8197,
1399,
6234,
8197,
6234,
14539,
14539,
6234,
462,
14539,
462,
6207,
8198,
14539,
6207,
8198,
6207,
1390,
1060,
8199,
14540,
1060,
14540,
5549,
8199,
2049,
8198,
8199,
8198,
14540,
14540,
8198,
1390,
14540,
1390,
6206,
5549,
14540,
6206,
5549,
6206,
303,
1439,
8200,
14541,
1439,
14541,
6328,
8200,
1400,
6236,
8200,
6236,
14541,
14541,
6236,
463,
14541,
463,
6208,
6328,
14541,
6208,
6328,
6208,
489,
464,
6239,
14542,
464,
14542,
6305,
6239,
1402,
8205,
6239,
8205,
14542,
14542,
8205,
1438,
14542,
1438,
6325,
6305,
14542,
6325,
6305,
6325,
490,
311,
5813,
14543,
311,
14543,
5560,
5813,
1197,
8201,
5813,
8201,
14543,
14543,
8201,
2050,
14543,
2050,
8204,
5560,
14543,
8204,
5560,
8204,
1066,
1197,
5812,
14544,
1197,
14544,
8201,
5812,
465,
6237,
5812,
6237,
14544,
14544,
6237,
1401,
14544,
1401,
8202,
8201,
14544,
8202,
8201,
8202,
2050,
2050,
8202,
14545,
2050,
14545,
8203,
8202,
1401,
6238,
8202,
6238,
14545,
14545,
6238,
478,
14545,
478,
6231,
8203,
14545,
6231,
8203,
6231,
1398,
1066,
8204,
14546,
1066,
14546,
5561,
8204,
2050,
8203,
8204,
8203,
14546,
14546,
8203,
1398,
14546,
1398,
6230,
5561,
14546,
6230,
5561,
6230,
310,
1438,
8205,
14547,
1438,
14547,
6326,
8205,
1402,
6240,
8205,
6240,
14547,
14547,
6240,
479,
14547,
479,
6232,
6326,
14547,
6232,
6326,
6232,
497,
492,
6219,
14548,
492,
14548,
6323,
6219,
470,
6243,
6219,
6243,
14548,
14548,
6243,
1404,
14548,
1404,
8210,
6323,
14548,
8210,
6323,
8210,
1437,
305,
6215,
14549,
305,
14549,
5550,
6215,
1393,
8206,
6215,
8206,
14549,
14549,
8206,
2051,
14549,
2051,
8209,
5550,
14549,
8209,
5550,
8209,
1061,
1393,
6217,
14550,
1393,
14550,
8206,
6217,
468,
6241,
6217,
6241,
14550,
14550,
6241,
1403,
14550,
1403,
8207,
8206,
14550,
8207,
8206,
8207,
2051,
2051,
8207,
14551,
2051,
14551,
8208,
8207,
1403,
6242,
8207,
6242,
14551,
14551,
6242,
466,
14551,
466,
6213,
8208,
14551,
6213,
8208,
6213,
1392,
1061,
8209,
14552,
1061,
14552,
5551,
8209,
2051,
8208,
8209,
8208,
14552,
14552,
8208,
1392,
14552,
1392,
6212,
5551,
14552,
6212,
5551,
6212,
304,
1437,
8210,
14553,
1437,
14553,
6324,
8210,
1404,
6244,
8210,
6244,
14553,
14553,
6244,
467,
14553,
467,
6214,
6324,
14553,
6214,
6324,
6214,
491,
495,
6226,
14554,
495,
14554,
6321,
6226,
475,
6247,
6226,
6247,
14554,
14554,
6247,
1406,
14554,
1406,
8215,
6321,
14554,
8215,
6321,
8215,
1436,
308,
6224,
14555,
308,
14555,
5554,
6224,
1396,
8211,
6224,
8211,
14555,
14555,
8211,
2052,
14555,
2052,
8214,
5554,
14555,
8214,
5554,
8214,
1063,
1396,
6225,
14556,
1396,
14556,
8211,
6225,
474,
6245,
6225,
6245,
14556,
14556,
6245,
1405,
14556,
1405,
8212,
8211,
14556,
8212,
8211,
8212,
2052,
2052,
8212,
14557,
2052,
14557,
8213,
8212,
1405,
6246,
8212,
6246,
14557,
14557,
6246,
472,
14557,
472,
6222,
8213,
14557,
6222,
8213,
6222,
1395,
1063,
8214,
14558,
1063,
14558,
5555,
8214,
2052,
8213,
8214,
8213,
14558,
14558,
8213,
1395,
14558,
1395,
6221,
5555,
14558,
6221,
5555,
6221,
307,
1436,
8215,
14559,
1436,
14559,
6322,
8215,
1406,
6248,
8215,
6248,
14559,
14559,
6248,
473,
14559,
473,
6223,
6322,
14559,
6223,
6322,
6223,
494,
497,
6232,
14560,
497,
14560,
6319,
6232,
479,
6251,
6232,
6251,
14560,
14560,
6251,
1408,
14560,
1408,
8220,
6319,
14560,
8220,
6319,
8220,
1435,
310,
6230,
14561,
310,
14561,
5558,
6230,
1398,
8216,
6230,
8216,
14561,
14561,
8216,
2053,
14561,
2053,
8219,
5558,
14561,
8219,
5558,
8219,
1065,
1398,
6231,
14562,
1398,
14562,
8216,
6231,
478,
6249,
6231,
6249,
14562,
14562,
6249,
1407,
14562,
1407,
8217,
8216,
14562,
8217,
8216,
8217,
2053,
2053,
8217,
14563,
2053,
14563,
8218,
8217,
1407,
6250,
8217,
6250,
14563,
14563,
6250,
476,
14563,
476,
6228,
8218,
14563,
6228,
8218,
6228,
1397,
1065,
8219,
14564,
1065,
14564,
5559,
8219,
2053,
8218,
8219,
8218,
14564,
14564,
8218,
1397,
14564,
1397,
6227,
5559,
14564,
6227,
5559,
6227,
309,
1435,
8220,
14565,
1435,
14565,
6320,
8220,
1408,
6252,
8220,
6252,
14565,
14565,
6252,
477,
14565,
477,
6229,
6320,
14565,
6229,
6320,
6229,
496,
489,
6208,
14566,
489,
14566,
6317,
6208,
463,
6255,
6208,
6255,
14566,
14566,
6255,
1410,
14566,
1410,
8225,
6317,
14566,
8225,
6317,
8225,
1434,
303,
6206,
14567,
303,
14567,
5562,
6206,
1390,
8221,
6206,
8221,
14567,
14567,
8221,
2054,
14567,
2054,
8224,
5562,
14567,
8224,
5562,
8224,
1067,
1390,
6207,
14568,
1390,
14568,
8221,
6207,
462,
6253,
6207,
6253,
14568,
14568,
6253,
1409,
14568,
1409,
8222,
8221,
14568,
8222,
8221,
8222,
2054,
2054,
8222,
14569,
2054,
14569,
8223,
8222,
1409,
6254,
8222,
6254,
14569,
14569,
6254,
465,
14569,
465,
5812,
8223,
14569,
5812,
8223,
5812,
1197,
1067,
8224,
14570,
1067,
14570,
5563,
8224,
2054,
8223,
8224,
8223,
14570,
14570,
8223,
1197,
14570,
1197,
5813,
5563,
14570,
5813,
5563,
5813,
311,
1434,
8225,
14571,
1434,
14571,
6318,
8225,
1410,
6256,
8225,
6256,
14571,
14571,
6256,
464,
14571,
464,
6305,
6318,
14571,
6305,
6318,
6305,
490,
494,
6223,
14572,
494,
14572,
6315,
6223,
473,
6259,
6223,
6259,
14572,
14572,
6259,
1412,
14572,
1412,
8230,
6315,
14572,
8230,
6315,
8230,
1433,
307,
6221,
14573,
307,
14573,
5552,
6221,
1395,
8226,
6221,
8226,
14573,
14573,
8226,
2055,
14573,
2055,
8229,
5552,
14573,
8229,
5552,
8229,
1062,
1395,
6222,
14574,
1395,
14574,
8226,
6222,
472,
6257,
6222,
6257,
14574,
14574,
6257,
1411,
14574,
1411,
8227,
8226,
14574,
8227,
8226,
8227,
2055,
2055,
8227,
14575,
2055,
14575,
8228,
8227,
1411,
6258,
8227,
6258,
14575,
14575,
6258,
469,
14575,
469,
6218,
8228,
14575,
6218,
8228,
6218,
1394,
1062,
8229,
14576,
1062,
14576,
5553,
8229,
2055,
8228,
8229,
8228,
14576,
14576,
8228,
1394,
14576,
1394,
6216,
5553,
14576,
6216,
5553,
6216,
306,
1433,
8230,
14577,
1433,
14577,
6316,
8230,
1412,
6260,
8230,
6260,
14577,
14577,
6260,
471,
14577,
471,
6220,
6316,
14577,
6220,
6316,
6220,
493,
496,
6229,
14578,
496,
14578,
6313,
6229,
477,
6263,
6229,
6263,
14578,
14578,
6263,
1414,
14578,
1414,
8235,
6313,
14578,
8235,
6313,
8235,
1432,
309,
6227,
14579,
309,
14579,
5556,
6227,
1397,
8231,
6227,
8231,
14579,
14579,
8231,
2056,
14579,
2056,
8234,
5556,
14579,
8234,
5556,
8234,
1064,
1397,
6228,
14580,
1397,
14580,
8231,
6228,
476,
6261,
6228,
6261,
14580,
14580,
6261,
1413,
14580,
1413,
8232,
8231,
14580,
8232,
8231,
8232,
2056,
2056,
8232,
14581,
2056,
14581,
8233,
8232,
1413,
6262,
8232,
6262,
14581,
14581,
6262,
474,
14581,
474,
6225,
8233,
14581,
6225,
8233,
6225,
1396,
1064,
8234,
14582,
1064,
14582,
5557,
8234,
2056,
8233,
8234,
8233,
14582,
14582,
8233,
1396,
14582,
1396,
6224,
5557,
14582,
6224,
5557,
6224,
308,
1432,
8235,
14583,
1432,
14583,
6314,
8235,
1414,
6264,
8235,
6264,
14583,
14583,
6264,
475,
14583,
475,
6226,
6314,
14583,
6226,
6314,
6226,
495,
282,
6281,
14584,
282,
14584,
5504,
6281,
1421,
8236,
6281,
8236,
14584,
14584,
8236,
2057,
14584,
2057,
8239,
5504,
14584,
8239,
5504,
8239,
1036,
1421,
6282,
14585,
1421,
14585,
8236,
6282,
486,
6288,
6282,
6288,
14585,
14585,
6288,
1424,
14585,
1424,
8237,
8236,
14585,
8237,
8236,
8237,
2057,
2057,
8237,
14586,
2057,
14586,
8238,
8237,
1424,
6289,
8237,
6289,
14586,
14586,
6289,
488,
14586,
488,
6032,
8238,
14586,
6032,
8238,
6032,
1302,
1036,
8239,
14587,
1036,
14587,
5505,
8239,
2057,
8238,
8239,
8238,
14587,
14587,
8238,
1302,
14587,
1302,
6033,
5505,
14587,
6033,
5505,
6033,
281,
284,
6278,
14588,
284,
14588,
5508,
6278,
1420,
8241,
6278,
8241,
14588,
14588,
8241,
2058,
14588,
2058,
8244,
5508,
14588,
8244,
5508,
8244,
1038,
1420,
6279,
14589,
1420,
14589,
8241,
6279,
485,
6290,
6279,
6290,
14589,
14589,
6290,
1425,
14589,
1425,
8242,
8241,
14589,
8242,
8241,
8242,
2058,
2058,
8242,
14590,
2058,
14590,
8243,
8242,
1425,
6291,
8242,
6291,
14590,
14590,
6291,
487,
14590,
487,
6030,
8243,
14590,
6030,
8243,
6030,
1301,
1038,
8244,
14591,
1038,
14591,
5509,
8244,
2058,
8243,
8244,
8243,
14591,
14591,
8243,
1301,
14591,
1301,
6031,
5509,
14591,
6031,
5509,
6031,
283,
278,
6265,
14592,
278,
14592,
5498,
6265,
1415,
8246,
6265,
8246,
14592,
14592,
8246,
2059,
14592,
2059,
8249,
5498,
14592,
8249,
5498,
8249,
1033,
1415,
6267,
14593,
1415,
14593,
8246,
6267,
480,
6292,
6267,
6292,
14593,
14593,
6292,
1426,
14593,
1426,
8247,
8246,
14593,
8247,
8246,
8247,
2059,
2059,
8247,
14594,
2059,
14594,
8248,
8247,
1426,
6293,
8247,
6293,
14594,
14594,
6293,
484,
14594,
484,
6026,
8248,
14594,
6026,
8248,
6026,
1298,
1033,
8249,
14595,
1033,
14595,
5499,
8249,
2059,
8248,
8249,
8248,
14595,
14595,
8248,
1298,
14595,
1298,
6027,
5499,
14595,
6027,
5499,
6027,
277,
281,
6033,
14596,
281,
14596,
5502,
6033,
1302,
8251,
6033,
8251,
14596,
14596,
8251,
2060,
14596,
2060,
8254,
5502,
14596,
8254,
5502,
8254,
1035,
1302,
6032,
14597,
1302,
14597,
8251,
6032,
488,
6294,
6032,
6294,
14597,
14597,
6294,
1427,
14597,
1427,
8252,
8251,
14597,
8252,
8251,
8252,
2060,
2060,
8252,
14598,
2060,
14598,
8253,
8252,
1427,
6295,
8252,
6295,
14598,
14598,
6295,
482,
14598,
482,
6023,
8253,
14598,
6023,
8253,
6023,
1296,
1035,
8254,
14599,
1035,
14599,
5503,
8254,
2060,
8253,
8254,
8253,
14599,
14599,
8253,
1296,
14599,
1296,
6024,
5503,
14599,
6024,
5503,
6024,
280,
283,
6031,
14600,
283,
14600,
5506,
6031,
1301,
8256,
6031,
8256,
14600,
14600,
8256,
2061,
14600,
2061,
8259,
5506,
14600,
8259,
5506,
8259,
1037,
1301,
6030,
14601,
1301,
14601,
8256,
6030,
487,
6296,
6030,
6296,
14601,
14601,
6296,
1428,
14601,
1428,
8257,
8256,
14601,
8257,
8256,
8257,
2061,
2061,
8257,
14602,
2061,
14602,
8258,
8257,
1428,
6297,
8257,
6297,
14602,
14602,
6297,
486,
14602,
486,
6282,
8258,
14602,
6282,
8258,
6282,
1421,
1037,
8259,
14603,
1037,
14603,
5507,
8259,
2061,
8258,
8259,
8258,
14603,
14603,
8258,
1421,
14603,
1421,
6281,
5507,
14603,
6281,
5507,
6281,
282,
276,
6273,
14604,
276,
14604,
5510,
6273,
1418,
8261,
6273,
8261,
14604,
14604,
8261,
2062,
14604,
2062,
8264,
5510,
14604,
8264,
5510,
8264,
1039,
1418,
6274,
14605,
1418,
14605,
8261,
6274,
483,
6298,
6274,
6298,
14605,
14605,
6298,
1429,
14605,
1429,
8262,
8261,
14605,
8262,
8261,
8262,
2062,
2062,
8262,
14606,
2062,
14606,
8263,
8262,
1429,
6299,
8262,
6299,
14606,
14606,
6299,
485,
14606,
485,
6279,
8263,
14606,
6279,
8263,
6279,
1420,
1039,
8264,
14607,
1039,
14607,
5511,
8264,
2062,
8263,
8264,
8263,
14607,
14607,
8263,
1420,
14607,
1420,
6278,
5511,
14607,
6278,
5511,
6278,
284,
277,
6027,
14608,
277,
14608,
5496,
6027,
1298,
8266,
6027,
8266,
14608,
14608,
8266,
2063,
14608,
2063,
8269,
5496,
14608,
8269,
5496,
8269,
1032,
1298,
6026,
14609,
1298,
14609,
8266,
6026,
484,
6300,
6026,
6300,
14609,
14609,
6300,
1430,
14609,
1430,
8267,
8266,
14609,
8267,
8266,
8267,
2063,
2063,
8267,
14610,
2063,
14610,
8268,
8267,
1430,
6301,
8267,
6301,
14610,
14610,
6301,
483,
14610,
483,
6274,
8268,
14610,
6274,
8268,
6274,
1418,
1032,
8269,
14611,
1032,
14611,
5497,
8269,
2063,
8268,
8269,
8268,
14611,
14611,
8268,
1418,
14611,
1418,
6273,
5497,
14611,
6273,
5497,
6273,
276,
280,
6024,
14612,
280,
14612,
5500,
6024,
1296,
8271,
6024,
8271,
14612,
14612,
8271,
2064,
14612,
2064,
8274,
5500,
14612,
8274,
5500,
8274,
1034,
1296,
6023,
14613,
1296,
14613,
8271,
6023,
482,
6302,
6023,
6302,
14613,
14613,
6302,
1431,
14613,
1431,
8272,
8271,
14613,
8272,
8271,
8272,
2064,
2064,
8272,
14614,
2064,
14614,
8273,
8272,
1431,
6303,
8272,
6303,
14614,
14614,
6303,
481,
14614,
481,
6268,
8273,
14614,
6268,
8273,
6268,
1416,
1034,
8274,
14615,
1034,
14615,
5501,
8274,
2064,
8273,
8274,
8273,
14615,
14615,
8273,
1416,
14615,
1416,
6266,
5501,
14615,
6266,
5501,
6266,
279,
476,
6311,
14616,
476,
14616,
6261,
6311,
496,
6313,
6311,
6313,
14616,
14616,
6313,
1432,
14616,
1432,
8276,
6261,
14616,
8276,
6261,
8276,
1413,
1413,
8276,
14617,
1413,
14617,
6262,
8276,
1432,
6314,
8276,
6314,
14617,
14617,
6314,
495,
14617,
495,
6310,
6262,
14617,
6310,
6262,
6310,
474,
472,
6309,
14618,
472,
14618,
6257,
6309,
494,
6315,
6309,
6315,
14618,
14618,
6315,
1433,
14618,
1433,
8277,
6257,
14618,
8277,
6257,
8277,
1411,
1411,
8277,
14619,
1411,
14619,
6258,
8277,
1433,
6316,
8277,
6316,
14619,
14619,
6316,
493,
14619,
493,
6308,
6258,
14619,
6308,
6258,
6308,
469,
462,
6304,
14620,
462,
14620,
6253,
6304,
489,
6317,
6304,
6317,
14620,
14620,
6317,
1434,
14620,
1434,
8278,
6253,
14620,
8278,
6253,
8278,
1409,
1409,
8278,
14621,
1409,
14621,
6254,
8278,
1434,
6318,
8278,
6318,
14621,
14621,
6318,
490,
14621,
490,
6211,
6254,
14621,
6211,
6254,
6211,
465,
478,
6312,
14622,
478,
14622,
6249,
6312,
497,
6319,
6312,
6319,
14622,
14622,
6319,
1435,
14622,
1435,
8279,
6249,
14622,
8279,
6249,
8279,
1407,
1407,
8279,
14623,
1407,
14623,
6250,
8279,
1435,
6320,
8279,
6320,
14623,
14623,
6320,
496,
14623,
496,
6311,
6250,
14623,
6311,
6250,
6311,
476,
474,
6310,
14624,
474,
14624,
6245,
6310,
495,
6321,
6310,
6321,
14624,
14624,
6321,
1436,
14624,
1436,
8280,
6245,
14624,
8280,
6245,
8280,
1405,
1405,
8280,
14625,
1405,
14625,
6246,
8280,
1436,
6322,
8280,
6322,
14625,
14625,
6322,
494,
14625,
494,
6309,
6246,
14625,
6309,
6246,
6309,
472,
468,
6307,
14626,
468,
14626,
6241,
6307,
492,
6323,
6307,
6323,
14626,
14626,
6323,
1437,
14626,
1437,
8281,
6241,
14626,
8281,
6241,
8281,
1403,
1403,
8281,
14627,
1403,
14627,
6242,
8281,
1437,
6324,
8281,
6324,
14627,
14627,
6324,
491,
14627,
491,
6306,
6242,
14627,
6306,
6242,
6306,
466,
490,
6325,
14628,
490,
14628,
6211,
6325,
1438,
8282,
6325,
8282,
14628,
14628,
8282,
1401,
14628,
1401,
6237,
6211,
14628,
6237,
6211,
6237,
465,
1401,
8282,
14629,
1401,
14629,
6238,
8282,
1438,
6326,
8282,
6326,
14629,
14629,
6326,
497,
14629,
497,
6312,
6238,
14629,
6312,
6238,
6312,
478,
466,
6306,
14630,
466,
14630,
6233,
6306,
491,
6327,
6306,
6327,
14630,
14630,
6327,
1439,
14630,
1439,
8283,
6233,
14630,
8283,
6233,
8283,
1399,
1399,
8283,
14631,
1399,
14631,
6234,
8283,
1439,
6328,
8283,
6328,
14631,
14631,
6328,
489,
14631,
489,
6304,
6234,
14631,
6304,
6234,
6304,
462,
500,
6338,
14632,
500,
14632,
6272,
6338,
1440,
8284,
6338,
8284,
14632,
14632,
8284,
1431,
14632,
1431,
6302,
6272,
14632,
6302,
6272,
6302,
482,
1431,
8284,
14633,
1431,
14633,
6303,
8284,
1440,
6339,
8284,
6339,
14633,
14633,
6339,
499,
14633,
499,
6330,
6303,
14633,
6330,
6303,
6330,
481,
502,
6340,
14634,
502,
14634,
6277,
6340,
1441,
8285,
6340,
8285,
14634,
14634,
8285,
1430,
14634,
1430,
6300,
6277,
14634,
6300,
6277,
6300,
484,
1430,
8285,
14635,
1430,
14635,
6301,
8285,
1441,
6341,
8285,
6341,
14635,
14635,
6341,
501,
14635,
501,
6332,
6301,
14635,
6332,
6301,
6332,
483,
483,
6332,
14636,
483,
14636,
6298,
6332,
501,
6342,
6332,
6342,
14636,
14636,
6342,
1442,
14636,
1442,
8286,
6298,
14636,
8286,
6298,
8286,
1429,
1429,
8286,
14637,
1429,
14637,
6299,
8286,
1442,
6343,
8286,
6343,
14637,
14637,
6343,
503,
14637,
503,
6334,
6299,
14637,
6334,
6299,
6334,
485,
505,
6344,
14638,
505,
14638,
6285,
6344,
1443,
8287,
6344,
8287,
14638,
14638,
8287,
1428,
14638,
1428,
6296,
6285,
14638,
6296,
6285,
6296,
487,
1428,
8287,
14639,
1428,
14639,
6297,
8287,
1443,
6345,
8287,
6345,
14639,
14639,
6345,
504,
14639,
504,
6335,
6297,
14639,
6335,
6297,
6335,
486,
506,
6346,
14640,
506,
14640,
6287,
6346,
1444,
8288,
6346,
8288,
14640,
14640,
8288,
1427,
14640,
1427,
6294,
6287,
14640,
6294,
6287,
6294,
488,
1427,
8288,
14641,
1427,
14641,
6295,
8288,
1444,
6347,
8288,
6347,
14641,
14641,
6347,
500,
14641,
500,
6272,
6295,
14641,
6272,
6295,
6272,
482,
480,
6329,
14642,
480,
14642,
6292,
6329,
498,
6348,
6329,
6348,
14642,
14642,
6348,
1445,
14642,
1445,
8289,
6292,
14642,
8289,
6292,
8289,
1426,
1426,
8289,
14643,
1426,
14643,
6293,
8289,
1445,
6349,
8289,
6349,
14643,
14643,
6349,
502,
14643,
502,
6277,
6293,
14643,
6277,
6293,
6277,
484,
485,
6334,
14644,
485,
14644,
6290,
6334,
503,
6350,
6334,
6350,
14644,
14644,
6350,
1446,
14644,
1446,
8290,
6290,
14644,
8290,
6290,
8290,
1425,
1425,
8290,
14645,
1425,
14645,
6291,
8290,
1446,
6351,
8290,
6351,
14645,
14645,
6351,
505,
14645,
505,
6285,
6291,
14645,
6285,
6291,
6285,
487,
486,
6335,
14646,
486,
14646,
6288,
6335,
504,
6352,
6335,
6352,
14646,
14646,
6352,
1447,
14646,
1447,
8291,
6288,
14646,
8291,
6288,
8291,
1424,
1424,
8291,
14647,
1424,
14647,
6289,
8291,
1447,
6353,
8291,
6353,
14647,
14647,
6353,
506,
14647,
506,
6287,
6289,
14647,
6287,
6289,
6287,
488,
1187,
8387,
14648,
1187,
14648,
5792,
8387,
2088,
8386,
8387,
8386,
14648,
14648,
8386,
1448,
14648,
1448,
6354,
5792,
14648,
6354,
5792,
6354,
389,
1188,
5795,
14649,
1188,
14649,
8292,
5795,
391,
6437,
5795,
6437,
14649,
14649,
6437,
1492,
14649,
1492,
8381,
8292,
14649,
8381,
8292,
8381,
2087,
2087,
8383,
14650,
2087,
14650,
8292,
8383,
1491,
6435,
8383,
6435,
14650,
14650,
6435,
390,
14650,
390,
5794,
8292,
14650,
5794,
8292,
5794,
1188,
1189,
5797,
14651,
1189,
14651,
8293,
5797,
393,
6441,
5797,
6441,
14651,
14651,
6441,
1494,
14651,
1494,
8378,
8293,
14651,
8378,
8293,
8378,
2086,
2086,
8380,
14652,
2086,
14652,
8293,
8380,
1493,
6438,
8380,
6438,
14652,
14652,
6438,
392,
14652,
392,
5796,
8293,
14652,
5796,
8293,
5796,
1189,
1190,
5799,
14653,
1190,
14653,
8294,
5799,
394,
6443,
5799,
6443,
14653,
14653,
6443,
1495,
14653,
1495,
8375,
8294,
14653,
8375,
8294,
8375,
2085,
2085,
8377,
14654,
2085,
14654,
8294,
8377,
1494,
6441,
8377,
6441,
14654,
14654,
6441,
393,
14654,
393,
5798,
8294,
14654,
5798,
8294,
5798,
1190,
1192,
5803,
14655,
1192,
14655,
8295,
5803,
396,
6447,
5803,
6447,
14655,
14655,
6447,
1497,
14655,
1497,
8372,
8295,
14655,
8372,
8295,
8372,
2084,
2084,
8374,
14656,
2084,
14656,
8295,
8374,
1496,
6445,
8374,
6445,
14656,
14656,
6445,
395,
14656,
395,
5802,
8295,
14656,
5802,
8295,
5802,
1192,
1194,
5807,
14657,
1194,
14657,
8296,
5807,
389,
6354,
5807,
6354,
14657,
14657,
6354,
1448,
14657,
1448,
8369,
8296,
14657,
8369,
8296,
8369,
2083,
2083,
8371,
14658,
2083,
14658,
8296,
8371,
1449,
6355,
8371,
6355,
14658,
14658,
6355,
397,
14658,
397,
5806,
8296,
14658,
5806,
8296,
5806,
1194,
1191,
5801,
14659,
1191,
14659,
8297,
5801,
395,
6445,
5801,
6445,
14659,
14659,
6445,
1496,
14659,
1496,
8366,
8297,
14659,
8366,
8297,
8366,
2082,
2082,
8368,
14660,
2082,
14660,
8297,
8368,
1495,
6443,
8368,
6443,
14660,
14660,
6443,
394,
14660,
394,
5800,
8297,
14660,
5800,
8297,
5800,
1191,
1193,
5805,
14661,
1193,
14661,
8298,
5805,
397,
6355,
5805,
6355,
14661,
14661,
6355,
1449,
14661,
1449,
8363,
8298,
14661,
8363,
8298,
8363,
2081,
2081,
8365,
14662,
2081,
14662,
8298,
8365,
1497,
6447,
8365,
6447,
14662,
14662,
6447,
396,
14662,
396,
5804,
8298,
14662,
5804,
8298,
5804,
1193,
1923,
7723,
14663,
1923,
14663,
8299,
7723,
1450,
6358,
7723,
6358,
14663,
14663,
6358,
259,
14663,
259,
5467,
8299,
14663,
5467,
8299,
5467,
1017,
266,
6362,
14664,
266,
14664,
5472,
6362,
1042,
7718,
6362,
7718,
14664,
14664,
7718,
1922,
14664,
1922,
8300,
5472,
14664,
8300,
5472,
8300,
1020,
1922,
7720,
14665,
1922,
14665,
8300,
7720,
1454,
6369,
7720,
6369,
14665,
14665,
6369,
264,
14665,
264,
5474,
8300,
14665,
5474,
8300,
5474,
1020,
270,
6359,
14666,
270,
14666,
5480,
6359,
1041,
7715,
6359,
7715,
14666,
14666,
7715,
1921,
14666,
1921,
8301,
5480,
14666,
8301,
5480,
8301,
1024,
1921,
7717,
14667,
1921,
14667,
8301,
7717,
1452,
6364,
7717,
6364,
14667,
14667,
6364,
268,
14667,
268,
5482,
8301,
14667,
5482,
8301,
5482,
1024,
274,
6356,
14668,
274,
14668,
5488,
6356,
1040,
7712,
6356,
7712,
14668,
14668,
7712,
1920,
14668,
1920,
8302,
5488,
14668,
8302,
5488,
8302,
1028,
1920,
7714,
14669,
1920,
14669,
8302,
7714,
1451,
6361,
7714,
6361,
14669,
14669,
6361,
272,
14669,
272,
5490,
8302,
14669,
5490,
8302,
5490,
1028,
263,
6368,
14670,
263,
14670,
5469,
6368,
1453,
7709,
6368,
7709,
14670,
14670,
7709,
1919,
14670,
1919,
8303,
5469,
14670,
8303,
5469,
8303,
1019,
1919,
7711,
14671,
1919,
14671,
8303,
7711,
1043,
6365,
7711,
6365,
14671,
14671,
6365,
261,
14671,
261,
5471,
8303,
14671,
5471,
8303,
5471,
1019,
268,
6364,
14672,
268,
14672,
5476,
6364,
1452,
7706,
6364,
7706,
14672,
14672,
7706,
1918,
14672,
1918,
8304,
5476,
14672,
8304,
5476,
8304,
1022,
1918,
7708,
14673,
1918,
14673,
8304,
7708,
1042,
6362,
7708,
6362,
14673,
14673,
6362,
266,
14673,
266,
5478,
8304,
14673,
5478,
8304,
5478,
1022,
272,
6361,
14674,
272,
14674,
5484,
6361,
1451,
7703,
6361,
7703,
14674,
14674,
7703,
1917,
14674,
1917,
8305,
5484,
14674,
8305,
5484,
8305,
1026,
1917,
7705,
14675,
1917,
14675,
8305,
7705,
1041,
6359,
7705,
6359,
14675,
14675,
6359,
270,
14675,
270,
5486,
8305,
14675,
5486,
8305,
5486,
1026,
259,
6358,
14676,
259,
14676,
5493,
6358,
1450,
7700,
6358,
7700,
14676,
14676,
7700,
1916,
14676,
1916,
8306,
5493,
14676,
8306,
5493,
8306,
1031,
1916,
7702,
14677,
1916,
14677,
8306,
7702,
1040,
6356,
7702,
6356,
14677,
14677,
6356,
274,
14677,
274,
5494,
8306,
14677,
5494,
8306,
5494,
1031,
504,
6283,
14678,
504,
14678,
6352,
6283,
1300,
7801,
6283,
7801,
14678,
14678,
7801,
1945,
14678,
1945,
8240,
6352,
14678,
8240,
6352,
8240,
1447,
354,
6382,
14679,
354,
14679,
6084,
6382,
1461,
8307,
6382,
8307,
14679,
14679,
8307,
2065,
14679,
2065,
8310,
6084,
14679,
8310,
6084,
8310,
1326,
1461,
6383,
14680,
1461,
14680,
8307,
6383,
513,
6388,
6383,
6388,
14680,
14680,
6388,
1464,
14680,
1464,
8308,
8307,
14680,
8308,
8307,
8308,
2065,
2065,
8308,
14681,
2065,
14681,
8309,
8308,
1464,
6389,
8308,
6389,
14681,
14681,
6389,
508,
14681,
508,
5918,
8309,
14681,
5918,
8309,
5918,
1250,
1326,
8310,
14682,
1326,
14682,
6085,
8310,
2065,
8309,
8310,
8309,
14682,
14682,
8309,
1250,
14682,
1250,
5919,
6085,
14682,
5919,
6085,
5919,
422,
350,
6376,
14683,
350,
14683,
6086,
6376,
1458,
8311,
6376,
8311,
14683,
14683,
8311,
2066,
14683,
2066,
8314,
6086,
14683,
8314,
6086,
8314,
1327,
1458,
6378,
14684,
1458,
14684,
8311,
6378,
510,
6390,
6378,
6390,
14684,
14684,
6390,
1465,
14684,
1465,
8312,
8311,
14684,
8312,
8311,
8312,
2066,
2066,
8312,
14685,
2066,
14685,
8313,
8312,
1465,
6391,
8312,
6391,
14685,
14685,
6391,
507,
14685,
507,
5916,
8313,
14685,
5916,
8313,
5916,
1249,
1327,
8314,
14686,
1327,
14686,
6087,
8314,
2066,
8313,
8314,
8313,
14686,
14686,
8313,
1249,
14686,
1249,
5917,
6087,
14686,
5917,
6087,
5917,
421,
348,
6374,
14687,
348,
14687,
5680,
6374,
1457,
8315,
6374,
8315,
14687,
14687,
8315,
2067,
14687,
2067,
8318,
5680,
14687,
8318,
5680,
8318,
1126,
1457,
6375,
14688,
1457,
14688,
8315,
6375,
509,
6392,
6375,
6392,
14688,
14688,
6392,
1466,
14688,
1466,
8316,
8315,
14688,
8316,
8315,
8316,
2067,
2067,
8316,
14689,
2067,
14689,
8317,
8316,
1466,
6393,
8316,
6393,
14689,
14689,
6393,
515,
14689,
515,
6094,
8317,
14689,
6094,
8317,
6094,
1331,
1126,
8318,
14690,
1126,
14690,
5681,
8318,
2067,
8317,
8318,
8317,
14690,
14690,
8317,
1331,
14690,
1331,
6095,
5681,
14690,
6095,
5681,
6095,
352,
422,
5919,
14691,
422,
14691,
6088,
5919,
1250,
8319,
5919,
8319,
14691,
14691,
8319,
2068,
14691,
2068,
8322,
6088,
14691,
8322,
6088,
8322,
1328,
1250,
5918,
14692,
1250,
14692,
8319,
5918,
508,
6394,
5918,
6394,
14692,
14692,
6394,
1467,
14692,
1467,
8320,
8319,
14692,
8320,
8319,
8320,
2068,
2068,
8320,
14693,
2068,
14693,
8321,
8320,
1467,
6395,
8320,
6395,
14693,
14693,
6395,
514,
14693,
514,
6092,
8321,
14693,
6092,
8321,
6092,
1330,
1328,
8322,
14694,
1328,
14694,
6089,
8322,
2068,
8321,
8322,
8321,
14694,
14694,
8321,
1330,
14694,
1330,
6093,
6089,
14694,
6093,
6089,
6093,
349,
353,
6380,
14695,
353,
14695,
5682,
6380,
1460,
8323,
6380,
8323,
14695,
14695,
8323,
2069,
14695,
2069,
8326,
5682,
14695,
8326,
5682,
8326,
1127,
1460,
6381,
14696,
1460,
14696,
8323,
6381,
512,
6396,
6381,
6396,
14696,
14696,
6396,
1468,
14696,
1468,
8324,
8323,
14696,
8324,
8323,
8324,
2069,
2069,
8324,
14697,
2069,
14697,
8325,
8324,
1468,
6397,
8324,
6397,
14697,
14697,
6397,
513,
14697,
513,
6383,
8325,
14697,
6383,
8325,
6383,
1461,
1127,
8326,
14698,
1127,
14698,
5683,
8326,
2069,
8325,
8326,
8325,
14698,
14698,
8325,
1461,
14698,
1461,
6382,
5683,
14698,
6382,
5683,
6382,
354,
421,
5917,
14699,
421,
14699,
6090,
5917,
1249,
8327,
5917,
8327,
14699,
14699,
8327,
2070,
14699,
2070,
8330,
6090,
14699,
8330,
6090,
8330,
1329,
1249,
5916,
14700,
1249,
14700,
8327,
5916,
507,
6398,
5916,
6398,
14700,
14700,
6398,
1469,
14700,
1469,
8328,
8327,
14700,
8328,
8327,
8328,
2070,
2070,
8328,
14701,
2070,
14701,
8329,
8328,
1469,
6399,
8328,
6399,
14701,
14701,
6399,
512,
14701,
512,
6381,
8329,
14701,
6381,
8329,
6381,
1460,
1329,
8330,
14702,
1329,
14702,
6091,
8330,
2070,
8329,
8330,
8329,
14702,
14702,
8329,
1460,
14702,
1460,
6380,
6091,
14702,
6380,
6091,
6380,
353,
352,
6095,
14703,
352,
14703,
5684,
6095,
1331,
8331,
6095,
8331,
14703,
14703,
8331,
2071,
14703,
2071,
8334,
5684,
14703,
8334,
5684,
8334,
1128,
1331,
6094,
14704,
1331,
14704,
8331,
6094,
515,
6400,
6094,
6400,
14704,
14704,
6400,
1470,
14704,
1470,
8332,
8331,
14704,
8332,
8331,
8332,
2071,
2071,
8332,
14705,
2071,
14705,
8333,
8332,
1470,
6401,
8332,
6401,
14705,
14705,
6401,
511,
14705,
511,
6379,
8333,
14705,
6379,
8333,
6379,
1459,
1128,
8334,
14706,
1128,
14706,
5685,
8334,
2071,
8333,
8334,
8333,
14706,
14706,
8333,
1459,
14706,
1459,
6377,
5685,
14706,
6377,
5685,
6377,
351,
349,
6093,
14707,
349,
14707,
5686,
6093,
1330,
8335,
6093,
8335,
14707,
14707,
8335,
2072,
14707,
2072,
8338,
5686,
14707,
8338,
5686,
8338,
1129,
1330,
6092,
14708,
1330,
14708,
8335,
6092,
514,
6402,
6092,
6402,
14708,
14708,
6402,
1471,
14708,
1471,
8336,
8335,
14708,
8336,
8335,
8336,
2072,
2072,
8336,
14709,
2072,
14709,
8337,
8336,
1471,
6403,
8336,
6403,
14709,
14709,
6403,
509,
14709,
509,
6375,
8337,
14709,
6375,
8337,
6375,
1457,
1129,
8338,
14710,
1129,
14710,
5687,
8338,
2072,
8337,
8338,
8337,
14710,
14710,
8337,
1457,
14710,
1457,
6374,
5687,
14710,
6374,
5687,
6374,
348,
2088,
8385,
14711,
2088,
14711,
8386,
8385,
2073,
8341,
8385,
8341,
14711,
14711,
8341,
1489,
14711,
1489,
6432,
8386,
14711,
6432,
8386,
6432,
1448,
1472,
6404,
14712,
1472,
14712,
8339,
6404,
516,
6415,
6404,
6415,
14712,
14712,
6415,
1481,
14712,
1481,
8340,
8339,
14712,
8340,
8339,
8340,
2073,
2073,
8340,
14713,
2073,
14713,
8341,
8340,
1481,
6416,
8340,
6416,
14713,
14713,
6416,
523,
14713,
523,
6431,
8341,
14713,
6431,
8341,
6431,
1489,
1491,
6436,
14714,
1491,
14714,
8384,
6436,
1472,
8339,
6436,
8339,
14714,
14714,
8339,
2073,
14714,
2073,
8385,
8384,
14714,
8385,
8384,
8385,
2088,
1491,
8383,
14715,
1491,
14715,
6436,
8383,
2087,
8382,
8383,
8382,
14715,
14715,
8382,
2074,
14715,
2074,
8344,
6436,
14715,
8344,
6436,
8344,
1472,
2074,
8342,
14716,
2074,
14716,
8343,
8342,
1473,
6405,
8342,
6405,
14716,
14716,
6405,
517,
14716,
517,
6417,
8343,
14716,
6417,
8343,
6417,
1482,
1472,
8344,
14717,
1472,
14717,
6404,
8344,
2074,
8343,
8344,
8343,
14717,
14717,
8343,
1482,
14717,
1482,
6418,
6404,
14717,
6418,
6404,
6418,
516,
2087,
8381,
14718,
2087,
14718,
8382,
8381,
1492,
6439,
8381,
6439,
14718,
14718,
6439,
1473,
14718,
1473,
8342,
8382,
14718,
8342,
8382,
8342,
2074,
1493,
8380,
14719,
1493,
14719,
6440,
8380,
2086,
8379,
8380,
8379,
14719,
14719,
8379,
2075,
14719,
2075,
8347,
6440,
14719,
8347,
6440,
8347,
1474,
2075,
8345,
14720,
2075,
14720,
8346,
8345,
1475,
6407,
8345,
6407,
14720,
14720,
6407,
519,
14720,
519,
6419,
8346,
14720,
6419,
8346,
6419,
1483,
1474,
8347,
14721,
1474,
14721,
6406,
8347,
2075,
8346,
8347,
8346,
14721,
14721,
8346,
1483,
14721,
1483,
6420,
6406,
14721,
6420,
6406,
6420,
518,
2086,
8378,
14722,
2086,
14722,
8379,
8378,
1494,
6442,
8378,
6442,
14722,
14722,
6442,
1475,
14722,
1475,
8345,
8379,
14722,
8345,
8379,
8345,
2075,
1494,
8377,
14723,
1494,
14723,
6442,
8377,
2085,
8376,
8377,
8376,
14723,
14723,
8376,
2076,
14723,
2076,
8350,
6442,
14723,
8350,
6442,
8350,
1475,
2076,
8348,
14724,
2076,
14724,
8349,
8348,
1476,
6408,
8348,
6408,
14724,
14724,
6408,
520,
14724,
520,
6421,
8349,
14724,
6421,
8349,
6421,
1484,
1475,
8350,
14725,
1475,
14725,
6407,
8350,
2076,
8349,
8350,
8349,
14725,
14725,
8349,
1484,
14725,
1484,
6422,
6407,
14725,
6422,
6407,
6422,
519,
2085,
8375,
14726,
2085,
14726,
8376,
8375,
1495,
6444,
8375,
6444,
14726,
14726,
6444,
1476,
14726,
1476,
8348,
8376,
14726,
8348,
8376,
8348,
2076,
1496,
8374,
14727,
1496,
14727,
6446,
8374,
2084,
8373,
8374,
8373,
14727,
14727,
8373,
2077,
14727,
2077,
8353,
6446,
14727,
8353,
6446,
8353,
1477,
2077,
8351,
14728,
2077,
14728,
8352,
8351,
1478,
6410,
8351,
6410,
14728,
14728,
6410,
522,
14728,
522,
6423,
8352,
14728,
6423,
8352,
6423,
1485,
1477,
8353,
14729,
1477,
14729,
6409,
8353,
2077,
8352,
8353,
8352,
14729,
14729,
8352,
1485,
14729,
1485,
6424,
6409,
14729,
6424,
6409,
6424,
521,
2084,
8372,
14730,
2084,
14730,
8373,
8372,
1497,
6448,
8372,
6448,
14730,
14730,
6448,
1478,
14730,
1478,
8351,
8373,
14730,
8351,
8373,
8351,
2077,
1449,
8371,
14731,
1449,
14731,
6434,
8371,
2083,
8370,
8371,
8370,
14731,
14731,
8370,
2078,
14731,
2078,
8356,
6434,
14731,
8356,
6434,
8356,
1490,
2078,
8354,
14732,
2078,
14732,
8355,
8354,
1489,
6431,
8354,
6431,
14732,
14732,
6431,
523,
14732,
523,
6425,
8355,
14732,
6425,
8355,
6425,
1486,
1490,
8356,
14733,
1490,
14733,
6433,
8356,
2078,
8355,
8356,
8355,
14733,
14733,
8355,
1486,
14733,
1486,
6426,
6433,
14733,
6426,
6433,
6426,
524,
2083,
8369,
14734,
2083,
14734,
8370,
8369,
1448,
6432,
8369,
6432,
14734,
14734,
6432,
1489,
14734,
1489,
8354,
8370,
14734,
8354,
8370,
8354,
2078,
1495,
8368,
14735,
1495,
14735,
6444,
8368,
2082,
8367,
8368,
8367,
14735,
14735,
8367,
2079,
14735,
2079,
8359,
6444,
14735,
8359,
6444,
8359,
1476,
2079,
8357,
14736,
2079,
14736,
8358,
8357,
1477,
6409,
8357,
6409,
14736,
14736,
6409,
521,
14736,
521,
6427,
8358,
14736,
6427,
8358,
6427,
1487,
1476,
8359,
14737,
1476,
14737,
6408,
8359,
2079,
8358,
8359,
8358,
14737,
14737,
8358,
1487,
14737,
1487,
6428,
6408,
14737,
6428,
6408,
6428,
520,
2082,
8366,
14738,
2082,
14738,
8367,
8366,
1496,
6446,
8366,
6446,
14738,
14738,
6446,
1477,
14738,
1477,
8357,
8367,
14738,
8357,
8367,
8357,
2079,
1497,
8365,
14739,
1497,
14739,
6448,
8365,
2081,
8364,
8365,
8364,
14739,
14739,
8364,
2080,
14739,
2080,
8362,
6448,
14739,
8362,
6448,
8362,
1478,
2080,
8360,
14740,
2080,
14740,
8361,
8360,
1490,
6433,
8360,
6433,
14740,
14740,
6433,
524,
14740,
524,
6429,
8361,
14740,
6429,
8361,
6429,
1488,
1478,
8362,
14741,
1478,
14741,
6410,
8362,
2080,
8361,
8362,
8361,
14741,
14741,
8361,
1488,
14741,
1488,
6430,
6410,
14741,
6430,
6410,
6430,
522,
2118,
8482,
14742,
2118,
14742,
8483,
8482,
1525,
6474,
8482,
6474,
14742,
14742,
6474,
1170,
14742,
1170,
7642,
8483,
14742,
7642,
8483,
7642,
1901,
1532,
8480,
14743,
1532,
14743,
6488,
8480,
2117,
8479,
8480,
8479,
14743,
14743,
8479,
2089,
14743,
2089,
8390,
6488,
14743,
8390,
6488,
8390,
1501,
371,
5719,
14744,
371,
14744,
5766,
5719,
1145,
8391,
5719,
8391,
14744,
14744,
8391,
2090,
14744,
2090,
8393,
5766,
14744,
8393,
5766,
8393,
1169,
1145,
5718,
14745,
1145,
14745,
8391,
5718,
386,
6450,
5718,
6450,
14745,
14745,
6450,
1499,
14745,
1499,
8392,
8391,
14745,
8392,
8391,
8392,
2090,
2090,
8481,
14746,
2090,
14746,
8393,
8481,
2118,
8484,
8481,
8484,
14746,
14746,
8484,
1498,
14746,
1498,
6449,
8393,
14746,
6449,
8393,
6449,
1169,
2091,
8394,
14747,
2091,
14747,
8395,
8394,
1529,
6481,
8394,
6481,
14747,
14747,
6481,
1506,
14747,
1506,
7639,
8395,
14747,
7639,
8395,
7639,
1900,
2117,
8478,
14748,
2117,
14748,
8479,
8478,
1170,
6474,
8478,
6474,
14748,
14748,
6474,
1525,
14748,
1525,
8388,
8479,
14748,
8388,
8479,
8388,
2089,
1533,
8476,
14749,
1533,
14749,
6490,
8476,
2116,
8475,
8476,
8475,
14749,
14749,
8475,
2091,
14749,
2091,
8396,
6490,
14749,
8396,
6490,
8396,
1504,
2116,
8474,
14750,
2116,
14750,
8475,
8474,
1185,
6482,
8474,
6482,
14750,
14750,
6482,
1529,
14750,
1529,
8394,
8475,
14750,
8394,
8475,
8394,
2091,
1185,
8472,
14751,
1185,
14751,
6482,
8472,
2115,
8471,
8472,
8471,
14751,
14751,
8471,
2092,
14751,
2092,
8399,
6482,
14751,
8399,
6482,
8399,
1529,
2115,
8470,
14752,
2115,
14752,
8471,
8470,
1176,
6477,
8470,
6477,
14752,
14752,
6477,
1526,
14752,
1526,
8397,
8471,
14752,
8397,
8471,
8397,
2092,
1531,
8468,
14753,
1531,
14753,
6486,
8468,
2114,
8467,
8468,
8467,
14753,
14753,
8467,
2093,
14753,
2093,
8402,
6486,
14753,
8402,
6486,
8402,
1500,
2114,
8466,
14754,
2114,
14754,
8467,
8466,
1182,
6480,
8466,
6480,
14754,
14754,
6480,
1528,
14754,
1528,
8400,
8467,
14754,
8400,
8467,
8400,
2093,
1530,
8464,
14755,
1530,
14755,
6484,
8464,
2113,
8463,
8464,
8463,
14755,
14755,
8463,
2094,
14755,
2094,
8405,
6484,
14755,
8405,
6484,
8405,
1498,
373,
5737,
14756,
373,
14756,
5775,
5737,
1154,
8406,
5737,
8406,
14756,
14756,
8406,
2095,
14756,
2095,
8408,
5775,
14756,
8408,
5775,
8408,
1175,
1154,
5736,
14757,
1154,
14757,
8406,
5736,
382,
6454,
5736,
6454,
14757,
14757,
6454,
1503,
14757,
1503,
8407,
8406,
14757,
8407,
8406,
8407,
2095,
2095,
8485,
14758,
2095,
14758,
8408,
8485,
2119,
8488,
8485,
8488,
14758,
14758,
8488,
1501,
14758,
1501,
6452,
8408,
14758,
6452,
8408,
6452,
1175,
1505,
6479,
14759,
1505,
14759,
8410,
6479,
1528,
8490,
6479,
8490,
14759,
14759,
8490,
2120,
14759,
2120,
8489,
8410,
14759,
8489,
8410,
8489,
2096,
387,
5731,
14760,
387,
14760,
5784,
5731,
1151,
8409,
5731,
8409,
14760,
14760,
8409,
2096,
14760,
2096,
8411,
5784,
14760,
8411,
5784,
8411,
1181,
1151,
5730,
14761,
1151,
14761,
8409,
5730,
376,
6456,
5730,
6456,
14761,
14761,
6456,
1505,
14761,
1505,
8410,
8409,
14761,
8410,
8409,
8410,
2096,
2096,
8489,
14762,
2096,
14762,
8411,
8489,
2120,
8492,
8489,
8492,
14762,
14762,
8492,
1504,
14762,
1504,
6455,
8411,
14762,
6455,
8411,
6455,
1181,
2105,
8434,
14763,
2105,
14763,
8435,
8434,
1521,
6468,
8434,
6468,
14763,
14763,
6468,
1507,
14763,
1507,
8431,
8435,
14763,
8431,
8435,
8431,
2104,
2113,
8462,
14764,
2113,
14764,
8463,
8462,
1531,
6486,
8462,
6486,
14764,
14764,
6486,
1500,
14764,
1500,
8403,
8463,
14764,
8403,
8463,
8403,
2094,
1523,
8460,
14765,
1523,
14765,
6471,
8460,
2112,
8459,
8460,
8459,
14765,
14765,
8459,
2097,
14765,
2097,
8413,
6471,
14765,
8413,
6471,
8413,
1509,
2097,
8735,
14766,
2097,
14766,
8413,
8735,
2181,
8738,
8735,
8738,
14766,
14766,
8738,
1690,
14766,
1690,
6841,
8413,
14766,
6841,
8413,
6841,
1509,
2098,
8414,
14767,
2098,
14767,
8415,
8414,
1519,
6464,
8414,
6464,
14767,
14767,
6464,
1514,
14767,
1514,
7264,
8415,
14767,
7264,
8415,
7264,
1800,
2112,
8458,
14768,
2112,
14768,
8459,
8458,
1011,
6467,
8458,
6467,
14768,
14768,
6467,
1520,
14768,
1520,
8412,
8459,
14768,
8412,
8459,
8412,
2097,
1524,
8456,
14769,
1524,
14769,
6472,
8456,
2111,
8455,
8456,
8455,
14769,
14769,
8455,
2098,
14769,
2098,
8416,
6472,
14769,
8416,
6472,
8416,
1510,
2111,
8454,
14770,
2111,
14770,
8455,
8454,
1010,
6465,
8454,
6465,
14770,
14770,
6465,
1519,
14770,
1519,
8414,
8455,
14770,
8414,
8455,
8414,
2098,
1011,
8453,
14771,
1011,
14771,
6467,
8453,
2110,
8452,
8453,
8452,
14771,
14771,
8452,
2099,
14771,
2099,
8419,
6467,
14771,
8419,
6467,
8419,
1520,
2110,
8451,
14772,
2110,
14772,
8452,
8451,
1524,
6472,
8451,
6472,
14772,
14772,
6472,
1510,
14772,
1510,
8417,
8452,
14772,
8417,
8452,
8417,
2099,
1522,
8450,
14773,
1522,
14773,
6470,
8450,
2109,
8449,
8450,
8449,
14773,
14773,
8449,
2100,
14773,
2100,
8422,
6470,
14773,
8422,
6470,
8422,
1508,
2109,
8448,
14774,
2109,
14774,
8449,
8448,
1523,
6471,
8448,
6471,
14774,
14774,
6471,
1509,
14774,
1509,
8420,
8449,
14774,
8420,
8449,
8420,
2100,
1010,
8447,
14775,
1010,
14775,
6465,
8447,
2108,
8446,
8447,
8446,
14775,
14775,
8446,
2101,
14775,
2101,
8424,
6465,
14775,
8424,
6465,
8424,
1519,
2137,
8557,
14776,
2137,
14776,
8558,
8557,
1514,
6464,
8557,
6464,
14776,
14776,
6464,
1519,
14776,
1519,
8424,
8558,
14776,
8424,
8558,
8424,
2101,
2102,
8425,
14777,
2102,
14777,
8426,
8425,
1518,
6461,
8425,
6461,
14777,
14777,
6461,
1513,
14777,
1513,
7274,
8426,
14777,
7274,
8426,
7274,
1804,
2108,
8445,
14778,
2108,
14778,
8446,
8445,
1007,
6459,
8445,
6459,
14778,
14778,
6459,
1516,
14778,
1516,
8423,
8446,
14778,
8423,
8446,
8423,
2101,
1521,
8443,
14779,
1521,
14779,
6468,
8443,
2107,
8442,
8443,
8442,
14779,
14779,
8442,
2102,
14779,
2102,
8427,
6468,
14779,
8427,
6468,
8427,
1507,
2107,
8441,
14780,
2107,
14780,
8442,
8441,
1009,
6463,
8441,
6463,
14780,
14780,
6463,
1518,
14780,
1518,
8425,
8442,
14780,
8425,
8442,
8425,
2102,
1008,
8439,
14781,
1008,
14781,
6462,
8439,
2106,
8438,
8439,
8438,
14781,
14781,
8438,
2103,
14781,
2103,
8430,
6462,
14781,
8430,
6462,
8430,
1517,
2106,
8437,
14782,
2106,
14782,
8438,
8437,
1522,
6470,
8437,
6470,
14782,
14782,
6470,
1508,
14782,
1508,
8428,
8438,
14782,
8428,
8438,
8428,
2103,
1007,
8436,
14783,
1007,
14783,
6459,
8436,
2105,
8435,
8436,
8435,
14783,
14783,
8435,
2104,
14783,
2104,
8433,
6459,
14783,
8433,
6459,
8433,
1516,
2089,
8388,
14784,
2089,
14784,
8389,
8388,
1525,
6473,
8388,
6473,
14784,
14784,
6473,
1499,
14784,
1499,
8112,
8389,
14784,
8112,
8389,
8112,
2025,
1007,
5767,
14785,
1007,
14785,
8436,
5767,
1170,
8478,
5767,
8478,
14785,
14785,
8478,
2117,
14785,
2117,
8477,
8436,
14785,
8477,
8436,
8477,
2105,
2105,
8477,
14786,
2105,
14786,
8434,
8477,
2117,
8480,
8477,
8480,
14786,
14786,
8480,
1532,
14786,
1532,
6487,
8434,
14786,
6487,
8434,
6487,
1521,
1008,
5776,
14787,
1008,
14787,
8439,
5776,
1176,
8470,
5776,
8470,
14787,
14787,
8470,
2115,
14787,
2115,
8469,
8439,
14787,
8469,
8439,
8469,
2106,
1007,
8445,
14788,
1007,
14788,
5767,
8445,
2108,
8444,
8445,
8444,
14788,
14788,
8444,
1901,
14788,
1901,
7642,
5767,
14788,
7642,
5767,
7642,
1170,
1185,
8474,
14789,
1185,
14789,
6469,
8474,
2116,
8473,
8474,
8473,
14789,
14789,
8473,
2109,
14789,
2109,
8450,
6469,
14789,
8450,
6469,
8450,
1522,
2109,
8473,
14790,
2109,
14790,
8448,
8473,
2116,
8476,
8473,
8476,
14790,
14790,
8476,
1533,
14790,
1533,
6489,
8448,
14790,
6489,
8448,
6489,
1523,
1011,
5785,
14791,
1011,
14791,
8453,
5785,
1182,
8466,
5785,
8466,
14791,
14791,
8466,
2114,
14791,
2114,
8465,
8453,
14791,
8465,
8453,
8465,
2110,
2110,
8465,
14792,
2110,
14792,
8451,
8465,
2114,
8468,
8465,
8468,
14792,
14792,
8468,
1531,
14792,
1531,
6485,
8451,
14792,
6485,
8451,
6485,
1524,
1524,
6485,
14793,
1524,
14793,
8456,
6485,
1531,
8462,
6485,
8462,
14793,
14793,
8462,
2113,
14793,
2113,
8461,
8456,
14793,
8461,
8456,
8461,
2111,
202,
5220,
14794,
202,
14794,
6505,
5220,
893,
8493,
5220,
8493,
14794,
14794,
8493,
2121,
14794,
2121,
8496,
6505,
14794,
8496,
6505,
8496,
1539,
893,
5221,
14795,
893,
14795,
8493,
5221,
194,
5215,
5221,
5215,
14795,
14795,
5215,
890,
14795,
890,
8494,
8493,
14795,
8494,
8493,
8494,
2121,
2121,
8494,
14796,
2121,
14796,
8495,
8494,
890,
5214,
8494,
5214,
14796,
14796,
5214,
526,
14796,
526,
6509,
8495,
14796,
6509,
8495,
6509,
1541,
1539,
8496,
14797,
1539,
14797,
6506,
8496,
2121,
8495,
8496,
8495,
14797,
14797,
8495,
1541,
14797,
1541,
6510,
6506,
14797,
6510,
6506,
6510,
530,
201,
5218,
14798,
201,
14798,
6507,
5218,
892,
8497,
5218,
8497,
14798,
14798,
8497,
2122,
14798,
2122,
8500,
6507,
14798,
8500,
6507,
8500,
1540,
892,
5219,
14799,
892,
14799,
8497,
5219,
196,
6051,
5219,
6051,
14799,
14799,
6051,
1311,
14799,
1311,
8498,
8497,
14799,
8498,
8497,
8498,
2122,
2122,
8498,
14800,
2122,
14800,
8499,
8498,
1311,
6050,
8498,
6050,
14800,
14800,
6050,
529,
14800,
529,
6511,
8499,
14800,
6511,
8499,
6511,
1542,
1540,
8500,
14801,
1540,
14801,
6508,
8500,
2122,
8499,
8500,
8499,
14801,
14801,
8499,
1542,
14801,
1542,
6512,
6508,
14801,
6512,
6508,
6512,
531,
194,
5216,
14802,
194,
14802,
5215,
5216,
891,
8501,
5216,
8501,
14802,
14802,
8501,
2123,
14802,
2123,
8504,
5215,
14802,
8504,
5215,
8504,
890,
891,
5217,
14803,
891,
14803,
8501,
5217,
200,
6039,
5217,
6039,
14803,
14803,
6039,
1305,
14803,
1305,
8502,
8501,
14803,
8502,
8501,
8502,
2123,
2123,
8502,
14804,
2123,
14804,
8503,
8502,
1305,
6038,
8502,
6038,
14804,
14804,
6038,
527,
14804,
527,
6513,
8503,
14804,
6513,
8503,
6513,
1543,
890,
8504,
14805,
890,
14805,
5214,
8504,
2123,
8503,
8504,
8503,
14805,
14805,
8503,
1543,
14805,
1543,
6514,
5214,
14805,
6514,
5214,
6514,
526,
195,
5212,
14806,
195,
14806,
6501,
5212,
889,
8505,
5212,
8505,
14806,
14806,
8505,
2124,
14806,
2124,
8508,
6501,
14806,
8508,
6501,
8508,
1537,
889,
5213,
14807,
889,
14807,
8505,
5213,
201,
6507,
5213,
6507,
14807,
14807,
6507,
1540,
14807,
1540,
8506,
8505,
14807,
8506,
8505,
8506,
2124,
2124,
8506,
14808,
2124,
14808,
8507,
8506,
1540,
6508,
8506,
6508,
14808,
14808,
6508,
531,
14808,
531,
6515,
8507,
14808,
6515,
8507,
6515,
1544,
1537,
8508,
14809,
1537,
14809,
6502,
8508,
2124,
8507,
8508,
8507,
14809,
14809,
8507,
1544,
14809,
1544,
6516,
6502,
14809,
6516,
6502,
6516,
528,
2863,
5206,
14810,
2863,
14810,
5205,
5206,
886,
8509,
5206,
8509,
14810,
14810,
8509,
2125,
14810,
2125,
8512,
5205,
14810,
8512,
5205,
8512,
3203,
886,
5207,
14811,
886,
14811,
8509,
5207,
199,
5199,
5207,
5199,
14811,
14811,
5199,
883,
14811,
883,
8510,
8509,
14811,
8510,
8509,
8510,
2125,
2125,
8510,
14812,
2125,
14812,
8511,
8510,
883,
5198,
8510,
5198,
14812,
14812,
5198,
525,
14812,
525,
6517,
8511,
14812,
6517,
8511,
6517,
1545,
3203,
8512,
14813,
3203,
14813,
5204,
8512,
2125,
8511,
8512,
8511,
14813,
14813,
8511,
1545,
14813,
1545,
6518,
5204,
14813,
6518,
5204,
6518,
2883,
196,
5202,
14814,
196,
14814,
6051,
5202,
885,
8513,
5202,
8513,
14814,
14814,
8513,
2126,
14814,
2126,
8516,
6051,
14814,
8516,
6051,
8516,
1311,
885,
5203,
14815,
885,
14815,
8513,
5203,
202,
6505,
5203,
6505,
14815,
14815,
6505,
1539,
14815,
1539,
8514,
8513,
14815,
8514,
8513,
8514,
2126,
2126,
8514,
14816,
2126,
14816,
8515,
8514,
1539,
6506,
8514,
6506,
14816,
14816,
6506,
530,
14816,
530,
6519,
8515,
14816,
6519,
8515,
6519,
1546,
1311,
8516,
14817,
1311,
14817,
6050,
8516,
2126,
8515,
8516,
8515,
14817,
14817,
8515,
1546,
14817,
1546,
6520,
6050,
14817,
6520,
6050,
6520,
529,
199,
5200,
14818,
199,
14818,
5199,
5200,
884,
8517,
5200,
8517,
14818,
14818,
8517,
2127,
14818,
2127,
8520,
5199,
14818,
8520,
5199,
8520,
883,
884,
5201,
14819,
884,
14819,
8517,
5201,
195,
6501,
5201,
6501,
14819,
14819,
6501,
1537,
14819,
1537,
8518,
8517,
14819,
8518,
8517,
8518,
2127,
2127,
8518,
14820,
2127,
14820,
8519,
8518,
1537,
6502,
8518,
6502,
14820,
14820,
6502,
528,
14820,
528,
6521,
8519,
14820,
6521,
8519,
6521,
1547,
883,
8520,
14821,
883,
14821,
5198,
8520,
2127,
8519,
8520,
8519,
14821,
14821,
8519,
1547,
14821,
1547,
6522,
5198,
14821,
6522,
5198,
6522,
525,
200,
5194,
14822,
200,
14822,
6039,
5194,
882,
8521,
5194,
8521,
14822,
14822,
8521,
2128,
14822,
2128,
8524,
6039,
14822,
8524,
6039,
8524,
1305,
882,
5195,
14823,
882,
14823,
8521,
5195,
2868,
6491,
5195,
6491,
14823,
14823,
6491,
3864,
14823,
3864,
8522,
8521,
14823,
8522,
8521,
8522,
2128,
2128,
8522,
14824,
2128,
14824,
8523,
8522,
3864,
6492,
8522,
6492,
14824,
14824,
6492,
2882,
14824,
2882,
6523,
8523,
14824,
6523,
8523,
6523,
1548,
1305,
8524,
14825,
1305,
14825,
6038,
8524,
2128,
8523,
8524,
8523,
14825,
14825,
8523,
1548,
14825,
1548,
6524,
6038,
14825,
6524,
6038,
6524,
527,
530,
6510,
14826,
530,
14826,
6529,
6510,
1541,
8525,
6510,
8525,
14826,
14826,
8525,
2129,
14826,
2129,
8528,
6529,
14826,
8528,
6529,
8528,
1550,
1541,
6509,
14827,
1541,
14827,
8525,
6509,
526,
6498,
6509,
6498,
14827,
14827,
6498,
1535,
14827,
1535,
8526,
8525,
14827,
8526,
8525,
8526,
2129,
2129,
8526,
14828,
2129,
14828,
8527,
8526,
1535,
6497,
8526,
6497,
14828,
14828,
6497,
536,
14828,
536,
6543,
8527,
14828,
6543,
8527,
6543,
1556,
1550,
8528,
14829,
1550,
14829,
6530,
8528,
2129,
8527,
8528,
8527,
14829,
14829,
8527,
1556,
14829,
1556,
6544,
6530,
14829,
6544,
6530,
6544,
533,
531,
6512,
14830,
531,
14830,
6531,
6512,
1542,
8529,
6512,
8529,
14830,
14830,
8529,
2130,
14830,
2130,
8532,
6531,
14830,
8532,
6531,
8532,
1551,
1542,
6511,
14831,
1542,
14831,
8529,
6511,
529,
6504,
6511,
6504,
14831,
14831,
6504,
1538,
14831,
1538,
8530,
8529,
14831,
8530,
8529,
8530,
2130,
2130,
8530,
14832,
2130,
14832,
8531,
8530,
1538,
6503,
8530,
6503,
14832,
14832,
6503,
538,
14832,
538,
6545,
8531,
14832,
6545,
8531,
6545,
1557,
1551,
8532,
14833,
1551,
14833,
6532,
8532,
2130,
8531,
8532,
8531,
14833,
14833,
8531,
1557,
14833,
1557,
6546,
6532,
14833,
6546,
6532,
6546,
534,
526,
6514,
14834,
526,
14834,
6498,
6514,
1543,
8533,
6514,
8533,
14834,
14834,
8533,
2131,
14834,
2131,
8536,
6498,
14834,
8536,
6498,
8536,
1535,
1543,
6513,
14835,
1543,
14835,
8533,
6513,
527,
6500,
6513,
6500,
14835,
14835,
6500,
1536,
14835,
1536,
8534,
8533,
14835,
8534,
8533,
8534,
2131,
2131,
8534,
14836,
2131,
14836,
8535,
8534,
1536,
6499,
8534,
6499,
14836,
14836,
6499,
537,
14836,
537,
6547,
8535,
14836,
6547,
8535,
6547,
1558,
1535,
8536,
14837,
1535,
14837,
6497,
8536,
2131,
8535,
8536,
8535,
14837,
14837,
8535,
1558,
14837,
1558,
6548,
6497,
14837,
6548,
6497,
6548,
536,
528,
6516,
14838,
528,
14838,
6527,
6516,
1544,
8537,
6516,
8537,
14838,
14838,
8537,
2132,
14838,
2132,
8540,
6527,
14838,
8540,
6527,
8540,
1549,
1544,
6515,
14839,
1544,
14839,
8537,
6515,
531,
6531,
6515,
6531,
14839,
14839,
6531,
1551,
14839,
1551,
8538,
8537,
14839,
8538,
8537,
8538,
2132,
2132,
8538,
14840,
2132,
14840,
8539,
8538,
1551,
6532,
8538,
6532,
14840,
14840,
6532,
534,
14840,
534,
6549,
8539,
14840,
6549,
8539,
6549,
1559,
1549,
8540,
14841,
1549,
14841,
6528,
8540,
2132,
8539,
8540,
8539,
14841,
14841,
8539,
1559,
14841,
1559,
6550,
6528,
14841,
6550,
6528,
6550,
532,
2883,
6518,
14842,
2883,
14842,
6496,
6518,
1545,
8541,
6518,
8541,
14842,
14842,
8541,
2133,
14842,
2133,
8544,
6496,
14842,
8544,
6496,
8544,
3866,
1545,
6517,
14843,
1545,
14843,
8541,
6517,
525,
6494,
6517,
6494,
14843,
14843,
6494,
1534,
14843,
1534,
8542,
8541,
14843,
8542,
8541,
8542,
2133,
2133,
8542,
14844,
2133,
14844,
8543,
8542,
1534,
6493,
8542,
6493,
14844,
14844,
6493,
535,
14844,
535,
6551,
8543,
14844,
6551,
8543,
6551,
1560,
3866,
8544,
14845,
3866,
14845,
6495,
8544,
2133,
8543,
8544,
8543,
14845,
14845,
8543,
1560,
14845,
1560,
6552,
6495,
14845,
6552,
6495,
6552,
2885,
529,
6520,
14846,
529,
14846,
6504,
6520,
1546,
8545,
6520,
8545,
14846,
14846,
8545,
2134,
14846,
2134,
8548,
6504,
14846,
8548,
6504,
8548,
1538,
1546,
6519,
14847,
1546,
14847,
8545,
6519,
530,
6529,
6519,
6529,
14847,
14847,
6529,
1550,
14847,
1550,
8546,
8545,
14847,
8546,
8545,
8546,
2134,
2134,
8546,
14848,
2134,
14848,
8547,
8546,
1550,
6530,
8546,
6530,
14848,
14848,
6530,
533,
14848,
533,
6553,
8547,
14848,
6553,
8547,
6553,
1561,
1538,
8548,
14849,
1538,
14849,
6503,
8548,
2134,
8547,
8548,
8547,
14849,
14849,
8547,
1561,
14849,
1561,
6554,
6503,
14849,
6554,
6503,
6554,
538,
525,
6522,
14850,
525,
14850,
6494,
6522,
1547,
8549,
6522,
8549,
14850,
14850,
8549,
2135,
14850,
2135,
8552,
6494,
14850,
8552,
6494,
8552,
1534,
1547,
6521,
14851,
1547,
14851,
8549,
6521,
528,
6527,
6521,
6527,
14851,
14851,
6527,
1549,
14851,
1549,
8550,
8549,
14851,
8550,
8549,
8550,
2135,
2135,
8550,
14852,
2135,
14852,
8551,
8550,
1549,
6528,
8550,
6528,
14852,
14852,
6528,
532,
14852,
532,
6555,
8551,
14852,
6555,
8551,
6555,
1562,
1534,
8552,
14853,
1534,
14853,
6493,
8552,
2135,
8551,
8552,
8551,
14853,
14853,
8551,
1562,
14853,
1562,
6556,
6493,
14853,
6556,
6493,
6556,
535,
527,
6524,
14854,
527,
14854,
6500,
6524,
1548,
8553,
6524,
8553,
14854,
14854,
8553,
2136,
14854,
2136,
8556,
6500,
14854,
8556,
6500,
8556,
1536,
1548,
6523,
14855,
1548,
14855,
8553,
6523,
2882,
6525,
6523,
6525,
14855,
14855,
6525,
3881,
14855,
3881,
8554,
8553,
14855,
8554,
8553,
8554,
2136,
2136,
8554,
14856,
2136,
14856,
8555,
8554,
3881,
6526,
8554,
6526,
14856,
14856,
6526,
2884,
14856,
2884,
6557,
8555,
14856,
6557,
8555,
6557,
1563,
1536,
8556,
14857,
1536,
14857,
6499,
8556,
2136,
8555,
8556,
8555,
14857,
14857,
8555,
1563,
14857,
1563,
6558,
6499,
14857,
6558,
6499,
6558,
537,
2183,
8744,
14858,
2183,
14858,
8745,
8744,
1666,
6838,
8744,
6838,
14858,
14858,
6838,
1688,
14858,
1688,
7273,
8745,
14858,
7273,
8745,
7273,
1804,
1683,
8742,
14859,
1683,
14859,
6828,
8742,
2182,
8741,
8742,
8741,
14859,
14859,
8741,
2137,
14859,
2137,
8559,
6828,
14859,
8559,
6828,
8559,
1511,
451,
6143,
14860,
451,
14860,
5402,
6143,
1358,
8560,
6143,
8560,
14860,
14860,
8560,
2138,
14860,
2138,
8563,
5402,
14860,
8563,
5402,
8563,
977,
1358,
6142,
14861,
1358,
14861,
8560,
6142,
245,
5413,
6142,
5413,
14861,
14861,
5413,
984,
14861,
984,
8561,
8560,
14861,
8561,
8560,
8561,
2138,
2138,
8561,
14862,
2138,
14862,
8562,
8561,
984,
5415,
8561,
5415,
14862,
14862,
5415,
253,
14862,
253,
5390,
8562,
14862,
5390,
8562,
5390,
971,
977,
8563,
14863,
977,
14863,
5403,
8563,
2138,
8562,
8563,
8562,
14863,
14863,
8562,
971,
14863,
971,
5391,
5403,
14863,
5391,
5403,
5391,
247,
139,
5185,
14864,
139,
14864,
5043,
5185,
878,
8564,
5185,
8564,
14864,
14864,
8564,
2139,
14864,
2139,
8566,
5043,
14864,
8566,
5043,
8566,
806,
187,
6560,
14865,
187,
14865,
5187,
6560,
1565,
8565,
6560,
8565,
14865,
14865,
8565,
2139,
14865,
2139,
8564,
5187,
14865,
8564,
5187,
8564,
878,
540,
5042,
14866,
540,
14866,
6562,
5042,
806,
8566,
5042,
8566,
14866,
14866,
8566,
2139,
14866,
2139,
8565,
6562,
14866,
8565,
6562,
8565,
1565,
541,
6566,
14867,
541,
14867,
6567,
6566,
1567,
8567,
6566,
8567,
14867,
14867,
8567,
2140,
14867,
2140,
8569,
6567,
14867,
8569,
6567,
8569,
1568,
247,
6563,
14868,
247,
14868,
6565,
6563,
1566,
8568,
6563,
8568,
14868,
14868,
8568,
2140,
14868,
2140,
8567,
6565,
14868,
8567,
6565,
8567,
1567,
540,
6569,
14869,
540,
14869,
6564,
6569,
1568,
8569,
6569,
8569,
14869,
14869,
8569,
2140,
14869,
2140,
8568,
6564,
14869,
8568,
6564,
8568,
1566,
142,
5407,
14870,
142,
14870,
5040,
5407,
980,
8570,
5407,
8570,
14870,
14870,
8570,
2141,
14870,
2141,
8573,
5040,
14870,
8573,
5040,
8573,
805,
980,
5408,
14871,
980,
14871,
8570,
5408,
246,
6571,
5408,
6571,
14871,
14871,
6571,
1570,
14871,
1570,
8571,
8570,
14871,
8571,
8570,
8571,
2141,
2141,
8571,
14872,
2141,
14872,
8572,
8571,
1570,
6572,
8571,
6572,
14872,
14872,
6572,
541,
14872,
541,
5405,
8572,
14872,
5405,
8572,
5405,
979,
805,
8573,
14873,
805,
14873,
5041,
8573,
2141,
8572,
8573,
8572,
14873,
14873,
8572,
979,
14873,
979,
5406,
5041,
14873,
5406,
5041,
5406,
141,
539,
6561,
14874,
539,
14874,
6570,
6561,
1564,
8574,
6561,
8574,
14874,
14874,
8574,
2142,
14874,
2142,
8576,
6570,
14874,
8576,
6570,
8576,
1569,
187,
6574,
14875,
187,
14875,
6559,
6574,
1572,
8575,
6574,
8575,
14875,
14875,
8575,
2142,
14875,
2142,
8574,
6559,
14875,
8574,
6559,
8574,
1564,
542,
6568,
14876,
542,
14876,
6576,
6568,
1569,
8576,
6568,
8576,
14876,
14876,
8576,
2142,
14876,
2142,
8575,
6576,
14876,
8575,
6576,
8575,
1572,
187,
5180,
14877,
187,
14877,
6573,
5180,
875,
8577,
5180,
8577,
14877,
14877,
8577,
2143,
14877,
2143,
8580,
6573,
14877,
8580,
6573,
8580,
1571,
875,
5181,
14878,
875,
14878,
8577,
5181,
188,
5182,
5181,
5182,
14878,
14878,
5182,
876,
14878,
876,
8578,
8577,
14878,
8578,
8577,
8578,
2143,
2143,
8578,
14879,
2143,
14879,
8579,
8578,
876,
5183,
8578,
5183,
14879,
14879,
5183,
141,
14879,
141,
5406,
8579,
14879,
5406,
8579,
5406,
979,
1571,
8580,
14880,
1571,
14880,
6575,
8580,
2143,
8579,
8580,
8579,
14880,
14880,
8579,
979,
14880,
979,
5405,
6575,
14880,
5405,
6575,
5405,
541,
123,
5017,
14881,
123,
14881,
5050,
5017,
793,
8581,
5017,
8581,
14881,
14881,
8581,
2144,
14881,
2144,
8583,
5050,
14881,
8583,
5050,
8583,
810,
137,
6577,
14882,
137,
14882,
5015,
6577,
1573,
8582,
6577,
8582,
14882,
14882,
8582,
2144,
14882,
2144,
8581,
5015,
14882,
8581,
5015,
8581,
793,
141,
5051,
14883,
141,
14883,
6578,
5051,
810,
8583,
5051,
8583,
14883,
14883,
8583,
2144,
14883,
2144,
8582,
6578,
14883,
8582,
6578,
8582,
1573,
141,
5183,
14884,
141,
14884,
6148,
5183,
876,
8584,
5183,
8584,
14884,
14884,
8584,
2145,
14884,
2145,
8586,
6148,
14884,
8586,
6148,
8586,
1361,
188,
6579,
14885,
188,
14885,
5182,
6579,
1574,
8585,
6579,
8585,
14885,
14885,
8585,
2145,
14885,
2145,
8584,
5182,
14885,
8584,
5182,
8584,
876,
455,
6149,
14886,
455,
14886,
6580,
6149,
1361,
8586,
6149,
8586,
14886,
14886,
8586,
2145,
14886,
2145,
8585,
6580,
14886,
8585,
6580,
8585,
1574,
188,
5174,
14887,
188,
14887,
6579,
5174,
872,
8587,
5174,
8587,
14887,
14887,
8587,
2146,
14887,
2146,
8589,
6579,
14887,
8589,
6579,
8589,
1574,
190,
6581,
14888,
190,
14888,
5175,
6581,
1575,
8588,
6581,
8588,
14888,
14888,
8588,
2146,
14888,
2146,
8587,
5175,
14888,
8587,
5175,
8587,
872,
455,
6580,
14889,
455,
14889,
6582,
6580,
1574,
8589,
6580,
8589,
14889,
14889,
8589,
2146,
14889,
2146,
8588,
6582,
14889,
8588,
6582,
8588,
1575,
165,
5099,
14890,
165,
14890,
5166,
5099,
834,
8590,
5099,
8590,
14890,
14890,
8590,
2147,
14890,
2147,
8592,
5166,
14890,
8592,
5166,
8592,
868,
164,
6583,
14891,
164,
14891,
5098,
6583,
1576,
8591,
6583,
8591,
14891,
14891,
8591,
2147,
14891,
2147,
8590,
5098,
14891,
8590,
5098,
8590,
834,
180,
5167,
14892,
180,
14892,
6584,
5167,
868,
8592,
5167,
8592,
14892,
14892,
8592,
2147,
14892,
2147,
8591,
6584,
14892,
8591,
6584,
8591,
1576,
178,
5168,
14893,
178,
14893,
5149,
5168,
869,
8593,
5168,
8593,
14893,
14893,
8593,
2148,
14893,
2148,
8595,
5149,
14893,
8595,
5149,
8595,
859,
163,
6585,
14894,
163,
14894,
5170,
6585,
1577,
8594,
6585,
8594,
14894,
14894,
8594,
2148,
14894,
2148,
8593,
5170,
14894,
8593,
5170,
8593,
869,
181,
5148,
14895,
181,
14895,
6586,
5148,
859,
8595,
5148,
8595,
14895,
14895,
8595,
2148,
14895,
2148,
8594,
6586,
14895,
8594,
6586,
8594,
1577,
174,
5139,
14896,
174,
14896,
5122,
5139,
854,
8596,
5139,
8596,
14896,
14896,
8596,
2149,
14896,
2149,
8598,
5122,
14896,
8598,
5122,
8598,
846,
167,
6587,
14897,
167,
14897,
5137,
6587,
1578,
8597,
6587,
8597,
14897,
14897,
8597,
2149,
14897,
2149,
8596,
5137,
14897,
8596,
5137,
8596,
854,
170,
5123,
14898,
170,
14898,
6588,
5123,
846,
8598,
5123,
8598,
14898,
14898,
8598,
2149,
14898,
2149,
8597,
6588,
14898,
8597,
6588,
8597,
1578,
162,
5104,
14899,
162,
14899,
5141,
5104,
837,
8599,
5104,
8599,
14899,
14899,
8599,
2150,
14899,
2150,
8601,
5141,
14899,
8601,
5141,
8601,
855,
166,
6589,
14900,
166,
14900,
5105,
6589,
1579,
8600,
6589,
8600,
14900,
14900,
8600,
2150,
14900,
2150,
8599,
5105,
14900,
8599,
5105,
8599,
837,
172,
5140,
14901,
172,
14901,
6590,
5140,
855,
8601,
5140,
8601,
14901,
14901,
8601,
2150,
14901,
2150,
8600,
6590,
14901,
8600,
6590,
8600,
1579,
168,
6145,
14902,
168,
14902,
5163,
6145,
1359,
8602,
6145,
8602,
14902,
14902,
8602,
2151,
14902,
2151,
8604,
5163,
14902,
8604,
5163,
8604,
866,
444,
6595,
14903,
444,
14903,
6144,
6595,
1582,
8603,
6595,
8603,
14903,
14903,
8603,
2151,
14903,
2151,
8602,
6144,
14903,
8602,
6144,
8602,
1359,
181,
5162,
14904,
181,
14904,
6596,
5162,
866,
8604,
5162,
8604,
14904,
14904,
8604,
2151,
14904,
2151,
8603,
6596,
14904,
8603,
6596,
8603,
1582,
137,
5037,
14905,
137,
14905,
5049,
5037,
803,
8605,
5037,
8605,
14905,
14905,
8605,
2152,
14905,
2152,
8607,
5049,
14905,
8607,
5049,
8607,
809,
124,
6128,
14906,
124,
14906,
5034,
6128,
1351,
8606,
6128,
8606,
14906,
14906,
8606,
2152,
14906,
2152,
8605,
5034,
14906,
8605,
5034,
8605,
803,
142,
5048,
14907,
142,
14907,
6129,
5048,
809,
8607,
5048,
8607,
14907,
14907,
8607,
2152,
14907,
2152,
8606,
6129,
14907,
8606,
6129,
8606,
1351,
190,
5175,
14908,
190,
14908,
6607,
5175,
872,
8608,
5175,
8608,
14908,
14908,
8608,
2153,
14908,
2153,
8611,
6607,
14908,
8611,
6607,
8611,
1588,
872,
5174,
14909,
872,
14909,
8608,
5174,
188,
5715,
5174,
5715,
14909,
14909,
5715,
1143,
14909,
1143,
8609,
8608,
14909,
8609,
8608,
8609,
2153,
2153,
8609,
14910,
2153,
14910,
8610,
8609,
1143,
5714,
8609,
5714,
14910,
14910,
5714,
547,
14910,
547,
6611,
8610,
14910,
6611,
8610,
6611,
1590,
1588,
8611,
14911,
1588,
14911,
6608,
8611,
2153,
8610,
8611,
8610,
14911,
14911,
8610,
1590,
14911,
1590,
6612,
6608,
14911,
6612,
6608,
6612,
546,
188,
5181,
14912,
188,
14912,
5715,
5181,
875,
8612,
5181,
8612,
14912,
14912,
8612,
2154,
14912,
2154,
8615,
5715,
14912,
8615,
5715,
8615,
1143,
875,
5180,
14913,
875,
14913,
8612,
5180,
187,
6602,
5180,
6602,
14913,
14913,
6602,
1586,
14913,
1586,
8613,
8612,
14913,
8613,
8612,
8613,
2154,
2154,
8613,
14914,
2154,
14914,
8614,
8613,
1586,
6604,
8613,
6604,
14914,
14914,
6604,
544,
14914,
544,
6613,
8614,
14914,
6613,
8614,
6613,
1591,
1143,
8615,
14915,
1143,
14915,
5714,
8615,
2154,
8614,
8615,
8614,
14915,
14915,
8614,
1591,
14915,
1591,
6614,
5714,
14915,
6614,
5714,
6614,
547,
189,
5177,
14916,
189,
14916,
6605,
5177,
873,
8616,
5177,
8616,
14916,
14916,
8616,
2155,
14916,
2155,
8619,
6605,
14916,
8619,
6605,
8619,
1587,
873,
5176,
14917,
873,
14917,
8616,
5176,
190,
6607,
5176,
6607,
14917,
14917,
6607,
1588,
14917,
1588,
8617,
8616,
14917,
8617,
8616,
8617,
2155,
2155,
8617,
14918,
2155,
14918,
8618,
8617,
1588,
6608,
8617,
6608,
14918,
14918,
6608,
546,
14918,
546,
6615,
8618,
14918,
6615,
8618,
6615,
1592,
1587,
8619,
14919,
1587,
14919,
6606,
8619,
2155,
8618,
8619,
8618,
14919,
14919,
8618,
1592,
14919,
1592,
6616,
6606,
14919,
6616,
6606,
6616,
545,
186,
5179,
14920,
186,
14920,
6601,
5179,
874,
8620,
5179,
8620,
14920,
14920,
8620,
2156,
14920,
2156,
8623,
6601,
14920,
8623,
6601,
8623,
1585,
874,
5178,
14921,
874,
14921,
8620,
5178,
189,
6605,
5178,
6605,
14921,
14921,
6605,
1587,
14921,
1587,
8621,
8620,
14921,
8621,
8620,
8621,
2156,
2156,
8621,
14922,
2156,
14922,
8622,
8621,
1587,
6606,
8621,
6606,
14922,
14922,
6606,
545,
14922,
545,
6617,
8622,
14922,
6617,
8622,
6617,
1593,
1585,
8623,
14923,
1585,
14923,
6603,
8623,
2156,
8622,
8623,
8622,
14923,
14923,
8622,
1593,
14923,
1593,
6618,
6603,
14923,
6618,
6603,
6618,
543,
2890,
6642,
14924,
2890,
14924,
6636,
6642,
1604,
8624,
6642,
8624,
14924,
14924,
8624,
2157,
14924,
2157,
8627,
6636,
14924,
8627,
6636,
8627,
3936,
1604,
6641,
14925,
1604,
14925,
8624,
6641,
559,
6629,
6641,
6629,
14925,
14925,
6629,
1599,
14925,
1599,
8625,
8624,
14925,
8625,
8624,
8625,
2157,
2157,
8625,
14926,
2157,
14926,
8626,
8625,
1599,
6630,
8625,
6630,
14926,
14926,
6630,
557,
14926,
557,
6634,
8626,
14926,
6634,
8626,
6634,
1601,
3936,
8627,
14927,
3936,
14927,
6635,
8627,
2157,
8626,
8627,
8626,
14927,
14927,
8626,
1601,
14927,
1601,
6633,
6635,
14927,
6633,
6635,
6633,
2889,
559,
6640,
14928,
559,
14928,
6629,
6640,
1603,
8628,
6640,
8628,
14928,
14928,
8628,
2158,
14928,
2158,
8631,
6629,
14928,
8631,
6629,
8631,
1599,
1603,
6639,
14929,
1603,
14929,
8628,
6639,
560,
6638,
6639,
6638,
14929,
14929,
6638,
1602,
14929,
1602,
8629,
8628,
14929,
8629,
8628,
8629,
2158,
2158,
8629,
14930,
2158,
14930,
8630,
8629,
1602,
6637,
8629,
6637,
14930,
14930,
6637,
558,
14930,
558,
6632,
8630,
14930,
6632,
8630,
6632,
1600,
1599,
8631,
14931,
1599,
14931,
6630,
8631,
2158,
8630,
8631,
8630,
14931,
14931,
8630,
1600,
14931,
1600,
6631,
6630,
14931,
6631,
6630,
6631,
557,
549,
6627,
14932,
549,
14932,
6619,
6627,
1597,
8632,
6627,
8632,
14932,
14932,
8632,
2159,
14932,
2159,
8635,
6619,
14932,
8635,
6619,
8635,
1594,
1597,
6624,
14933,
1597,
14933,
8632,
6624,
554,
6622,
6624,
6622,
14933,
14933,
6622,
1595,
14933,
1595,
8633,
8632,
14933,
8633,
8632,
8633,
2159,
2159,
8633,
14934,
2159,
14934,
8634,
8633,
1595,
6621,
8633,
6621,
14934,
14934,
6621,
560,
14934,
560,
6639,
8634,
14934,
6639,
8634,
6639,
1603,
1594,
8635,
14935,
1594,
14935,
6620,
8635,
2159,
8634,
8635,
8634,
14935,
14935,
8634,
1603,
14935,
1603,
6640,
6620,
14935,
6640,
6620,
6640,
559,
2873,
6678,
14936,
2873,
14936,
6710,
6678,
1620,
8636,
6678,
8636,
14936,
14936,
8636,
2160,
14936,
2160,
8639,
6710,
14936,
8639,
6710,
8639,
3973,
1620,
6676,
14937,
1620,
14937,
8636,
6676,
549,
6619,
6676,
6619,
14937,
14937,
6619,
1594,
14937,
1594,
8637,
8636,
14937,
8637,
8636,
8637,
2160,
2160,
8637,
14938,
2160,
14938,
8638,
8637,
1594,
6620,
8637,
6620,
14938,
14938,
6620,
559,
14938,
559,
6641,
8638,
14938,
6641,
8638,
6641,
1604,
3973,
8639,
14939,
3973,
14939,
6709,
8639,
2160,
8638,
8639,
8638,
14939,
14939,
8638,
1604,
14939,
1604,
6642,
6709,
14939,
6642,
6709,
6642,
2890,
564,
6658,
14940,
564,
14940,
6654,
6658,
1610,
8640,
6658,
8640,
14940,
14940,
8640,
2161,
14940,
2161,
8643,
6654,
14940,
8643,
6654,
8643,
1608,
1610,
6657,
14941,
1610,
14941,
8640,
6657,
2892,
6649,
6657,
6649,
14941,
14941,
6649,
3943,
14941,
3943,
8641,
8640,
14941,
8641,
8640,
8641,
2161,
2161,
8641,
14942,
2161,
14942,
8642,
8641,
3943,
6650,
8641,
6650,
14942,
14942,
6650,
2891,
14942,
2891,
6646,
8642,
14942,
6646,
8642,
6646,
1606,
1608,
8643,
14943,
1608,
14943,
6653,
8643,
2161,
8642,
8643,
8642,
14943,
14943,
8642,
1606,
14943,
1606,
6645,
6653,
14943,
6645,
6653,
6645,
562,
563,
6656,
14944,
563,
14944,
6647,
6656,
1609,
8644,
6656,
8644,
14944,
14944,
8644,
2162,
14944,
2162,
8647,
6647,
14944,
8647,
6647,
8647,
1607,
1609,
6655,
14945,
1609,
14945,
8644,
6655,
564,
6654,
6655,
6654,
14945,
14945,
6654,
1608,
14945,
1608,
8645,
8644,
14945,
8645,
8644,
8645,
2162,
2162,
8645,
14946,
2162,
14946,
8646,
8645,
1608,
6653,
8645,
6653,
14946,
14946,
6653,
562,
14946,
562,
6644,
8646,
14946,
6644,
8646,
6644,
1605,
1607,
8647,
14947,
1607,
14947,
6648,
8647,
2162,
8646,
8647,
8646,
14947,
14947,
8646,
1605,
14947,
1605,
6643,
6648,
14947,
6643,
6648,
6643,
561,
552,
6700,
14948,
552,
14948,
6659,
6700,
1630,
8648,
6700,
8648,
14948,
14948,
8648,
2163,
14948,
2163,
8651,
6659,
14948,
8651,
6659,
8651,
1611,
1630,
6703,
14949,
1630,
14949,
8648,
6703,
436,
6712,
6703,
6712,
14949,
14949,
6712,
1634,
14949,
1634,
8649,
8648,
14949,
8649,
8648,
8649,
2163,
2163,
8649,
14950,
2163,
14950,
8650,
8649,
1634,
6711,
8649,
6711,
14950,
14950,
6711,
564,
14950,
564,
6655,
8650,
14950,
6655,
8650,
6655,
1609,
1611,
8651,
14951,
1611,
14951,
6660,
8651,
2163,
8650,
8651,
8650,
14951,
14951,
8650,
1609,
14951,
1609,
6656,
6660,
14951,
6656,
6660,
6656,
563,
436,
6688,
14952,
436,
14952,
6712,
6688,
1625,
8652,
6688,
8652,
14952,
14952,
8652,
2164,
14952,
2164,
8655,
6712,
14952,
8655,
6712,
8655,
1634,
1625,
6691,
14953,
1625,
14953,
8652,
6691,
2886,
6651,
6691,
6651,
14953,
14953,
6651,
3944,
14953,
3944,
8653,
8652,
14953,
8653,
8652,
8653,
2164,
2164,
8653,
14954,
2164,
14954,
8654,
8653,
3944,
6652,
8653,
6652,
14954,
14954,
6652,
2892,
14954,
2892,
6657,
8654,
14954,
6657,
8654,
6657,
1610,
1634,
8655,
14955,
1634,
14955,
6711,
8655,
2164,
8654,
8655,
8654,
14955,
14955,
8654,
1610,
14955,
1610,
6658,
6711,
14955,
6658,
6711,
6658,
564,
576,
6718,
14956,
576,
14956,
6760,
6718,
569,
6724,
6718,
6724,
14956,
14956,
6724,
1636,
14956,
1636,
8657,
6760,
14956,
8657,
6760,
8657,
1651,
1652,
8656,
14957,
1652,
14957,
6763,
8656,
1635,
6723,
8656,
6723,
14957,
14957,
6723,
570,
14957,
570,
6720,
6763,
14957,
6720,
6763,
6720,
577,
2896,
6719,
14958,
2896,
14958,
6758,
6719,
2894,
6726,
6719,
6726,
14958,
14958,
6726,
1637,
14958,
1637,
8658,
6758,
14958,
8658,
6758,
8658,
1650,
1651,
8657,
14959,
1651,
14959,
6761,
8657,
1636,
6725,
8657,
6725,
14959,
14959,
6725,
571,
14959,
571,
6721,
6761,
14959,
6721,
6761,
6721,
578,
567,
6728,
14960,
567,
14960,
6741,
6728,
1638,
8659,
6728,
8659,
14960,
14960,
8659,
1649,
14960,
1649,
6756,
6741,
14960,
6756,
6741,
6756,
574,
1650,
8658,
14961,
1650,
14961,
6759,
8658,
1637,
6727,
8658,
6727,
14961,
14961,
6727,
569,
14961,
569,
6718,
6759,
14961,
6718,
6759,
6718,
576,
578,
6721,
14962,
578,
14962,
6754,
6721,
571,
6730,
6721,
6730,
14962,
14962,
6730,
1639,
14962,
1639,
8660,
6754,
14962,
8660,
6754,
8660,
1648,
1649,
8659,
14963,
1649,
14963,
6757,
8659,
1638,
6729,
8659,
6729,
14963,
14963,
6729,
2893,
14963,
2893,
6739,
6757,
14963,
6739,
6757,
6739,
2895,
235,
6715,
14964,
235,
14964,
5336,
6715,
566,
6732,
6715,
6732,
14964,
14964,
6732,
1640,
14964,
1640,
8661,
5336,
14964,
8661,
5336,
8661,
944,
1648,
8660,
14965,
1648,
14965,
6755,
8660,
1639,
6731,
8660,
6731,
14965,
14965,
6731,
565,
14965,
565,
6738,
6755,
14965,
6738,
6755,
6738,
572,
568,
6734,
14966,
568,
14966,
5976,
6734,
1641,
8662,
6734,
8662,
14966,
14966,
8662,
945,
14966,
945,
5338,
5976,
14966,
5338,
5976,
5338,
230,
944,
8661,
14967,
944,
14967,
5337,
8661,
1640,
6733,
8661,
6733,
14967,
14967,
6733,
570,
14967,
570,
5979,
5337,
14967,
5979,
5337,
5979,
232,
566,
6736,
14968,
566,
14968,
6740,
6736,
1642,
8663,
6736,
8663,
14968,
14968,
8663,
1647,
14968,
1647,
6752,
6740,
14968,
6752,
6740,
6752,
573,
945,
8662,
14969,
945,
14969,
5339,
8662,
1641,
6735,
8662,
6735,
14969,
14969,
6735,
565,
14969,
565,
6713,
5339,
14969,
6713,
5339,
6713,
234,
566,
6740,
14970,
566,
14970,
6732,
6740,
573,
6764,
6740,
6764,
14970,
14970,
6764,
1653,
14970,
1653,
8688,
6732,
14970,
8688,
6732,
8688,
1640,
1647,
8663,
14971,
1647,
14971,
6753,
8663,
1642,
6737,
8663,
6737,
14971,
14971,
6737,
567,
14971,
567,
6741,
6753,
14971,
6741,
6753,
6741,
574,
228,
5327,
14972,
228,
14972,
5975,
5327,
940,
8664,
5327,
8664,
14972,
14972,
8664,
2165,
14972,
2165,
8667,
5975,
14972,
8667,
5975,
8667,
1276,
940,
5326,
14973,
940,
14973,
8664,
5326,
227,
5973,
5326,
5973,
14973,
14973,
5973,
1275,
14973,
1275,
8665,
8664,
14973,
8665,
8664,
8665,
2165,
2165,
8665,
14974,
2165,
14974,
8666,
8665,
1275,
5972,
8665,
5972,
14974,
14974,
5972,
573,
14974,
573,
6752,
8666,
14974,
6752,
8666,
6752,
1647,
1276,
8667,
14975,
1276,
14975,
5974,
8667,
2165,
8666,
8667,
8666,
14975,
14975,
8666,
1647,
14975,
1647,
6753,
5974,
14975,
6753,
5974,
6753,
574,
226,
5313,
14976,
226,
14976,
5969,
5313,
933,
8668,
5313,
8668,
14976,
14976,
8668,
2166,
14976,
2166,
8671,
5969,
14976,
8671,
5969,
8671,
1274,
933,
5312,
14977,
933,
14977,
8668,
5312,
229,
6750,
5312,
6750,
14977,
14977,
6750,
1646,
14977,
1646,
8669,
8668,
14977,
8669,
8668,
8669,
2166,
2166,
8669,
14978,
2166,
14978,
8670,
8669,
1646,
6751,
8669,
6751,
14978,
14978,
6751,
578,
14978,
578,
6754,
8670,
14978,
6754,
8670,
6754,
1648,
1274,
8671,
14979,
1274,
14979,
5968,
8671,
2166,
8670,
8671,
8670,
14979,
14979,
8670,
1648,
14979,
1648,
6755,
5968,
14979,
6755,
5968,
6755,
572,
2877,
5319,
14980,
2877,
14980,
5971,
5319,
936,
8672,
5319,
8672,
14980,
14980,
8672,
2167,
14980,
2167,
8675,
5971,
14980,
8675,
5971,
8675,
3601,
936,
5318,
14981,
936,
14981,
8672,
5318,
228,
5975,
5318,
5975,
14981,
14981,
5975,
1276,
14981,
1276,
8673,
8672,
14981,
8673,
8672,
8673,
2167,
2167,
8673,
14982,
2167,
14982,
8674,
8673,
1276,
5974,
8673,
5974,
14982,
14982,
5974,
574,
14982,
574,
6756,
8674,
14982,
6756,
8674,
6756,
1649,
3601,
8675,
14983,
3601,
14983,
5970,
8675,
2167,
8674,
8675,
8674,
14983,
14983,
8674,
1649,
14983,
1649,
6757,
5970,
14983,
6757,
5970,
6757,
2895,
224,
5321,
14984,
224,
14984,
6744,
5321,
937,
8676,
5321,
8676,
14984,
14984,
8676,
2168,
14984,
2168,
8679,
6744,
14984,
8679,
6744,
8679,
1644,
937,
5320,
14985,
937,
14985,
8676,
5320,
2876,
6746,
5320,
6746,
14985,
14985,
6746,
3985,
14985,
3985,
8677,
8676,
14985,
8677,
8676,
8677,
2168,
2168,
8677,
14986,
2168,
14986,
8678,
8677,
3985,
6747,
8677,
6747,
14986,
14986,
6747,
2896,
14986,
2896,
6758,
8678,
14986,
6758,
8678,
6758,
1650,
1644,
8679,
14987,
1644,
14987,
6745,
8679,
2168,
8678,
8679,
8678,
14987,
14987,
8678,
1650,
14987,
1650,
6759,
6745,
14987,
6759,
6745,
6759,
576,
229,
5323,
14988,
229,
14988,
6750,
5323,
938,
8680,
5323,
8680,
14988,
14988,
8680,
2169,
14988,
2169,
8683,
6750,
14988,
8683,
6750,
8683,
1646,
938,
5322,
14989,
938,
14989,
8680,
5322,
224,
6744,
5322,
6744,
14989,
14989,
6744,
1644,
14989,
1644,
8681,
8680,
14989,
8681,
8680,
8681,
2169,
2169,
8681,
14990,
2169,
14990,
8682,
8681,
1644,
6745,
8681,
6745,
14990,
14990,
6745,
576,
14990,
576,
6760,
8682,
14990,
6760,
8682,
6760,
1651,
1646,
8683,
14991,
1646,
14991,
6751,
8683,
2169,
8682,
8683,
8682,
14991,
14991,
8682,
1651,
14991,
1651,
6761,
6751,
14991,
6761,
6751,
6761,
578,
225,
5325,
14992,
225,
14992,
6748,
5325,
939,
8684,
5325,
8684,
14992,
14992,
8684,
2170,
14992,
2170,
8687,
6748,
14992,
8687,
6748,
8687,
1645,
939,
5324,
14993,
939,
14993,
8684,
5324,
223,
6742,
5324,
6742,
14993,
14993,
6742,
1643,
14993,
1643,
8685,
8684,
14993,
8685,
8684,
8685,
2170,
2170,
8685,
14994,
2170,
14994,
8686,
8685,
1643,
6743,
8685,
6743,
14994,
14994,
6743,
575,
14994,
575,
6762,
8686,
14994,
6762,
8686,
6762,
1652,
1645,
8687,
14995,
1645,
14995,
6749,
8687,
2170,
8686,
8687,
8686,
14995,
14995,
8686,
1652,
14995,
1652,
6763,
6749,
14995,
6763,
6749,
6763,
577,
575,
6766,
14996,
575,
14996,
6717,
6766,
1654,
8689,
6766,
8689,
14996,
14996,
8689,
1641,
14996,
1641,
6734,
6717,
14996,
6734,
6717,
6734,
568,
1640,
8688,
14997,
1640,
14997,
6733,
8688,
1653,
6765,
8688,
6765,
14997,
14997,
6765,
577,
14997,
577,
6720,
6733,
14997,
6720,
6733,
6720,
570,
1641,
8689,
14998,
1641,
14998,
6735,
8689,
1654,
6767,
8689,
6767,
14998,
14998,
6767,
572,
14998,
572,
6738,
6735,
14998,
6738,
6735,
6738,
565,
32,
5959,
14999,
32,
14999,
4688,
5959,
1270,
8690,
5959,
8690,
14999,
14999,
8690,
2171,
14999,
2171,
8693,
4688,
14999,
8693,
4688,
8693,
634,
1270,
5958,
15000,
1270,
15000,
8690,
5958,
579,
6781,
5958,
6781,
15000,
15000,
6781,
1658,
15000,
1658,
8691,
8690,
15000,
8691,
8690,
8691,
2171,
2171,
8691,
15001,
2171,
15001,
8692,
8691,
1658,
6782,
8691,
6782,
15001,
15001,
6782,
583,
15001,
583,
6774,
8692,
15001,
6774,
8692,
6774,
1655,
634,
8693,
15002,
634,
15002,
4689,
8693,
2171,
8692,
8693,
8692,
15002,
15002,
8692,
1655,
15002,
1655,
6773,
4689,
15002,
6773,
4689,
6773,
22,
585,
6787,
15003,
585,
15003,
5984,
6787,
1661,
8699,
6787,
8699,
15003,
15003,
8699,
1285,
15003,
1285,
6003,
5984,
15003,
6003,
5984,
6003,
430,
1286,
8694,
15004,
1286,
15004,
6006,
8694,
1659,
6784,
8694,
6784,
15004,
15004,
6784,
583,
15004,
583,
5981,
6006,
15004,
5981,
6006,
5981,
428,
21,
6777,
15005,
21,
15005,
4600,
6777,
1656,
8695,
6777,
8695,
15005,
15005,
8695,
2172,
15005,
2172,
8698,
4600,
15005,
8698,
4600,
8698,
597,
1656,
6778,
15006,
1656,
15006,
8695,
6778,
584,
6785,
6778,
6785,
15006,
15006,
6785,
1660,
15006,
1660,
8696,
8695,
15006,
8696,
8695,
8696,
2172,
2172,
8696,
15007,
2172,
15007,
8697,
8696,
1660,
6786,
8696,
6786,
15007,
15007,
6786,
581,
15007,
581,
5964,
8697,
15007,
5964,
8697,
5964,
1272,
597,
8698,
15008,
597,
15008,
4601,
8698,
2172,
8697,
8698,
8697,
15008,
15008,
8697,
1272,
15008,
1272,
5965,
4601,
15008,
5965,
4601,
5965,
23,
2881,
6770,
15009,
2881,
15009,
6001,
6770,
2897,
6789,
6770,
6789,
15009,
15009,
6789,
1662,
15009,
1662,
8700,
6001,
15009,
8700,
6001,
8700,
1284,
1285,
8699,
15010,
1285,
15010,
6004,
8699,
1661,
6788,
8699,
6788,
15010,
15010,
6788,
2898,
15010,
2898,
5982,
6004,
15010,
5982,
6004,
5982,
2880,
432,
6769,
15011,
432,
15011,
5999,
6769,
580,
6791,
6769,
6791,
15011,
15011,
6791,
1663,
15011,
1663,
8701,
5999,
15011,
8701,
5999,
8701,
1283,
1284,
8700,
15012,
1284,
15012,
6002,
8700,
1662,
6790,
8700,
6790,
15012,
15012,
6790,
580,
15012,
580,
6769,
6002,
15012,
6769,
6002,
6769,
432,
431,
6768,
15013,
431,
15013,
5997,
6768,
579,
6793,
6768,
6793,
15013,
15013,
6793,
1664,
15013,
1664,
8702,
5997,
15013,
8702,
5997,
8702,
1282,
1283,
8701,
15014,
1283,
15014,
6000,
8701,
1663,
6792,
8701,
6792,
15014,
15014,
6792,
582,
15014,
582,
6772,
6000,
15014,
6772,
6000,
6772,
434,
584,
6795,
15015,
584,
15015,
5983,
6795,
1665,
8703,
6795,
8703,
15015,
15015,
8703,
1281,
15015,
1281,
5995,
5983,
15015,
5995,
5983,
5995,
429,
1282,
8702,
15016,
1282,
15016,
5998,
8702,
1664,
6794,
8702,
6794,
15016,
15016,
6794,
581,
15016,
581,
6771,
5998,
15016,
6771,
5998,
6771,
433,
1281,
8703,
15017,
1281,
15017,
5996,
8703,
1665,
6796,
8703,
6796,
15017,
15017,
6796,
585,
15017,
585,
5984,
5996,
15017,
5984,
5996,
5984,
430,
136,
5014,
15018,
136,
15018,
6801,
5014,
792,
8704,
5014,
8704,
15018,
15018,
8704,
2173,
15018,
2173,
8707,
6801,
15018,
8707,
6801,
8707,
1670,
792,
5016,
15019,
792,
15019,
8704,
5016,
122,
6807,
5016,
6807,
15019,
15019,
6807,
1673,
15019,
1673,
8705,
8704,
15019,
8705,
8704,
8705,
2173,
2173,
8705,
15020,
2173,
15020,
8706,
8705,
1673,
6808,
8705,
6808,
15020,
15020,
6808,
593,
15020,
593,
6811,
8706,
15020,
6811,
8706,
6811,
1675,
1670,
8707,
15021,
1670,
15021,
6802,
8707,
2173,
8706,
8707,
8706,
15021,
15021,
8706,
1675,
15021,
1675,
6812,
6802,
15021,
6812,
6802,
6812,
590,
131,
5018,
15022,
131,
15022,
6804,
5018,
794,
8708,
5018,
8708,
15022,
15022,
8708,
2174,
15022,
2174,
8711,
6804,
15022,
8711,
6804,
8711,
1672,
794,
5021,
15023,
794,
15023,
8708,
5021,
125,
5449,
5021,
5449,
15023,
15023,
5449,
1003,
15023,
1003,
8709,
8708,
15023,
8709,
8708,
8709,
2174,
2174,
8709,
15024,
2174,
15024,
8710,
8709,
1003,
5448,
8709,
5448,
15024,
15024,
5448,
586,
15024,
586,
6813,
8710,
15024,
6813,
8710,
6813,
1676,
1672,
8711,
15025,
1672,
15025,
6806,
8711,
2174,
8710,
8711,
8710,
15025,
15025,
8710,
1676,
15025,
1676,
6814,
6806,
15025,
6814,
6806,
6814,
592,
129,
5026,
15026,
129,
15026,
5451,
5026,
798,
8712,
5026,
8712,
15026,
15026,
8712,
2175,
15026,
2175,
8715,
5451,
15026,
8715,
5451,
8715,
1004,
798,
5028,
15027,
798,
15027,
8712,
5028,
130,
6803,
5028,
6803,
15027,
15027,
6803,
1671,
15027,
1671,
8713,
8712,
15027,
8713,
8712,
8713,
2175,
2175,
8713,
15028,
2175,
15028,
8714,
8713,
1671,
6805,
8713,
6805,
15028,
15028,
6805,
591,
15028,
591,
6815,
8714,
15028,
6815,
8714,
6815,
1677,
1004,
8715,
15029,
1004,
15029,
5450,
8715,
2175,
8714,
8715,
8714,
15029,
15029,
8714,
1677,
15029,
1677,
6816,
5450,
15029,
6816,
5450,
6816,
587,
125,
5035,
15030,
125,
15030,
5449,
5035,
802,
8716,
5035,
8716,
15030,
15030,
8716,
2176,
15030,
2176,
8719,
5449,
15030,
8719,
5449,
8719,
1003,
802,
5036,
15031,
802,
15031,
8716,
5036,
136,
6801,
5036,
6801,
15031,
15031,
6801,
1670,
15031,
1670,
8717,
8716,
15031,
8717,
8716,
8717,
2176,
2176,
8717,
15032,
2176,
15032,
8718,
8717,
1670,
6802,
8717,
6802,
15032,
15032,
6802,
590,
15032,
590,
6817,
8718,
15032,
6817,
8718,
6817,
1678,
1003,
8719,
15033,
1003,
15033,
5448,
8719,
2176,
8718,
8719,
8718,
15033,
15033,
8718,
1678,
15033,
1678,
6818,
5448,
15033,
6818,
5448,
6818,
586,
2182,
8740,
15034,
2182,
15034,
8741,
8740,
1686,
6834,
8740,
6834,
15034,
15034,
6834,
1514,
15034,
1514,
8557,
8741,
15034,
8557,
8741,
8557,
2137,
1690,
8738,
15035,
1690,
15035,
6842,
8738,
2181,
8737,
8738,
8737,
15035,
15035,
8737,
2177,
15035,
2177,
8722,
6842,
15035,
8722,
6842,
8722,
1668,
2177,
8720,
15036,
2177,
15036,
8721,
8720,
1687,
6835,
8720,
6835,
15036,
15036,
6835,
594,
15036,
594,
6819,
8721,
15036,
6819,
8721,
6819,
1679,
1668,
8722,
15037,
1668,
15037,
6799,
8722,
2177,
8721,
8722,
8721,
15037,
15037,
8721,
1679,
15037,
1679,
6820,
6799,
15037,
6820,
6799,
6820,
588,
122,
5024,
15038,
122,
15038,
6807,
5024,
796,
8723,
5024,
8723,
15038,
15038,
8723,
2178,
15038,
2178,
8726,
6807,
15038,
8726,
6807,
8726,
1673,
796,
5022,
15039,
796,
15039,
8723,
5022,
134,
5455,
5022,
5455,
15039,
15039,
5455,
1006,
15039,
1006,
8724,
8723,
15039,
8724,
8723,
8724,
2178,
2178,
8724,
15040,
2178,
15040,
8725,
8724,
1006,
5454,
8724,
5454,
15040,
15040,
5454,
589,
15040,
589,
6821,
8725,
15040,
6821,
8725,
6821,
1680,
1673,
8726,
15041,
1673,
15041,
6808,
8726,
2178,
8725,
8726,
8725,
15041,
15041,
8725,
1680,
15041,
1680,
6822,
6808,
15041,
6822,
6808,
6822,
593,
134,
5032,
15042,
134,
15042,
5455,
5032,
800,
8727,
5032,
8727,
15042,
15042,
8727,
2179,
15042,
2179,
8730,
5455,
15042,
8730,
5455,
8730,
1006,
800,
5030,
15043,
800,
15043,
8727,
5030,
126,
6809,
5030,
6809,
15043,
15043,
6809,
1674,
15043,
1674,
8728,
8727,
15043,
8728,
8727,
8728,
2179,
2179,
8728,
15044,
2179,
15044,
8729,
8728,
1674,
6810,
8728,
6810,
15044,
15044,
6810,
594,
15044,
594,
6823,
8729,
15044,
6823,
8729,
6823,
1681,
1006,
8730,
15045,
1006,
15045,
5454,
8730,
2179,
8729,
8730,
8729,
15045,
15045,
8729,
1681,
15045,
1681,
6824,
5454,
15045,
6824,
5454,
6824,
589,
439,
5387,
15046,
439,
15046,
5453,
5387,
969,
8731,
5387,
8731,
15046,
15046,
8731,
2180,
15046,
2180,
8734,
5453,
15046,
8734,
5453,
8734,
1005,
969,
5385,
15047,
969,
15047,
8731,
5385,
129,
5451,
5385,
5451,
15047,
15047,
5451,
1004,
15047,
1004,
8732,
8731,
15047,
8732,
8731,
8732,
2180,
2180,
8732,
15048,
2180,
15048,
8733,
8732,
1004,
5450,
8732,
5450,
15048,
15048,
5450,
587,
15048,
587,
6825,
8733,
15048,
6825,
8733,
6825,
1682,
1005,
8734,
15049,
1005,
15049,
5452,
8734,
2180,
8733,
8734,
8733,
15049,
15049,
8733,
1682,
15049,
1682,
6826,
5452,
15049,
6826,
5452,
6826,
588,
590,
6812,
15050,
590,
15050,
6827,
6812,
1675,
8739,
6812,
8739,
15050,
15050,
8739,
2182,
15050,
2182,
8742,
6827,
15050,
8742,
6827,
8742,
1683,
1675,
6811,
15051,
1675,
15051,
8739,
6811,
593,
6833,
6811,
6833,
15051,
15051,
6833,
1686,
15051,
1686,
8740,
8739,
15051,
8740,
8739,
8740,
2182,
592,
6814,
15052,
592,
15052,
6830,
6814,
1676,
8743,
6814,
8743,
15052,
15052,
8743,
2183,
15052,
2183,
8746,
6830,
15052,
8746,
6830,
8746,
1685,
1676,
6813,
15053,
1676,
15053,
8743,
6813,
586,
6797,
6813,
6797,
15053,
15053,
6797,
1666,
15053,
1666,
8744,
8743,
15053,
8744,
8743,
8744,
2183,
587,
6816,
15054,
587,
15054,
6798,
6816,
1677,
8747,
6816,
8747,
15054,
15054,
8747,
2184,
15054,
2184,
8750,
6798,
15054,
8750,
6798,
8750,
1667,
1677,
6815,
15055,
1677,
15055,
8747,
6815,
591,
6829,
6815,
6829,
15055,
15055,
6829,
1684,
15055,
1684,
8748,
8747,
15055,
8748,
8747,
8748,
2184,
586,
6818,
15056,
586,
15056,
6797,
6818,
1678,
8751,
6818,
8751,
15056,
15056,
8751,
2185,
15056,
2185,
8754,
6797,
15056,
8754,
6797,
8754,
1666,
1678,
6817,
15057,
1678,
15057,
8751,
6817,
590,
6827,
6817,
6827,
15057,
15057,
6827,
1683,
15057,
1683,
8752,
8751,
15057,
8752,
8751,
8752,
2185,
593,
6822,
15058,
593,
15058,
6833,
6822,
1680,
8755,
6822,
8755,
15058,
15058,
8755,
2186,
15058,
2186,
8758,
6833,
15058,
8758,
6833,
8758,
1686,
1680,
6821,
15059,
1680,
15059,
8755,
6821,
589,
6800,
6821,
6800,
15059,
15059,
6800,
1669,
15059,
1669,
8756,
8755,
15059,
8756,
8755,
8756,
2186,
589,
6824,
15060,
589,
15060,
6800,
6824,
1681,
8759,
6824,
8759,
15060,
15060,
8759,
2187,
15060,
2187,
8762,
6800,
15060,
8762,
6800,
8762,
1669,
1681,
6823,
15061,
1681,
15061,
8759,
6823,
594,
6835,
6823,
6835,
15061,
15061,
6835,
1687,
15061,
1687,
8760,
8759,
15061,
8760,
8759,
8760,
2187,
588,
6826,
15062,
588,
15062,
6799,
6826,
1682,
8763,
6826,
8763,
15062,
15062,
8763,
2188,
15062,
2188,
8766,
6799,
15062,
8766,
6799,
8766,
1668,
1682,
6825,
15063,
1682,
15063,
8763,
6825,
587,
6798,
6825,
6798,
15063,
15063,
6798,
1667,
15063,
1667,
8764,
8763,
15063,
8764,
8763,
8764,
2188,
584,
5983,
15064,
584,
15064,
6785,
5983,
429,
6009,
5983,
6009,
15064,
15064,
6009,
1288,
15064,
1288,
8056,
6785,
15064,
8056,
6785,
8056,
1660,
1011,
8458,
15065,
1011,
15065,
5785,
8458,
2112,
8457,
8458,
8457,
15065,
15065,
8457,
1791,
15065,
1791,
7238,
5785,
15065,
7238,
5785,
7238,
1182,
235,
5350,
15066,
235,
15066,
6715,
5350,
951,
6873,
5350,
6873,
15066,
15066,
6873,
1642,
15066,
1642,
6736,
6715,
15066,
6736,
6715,
6736,
566,
2081,
8363,
15067,
2081,
15067,
8364,
8363,
1449,
6434,
8363,
6434,
15067,
15067,
6434,
1490,
15067,
1490,
8360,
8364,
15067,
8360,
8364,
8360,
2080,
1771,
7159,
15068,
1771,
15068,
7160,
7159,
2205,
8784,
7159,
8784,
15068,
15068,
8784,
2196,
15068,
2196,
6168,
7160,
15068,
6168,
7160,
6168,
1371,
755,
8769,
15069,
755,
15069,
7158,
8769,
2191,
8785,
8769,
8785,
15069,
15069,
8785,
2205,
15069,
2205,
7159,
7158,
15069,
7159,
7158,
7159,
1771,
1770,
7155,
15070,
1770,
15070,
7156,
7155,
2204,
8786,
7155,
8786,
15070,
15070,
8786,
2195,
15070,
2195,
6160,
7156,
15070,
6160,
7156,
6160,
1367,
1365,
8772,
15071,
1365,
15071,
7154,
8772,
2194,
8787,
8772,
8787,
15071,
15071,
8787,
2204,
15071,
2204,
7155,
7154,
15071,
7155,
7154,
7155,
1770,
1769,
7151,
15072,
1769,
15072,
7152,
7151,
2203,
8788,
7151,
8788,
15072,
15072,
8788,
2191,
15072,
2191,
8769,
7152,
15072,
8769,
7152,
8769,
755,
1367,
6160,
15073,
1367,
15073,
7150,
6160,
2195,
8789,
6160,
8789,
15073,
15073,
8789,
2203,
15073,
2203,
7151,
7150,
15073,
7151,
7150,
7151,
1769,
1768,
7147,
15074,
1768,
15074,
7148,
7147,
2202,
8790,
7147,
8790,
15074,
15074,
8790,
2197,
15074,
2197,
8775,
7148,
15074,
8775,
7148,
8775,
1372,
1371,
6168,
15075,
1371,
15075,
7146,
6168,
2196,
8791,
6168,
8791,
15075,
15075,
8791,
2202,
15075,
2202,
7147,
7146,
15075,
7147,
7146,
7147,
1768,
1767,
7143,
15076,
1767,
15076,
7144,
7143,
2201,
8792,
7143,
8792,
15076,
15076,
8792,
2194,
15076,
2194,
8772,
7144,
15076,
8772,
7144,
8772,
1365,
753,
4926,
15077,
753,
15077,
7142,
4926,
2189,
8793,
4926,
8793,
15077,
15077,
8793,
2201,
15077,
2201,
7143,
7142,
15077,
7143,
7142,
7143,
1767,
1766,
7139,
15078,
1766,
15078,
7140,
7139,
2200,
8794,
7139,
8794,
15078,
15078,
8794,
2193,
15078,
2193,
6154,
7140,
15078,
6154,
7140,
6154,
1364,
1363,
8770,
15079,
1363,
15079,
7138,
8770,
2192,
8795,
8770,
8795,
15079,
15079,
8795,
2200,
15079,
2200,
7139,
7138,
15079,
7139,
7138,
7139,
1766,
1765,
7135,
15080,
1765,
15080,
7136,
7135,
2199,
8796,
7135,
8796,
15080,
15080,
8796,
2192,
15080,
2192,
8770,
7136,
15080,
8770,
7136,
8770,
1363,
1372,
8775,
15081,
1372,
15081,
7134,
8775,
2197,
8797,
8775,
8797,
15081,
15081,
8797,
2199,
15081,
2199,
7135,
7134,
15081,
7135,
7134,
7135,
1765,
1764,
7131,
15082,
1764,
15082,
7132,
7131,
2198,
8798,
7131,
8798,
15082,
15082,
8798,
2190,
15082,
2190,
4927,
7132,
15082,
4927,
7132,
4927,
754,
1364,
6154,
15083,
1364,
15083,
7130,
6154,
2193,
8799,
6154,
8799,
15083,
15083,
8799,
2198,
15083,
2198,
7131,
7130,
15083,
7131,
7130,
7131,
1764,
760,
4940,
15084,
760,
15084,
8808,
4940,
17,
4967,
4940,
4967,
15084,
15084,
4967,
2208,
15084,
2208,
8809,
8808,
15084,
8809,
8808,
8809,
2212,
14,
4941,
15085,
14,
15085,
8800,
4941,
760,
8808,
4941,
8808,
15085,
15085,
8808,
2212,
15085,
2212,
8810,
8800,
15085,
8810,
8800,
8810,
2206,
759,
4938,
15086,
759,
15086,
8807,
4938,
13,
8801,
4938,
8801,
15086,
15086,
8801,
2207,
15086,
2207,
8811,
8807,
15086,
8811,
8807,
8811,
2211,
17,
4939,
15087,
17,
15087,
4967,
4939,
759,
8807,
4939,
8807,
15087,
15087,
8807,
2211,
15087,
2211,
8812,
4967,
15087,
8812,
4967,
8812,
2208,
757,
4934,
15088,
757,
15088,
8806,
4934,
14,
8800,
4934,
8800,
15088,
15088,
8800,
2206,
15088,
2206,
8813,
8806,
15088,
8813,
8806,
8813,
2210,
2851,
4935,
15089,
2851,
15089,
8802,
4935,
757,
8806,
4935,
8806,
15089,
15089,
8806,
2210,
15089,
2210,
8814,
8802,
15089,
8814,
8802,
8814,
4550,
758,
4936,
15090,
758,
15090,
8805,
4936,
2850,
4971,
4936,
4971,
15090,
15090,
4971,
4552,
15090,
4552,
8815,
8805,
15090,
8815,
8805,
8815,
2209,
13,
4937,
15091,
13,
15091,
8801,
4937,
758,
8805,
4937,
8805,
15091,
15091,
8805,
2209,
15091,
2209,
8816,
8801,
15091,
8816,
8801,
8816,
2207,
925,
5292,
15092,
925,
15092,
8833,
5292,
207,
5251,
5292,
5251,
15092,
15092,
5251,
2218,
15092,
2218,
8834,
8833,
15092,
8834,
8833,
8834,
2227,
209,
5290,
15093,
209,
15093,
5255,
5290,
925,
8833,
5290,
8833,
15093,
15093,
8833,
2227,
15093,
2227,
8835,
5255,
15093,
8835,
5255,
8835,
2219,
923,
5286,
15094,
923,
15094,
8832,
5286,
2872,
8821,
5286,
8821,
15094,
15094,
8821,
4561,
15094,
4561,
8836,
8832,
15094,
8836,
8832,
8836,
2226,
203,
5288,
15095,
203,
15095,
8818,
5288,
923,
8832,
5288,
8832,
15095,
15095,
8832,
2226,
15095,
2226,
8837,
8818,
15095,
8837,
8818,
8837,
2214,
921,
5284,
15096,
921,
15096,
8831,
5284,
203,
8818,
5284,
8818,
15096,
15096,
8818,
2214,
15096,
2214,
8838,
8831,
15096,
8838,
8831,
8838,
2225,
211,
5282,
15097,
211,
15097,
8817,
5282,
921,
8831,
5282,
8831,
15097,
15097,
8831,
2225,
15097,
2225,
8839,
8817,
15097,
8839,
8817,
8839,
2213,
917,
5276,
15098,
917,
15098,
8830,
5276,
209,
5255,
5276,
5255,
15098,
15098,
5255,
2219,
15098,
2219,
8840,
8830,
15098,
8840,
8830,
8840,
2224,
2870,
5274,
15099,
2870,
15099,
5249,
5274,
917,
8830,
5274,
8830,
15099,
15099,
8830,
2224,
15099,
2224,
8841,
5249,
15099,
8841,
5249,
8841,
4563,
915,
5272,
15100,
915,
15100,
8829,
5272,
211,
8817,
5272,
8817,
15100,
15100,
8817,
2213,
15100,
2213,
8842,
8829,
15100,
8842,
8829,
8842,
2223,
205,
5270,
15101,
205,
15101,
5247,
5270,
915,
8829,
5270,
8829,
15101,
15101,
8829,
2223,
15101,
2223,
8843,
5247,
15101,
8843,
5247,
8843,
2217,
913,
5268,
15102,
913,
15102,
8828,
5268,
213,
8820,
5268,
8820,
15102,
15102,
8820,
2216,
15102,
2216,
8844,
8828,
15102,
8844,
8828,
8844,
2222,
215,
5266,
15103,
215,
15103,
8819,
5266,
913,
8828,
5266,
8828,
15103,
15103,
8828,
2222,
15103,
2222,
8845,
8819,
15103,
8845,
8819,
8845,
2215,
898,
6981,
15104,
898,
15104,
5230,
6981,
1725,
6980,
6981,
6980,
15104,
15104,
6980,
2221,
15104,
2221,
8846,
5230,
15104,
8846,
5230,
8846,
2215,
1725,
6979,
15105,
1725,
15105,
6980,
6979,
906,
8824,
6979,
8824,
15105,
15105,
8824,
2218,
15105,
2218,
8847,
6980,
15105,
8847,
6980,
8847,
2221,
905,
6977,
15106,
905,
15106,
8822,
6977,
1724,
6976,
6977,
6976,
15106,
15106,
6976,
2220,
15106,
2220,
8848,
8822,
15106,
8848,
8822,
8848,
2217,
1724,
6975,
15107,
1724,
15107,
6976,
6975,
903,
5240,
6975,
5240,
15107,
15107,
5240,
2216,
15107,
2216,
8849,
6976,
15107,
8849,
6976,
8849,
2220,
390,
6435,
15108,
390,
15108,
5793,
6435,
1491,
8384,
6435,
8384,
15108,
15108,
8384,
2088,
15108,
2088,
8387,
5793,
15108,
8387,
5793,
8387,
1187,
1345,
8157,
15109,
1345,
15109,
8857,
8157,
2037,
8156,
8157,
8156,
15109,
15109,
8156,
2249,
15109,
2249,
8872,
8857,
15109,
8872,
8857,
8872,
2235,
2037,
8155,
15110,
2037,
15110,
8156,
8155,
987,
8852,
8155,
8852,
15110,
15110,
8852,
2230,
15110,
2230,
8873,
8156,
15110,
8873,
8156,
8873,
2249,
836,
8870,
15111,
836,
15111,
5102,
8870,
2248,
8874,
8870,
8874,
15111,
15111,
8874,
2236,
15111,
2236,
8858,
5102,
15111,
8858,
5102,
8858,
168,
163,
5427,
15112,
163,
15112,
5103,
5427,
2231,
8875,
5427,
8875,
15112,
15112,
8875,
2248,
15112,
2248,
8870,
5103,
15112,
8870,
5103,
8870,
836,
1333,
8869,
15113,
1333,
15113,
6099,
8869,
2247,
8876,
8869,
8876,
15113,
15113,
8876,
2235,
15113,
2235,
6121,
6099,
15113,
6121,
6099,
6121,
445,
448,
6118,
15114,
448,
15114,
6098,
6118,
2234,
8877,
6118,
8877,
15114,
15114,
8877,
2247,
15114,
2247,
8869,
6098,
15114,
8869,
6098,
8869,
1333,
1347,
8100,
15115,
1347,
15115,
6124,
8100,
2021,
8099,
8100,
8099,
15115,
15115,
8099,
2246,
15115,
2246,
8878,
6124,
15115,
8878,
6124,
8878,
2236,
2021,
8098,
15116,
2021,
15116,
8099,
8098,
1348,
6125,
8098,
6125,
15116,
15116,
6125,
2237,
15116,
2237,
8879,
8099,
15116,
8879,
8099,
8879,
2246,
834,
8867,
15117,
834,
15117,
5098,
8867,
2245,
8880,
8867,
8880,
15117,
15117,
8880,
2232,
15117,
2232,
5428,
5098,
15117,
5428,
5098,
5428,
164,
165,
5409,
15118,
165,
15118,
5099,
5409,
2229,
8881,
5409,
8881,
15118,
15118,
8881,
2245,
15118,
2245,
8867,
5099,
15118,
8867,
5099,
8867,
834,
978,
7416,
15119,
978,
15119,
8850,
7416,
1842,
7415,
7416,
7415,
15119,
15119,
7415,
2244,
15119,
2244,
8882,
8850,
15119,
8882,
8850,
8882,
2228,
1842,
7414,
15120,
1842,
15120,
7415,
7414,
981,
8851,
7414,
8851,
15120,
15120,
8851,
2229,
15120,
2229,
8883,
7415,
15120,
8883,
7415,
8883,
2244,
1332,
8865,
15121,
1332,
15121,
6097,
8865,
2243,
8884,
8865,
8884,
15121,
15121,
8884,
2234,
15121,
2234,
6118,
6097,
15121,
6118,
6097,
6118,
448,
444,
8859,
15122,
444,
15122,
6096,
8859,
2237,
8885,
8859,
8885,
15122,
15122,
8885,
2243,
15122,
2243,
8865,
6096,
15122,
8865,
6096,
8865,
1332,
1833,
7381,
15123,
1833,
15123,
7382,
7381,
2242,
8886,
7381,
8886,
15123,
15123,
8886,
2233,
15123,
2233,
5433,
7382,
15123,
5433,
7382,
5433,
995,
978,
8850,
15124,
978,
15124,
7380,
8850,
2228,
8887,
8850,
8887,
15124,
15124,
8887,
2242,
15124,
2242,
7381,
7380,
15124,
7381,
7380,
7381,
1833,
837,
8863,
15125,
837,
15125,
5105,
8863,
2241,
8888,
8863,
8888,
15125,
15125,
8888,
2238,
15125,
2238,
8860,
5105,
15125,
8860,
5105,
8860,
166,
162,
5420,
15126,
162,
15126,
5104,
5420,
2230,
8889,
5420,
8889,
15126,
15126,
8889,
2241,
15126,
2241,
8863,
5104,
15126,
8863,
5104,
8863,
837,
835,
8862,
15127,
835,
15127,
5101,
8862,
2240,
8890,
8862,
8890,
15127,
15127,
8890,
2233,
15127,
2233,
8855,
5101,
15127,
8855,
5101,
8855,
161,
167,
8861,
15128,
167,
15128,
5100,
8861,
2239,
8891,
8861,
8891,
15128,
15128,
8891,
2240,
15128,
2240,
8862,
5100,
15128,
8862,
5100,
8862,
835,
1354,
6134,
15129,
1354,
15129,
8913,
6134,
157,
8894,
6134,
8894,
15129,
15129,
8894,
987,
15129,
987,
8155,
8913,
15129,
8155,
8913,
8155,
2037,
2266,
8988,
15130,
2266,
15130,
8973,
8988,
2943,
11084,
8988,
11084,
15130,
15130,
11084,
4034,
15130,
4034,
11081,
8973,
15130,
11081,
8973,
11081,
2935,
2935,
11081,
15131,
2935,
15131,
8972,
11081,
4034,
11082,
11081,
11082,
15131,
15131,
11082,
2905,
15131,
2905,
4608,
8972,
15131,
4608,
8972,
4608,
2852,
4034,
11083,
15132,
4034,
15132,
11082,
11083,
2932,
8966,
11083,
8966,
15132,
15132,
8966,
2859,
15132,
2859,
4609,
11082,
15132,
4609,
11082,
4609,
2905,
2943,
8989,
15133,
2943,
15133,
11084,
8989,
2355,
8967,
8989,
8967,
15133,
15133,
8967,
2932,
15133,
2932,
11083,
11084,
15133,
11083,
11084,
11083,
4034,
2352,
10437,
15134,
2352,
15134,
9529,
10437,
3703,
11088,
10437,
11088,
15134,
15134,
11088,
4035,
15134,
4035,
11085,
9529,
15134,
11085,
9529,
11085,
3220,
3220,
11085,
15135,
3220,
15135,
9527,
11085,
4035,
11086,
11085,
11086,
15135,
15135,
11086,
3631,
15135,
3631,
10302,
9527,
15135,
10302,
9527,
10302,
2619,
4035,
11087,
15136,
4035,
15136,
11086,
11087,
3459,
9973,
11087,
9973,
15136,
15136,
9973,
2610,
15136,
2610,
10304,
11086,
15136,
10304,
11086,
10304,
3631,
3703,
10436,
15137,
3703,
15137,
11088,
10436,
2253,
9972,
10436,
9972,
15137,
15137,
9972,
3459,
15137,
3459,
11087,
11088,
15137,
11087,
11088,
11087,
4035,
4549,
9236,
15138,
4549,
15138,
13050,
9236,
3067,
11092,
9236,
11092,
15138,
15138,
11092,
4036,
15138,
4036,
11089,
13050,
15138,
11089,
13050,
11089,
4553,
4553,
11089,
15139,
4553,
15139,
13049,
11089,
4036,
11090,
11089,
11090,
15139,
15139,
11090,
3086,
15139,
3086,
8804,
13049,
15139,
8804,
13049,
8804,
4552,
4036,
11091,
15140,
4036,
15140,
11090,
11091,
3090,
9272,
11091,
9272,
15140,
15140,
9272,
2856,
15140,
2856,
4970,
11090,
15140,
4970,
11090,
4970,
3086,
3067,
9237,
15141,
3067,
15141,
11092,
9237,
2362,
9273,
9237,
9273,
15141,
15141,
9273,
3090,
15141,
3090,
11091,
11092,
15141,
11091,
11092,
11091,
4036,
2265,
8984,
15142,
2265,
15142,
8971,
8984,
2941,
11096,
8984,
11096,
15142,
15142,
11096,
4037,
15142,
4037,
11093,
8971,
15142,
11093,
8971,
11093,
2934,
2934,
11093,
15143,
2934,
15143,
8970,
11093,
4037,
11094,
11093,
11094,
15143,
15143,
11094,
2916,
15143,
2916,
8939,
8970,
15143,
8939,
8970,
8939,
2279,
4037,
11095,
15144,
4037,
15144,
11094,
11095,
2933,
8968,
11095,
8968,
15144,
15144,
8968,
2276,
15144,
2276,
8938,
11094,
15144,
8938,
11094,
8938,
2916,
2941,
8985,
15145,
2941,
15145,
11096,
8985,
2354,
8969,
8985,
8969,
15145,
15145,
8969,
2933,
15145,
2933,
11095,
11096,
15145,
11095,
11096,
11095,
4037,
2262,
8982,
15146,
2262,
15146,
8965,
8982,
2940,
11100,
8982,
11100,
15146,
15146,
11100,
4038,
15146,
4038,
11097,
8965,
15146,
11097,
8965,
11097,
2931,
2931,
11097,
15147,
2931,
15147,
8964,
11097,
4038,
11098,
11097,
11098,
15147,
15147,
11098,
2912,
15147,
2912,
8935,
8964,
15147,
8935,
8964,
8935,
2274,
4038,
11099,
15148,
4038,
15148,
11098,
11099,
2934,
8970,
11099,
8970,
15148,
15148,
8970,
2279,
15148,
2279,
8934,
11098,
15148,
8934,
11098,
8934,
2912,
2940,
8983,
15149,
2940,
15149,
11100,
8983,
2265,
8971,
8983,
8971,
15149,
15149,
8971,
2934,
15149,
2934,
11099,
11100,
15149,
11099,
11100,
11099,
4038,
2259,
8980,
15150,
2259,
15150,
8959,
8980,
2939,
11104,
8980,
11104,
15150,
15150,
11104,
4039,
15150,
4039,
11101,
8959,
15150,
11101,
8959,
11101,
2928,
2928,
11101,
15151,
2928,
15151,
8958,
11101,
4039,
11102,
11101,
11102,
15151,
15151,
11102,
2914,
15151,
2914,
4626,
8958,
15151,
4626,
8958,
4626,
2847,
4039,
11103,
15152,
4039,
15152,
11102,
11103,
2935,
8972,
11103,
8972,
15152,
15152,
8972,
2852,
15152,
2852,
4627,
11102,
15152,
4627,
11102,
4627,
2914,
2939,
8981,
15153,
2939,
15153,
11104,
8981,
2266,
8973,
8981,
8973,
15153,
15153,
8973,
2935,
15153,
2935,
11103,
11104,
15153,
11103,
11104,
11103,
4039,
2862,
4962,
15154,
2862,
15154,
9267,
4962,
3082,
11108,
4962,
11108,
15154,
15154,
11108,
4040,
15154,
4040,
11105,
9267,
15154,
11105,
9267,
11105,
3087,
3087,
11105,
15155,
3087,
15155,
9266,
11105,
4040,
11106,
11105,
11106,
15155,
15155,
11106,
3085,
15155,
3085,
9264,
9266,
15155,
9264,
9266,
9264,
2360,
4040,
11107,
15156,
4040,
15156,
11106,
11107,
3077,
9252,
11107,
9252,
15156,
15156,
9252,
2358,
15156,
2358,
9265,
11106,
15156,
9265,
11106,
9265,
3085,
3082,
4963,
15157,
3082,
15157,
11108,
4963,
2860,
9253,
4963,
9253,
15157,
15157,
9253,
3077,
15157,
3077,
11107,
11108,
15157,
11107,
11108,
11107,
4040,
2821,
10972,
15158,
2821,
15158,
10251,
10972,
3979,
11863,
10972,
11863,
15158,
15158,
11863,
3271,
15158,
3271,
9616,
10251,
15158,
9616,
10251,
9616,
2483,
3982,
10979,
15159,
3982,
15159,
11109,
10979,
2817,
10959,
10979,
10959,
15159,
15159,
10959,
2486,
15159,
2486,
9627,
11109,
15159,
9627,
11109,
9627,
3276,
2846,
4642,
15160,
2846,
15160,
8923,
4642,
2922,
11113,
4642,
11113,
15160,
15160,
11113,
4041,
15160,
4041,
11110,
8923,
15160,
11110,
8923,
11110,
2903,
2903,
11110,
15161,
2903,
15161,
8922,
11110,
4041,
11111,
11110,
11111,
15161,
15161,
11111,
2937,
15161,
2937,
8976,
8922,
15161,
8976,
8922,
8976,
2261,
4041,
11112,
15162,
4041,
15162,
11111,
11112,
2926,
8954,
11112,
8954,
15162,
15162,
8954,
2268,
15162,
2268,
8977,
11111,
15162,
8977,
11111,
8977,
2937,
2922,
4643,
15163,
2922,
15163,
11113,
4643,
2854,
8956,
4643,
8956,
15163,
15163,
8956,
2926,
15163,
2926,
11112,
11113,
15163,
11112,
11113,
11112,
4041,
2280,
8948,
15164,
2280,
15164,
8927,
8948,
2923,
11117,
8948,
11117,
15164,
15164,
11117,
4042,
15164,
4042,
11114,
8927,
15164,
11114,
8927,
11114,
2907,
2907,
11114,
15165,
2907,
15165,
8926,
11114,
4042,
11115,
11114,
11115,
15165,
15165,
11115,
2938,
15165,
2938,
8978,
8926,
15165,
8978,
8926,
8978,
2355,
4042,
11116,
15166,
4042,
15166,
11115,
11116,
2925,
8952,
11116,
8952,
15166,
15166,
8952,
2356,
15166,
2356,
8979,
11115,
15166,
8979,
11115,
8979,
2938,
2923,
8949,
15167,
2923,
15167,
11117,
8949,
2275,
8953,
8949,
8953,
15167,
15167,
8953,
2925,
15167,
2925,
11116,
11117,
15167,
11116,
11117,
11116,
4042,
2278,
8933,
15168,
2278,
15168,
8915,
8933,
2911,
11121,
8933,
11121,
15168,
15168,
11121,
4043,
15168,
4043,
11118,
8915,
15168,
11118,
8915,
11118,
2899,
2899,
11118,
15169,
2899,
15169,
8914,
11118,
4043,
11119,
11118,
11119,
15169,
15169,
11119,
2939,
15169,
2939,
8980,
8914,
15169,
8980,
8914,
8980,
2259,
4043,
11120,
15170,
4043,
15170,
11119,
11120,
2919,
8942,
11120,
8942,
15170,
15170,
8942,
2266,
15170,
2266,
8981,
11119,
15170,
8981,
11119,
8981,
2939,
2911,
8932,
15171,
2911,
15171,
11121,
8932,
2277,
8943,
8932,
8943,
15171,
15171,
8943,
2919,
15171,
2919,
11120,
11121,
15171,
11120,
11121,
11120,
4043,
2849,
4625,
15172,
2849,
15172,
8925,
4625,
2913,
11125,
4625,
11125,
15172,
15172,
11125,
4044,
15172,
4044,
11122,
8925,
15172,
11122,
8925,
11122,
2904,
2904,
11122,
15173,
2904,
15173,
8924,
11122,
4044,
11123,
11122,
11123,
15173,
15173,
11123,
2940,
15173,
2940,
8982,
8924,
15173,
8982,
8924,
8982,
2262,
4044,
11124,
15174,
4044,
15174,
11123,
11124,
2918,
8940,
11124,
8940,
15174,
15174,
8940,
2265,
15174,
2265,
8983,
11123,
15174,
8983,
11123,
8983,
2940,
2913,
4624,
15175,
2913,
15175,
11125,
4624,
2853,
8941,
4624,
8941,
15175,
15175,
8941,
2918,
15175,
2918,
11124,
11125,
15175,
11124,
11125,
11124,
4044,
2853,
4633,
15176,
2853,
15176,
8941,
4633,
2917,
11129,
4633,
11129,
15176,
15176,
11129,
4045,
15176,
4045,
11126,
8941,
15176,
11126,
8941,
11126,
2918,
2918,
11126,
15177,
2918,
15177,
8940,
11126,
4045,
11127,
11126,
11127,
15177,
15177,
11127,
2941,
15177,
2941,
8984,
8940,
15177,
8984,
8940,
8984,
2265,
4045,
11128,
15178,
4045,
15178,
11127,
11128,
2909,
8930,
11128,
8930,
15178,
15178,
8930,
2354,
15178,
2354,
8985,
11127,
15178,
8985,
11127,
8985,
2941,
2917,
4632,
15179,
2917,
15179,
11129,
4632,
2858,
8931,
4632,
8931,
15179,
15179,
8931,
2909,
15179,
2909,
11128,
11129,
15179,
11128,
11129,
11128,
4045,
2275,
8928,
15180,
2275,
15180,
8953,
8928,
2908,
11133,
8928,
11133,
15180,
15180,
11133,
4046,
15180,
4046,
11130,
8953,
15180,
11130,
8953,
11130,
2925,
2925,
11130,
15181,
2925,
15181,
8952,
11130,
4046,
11131,
11130,
11131,
15181,
15181,
11131,
2942,
15181,
2942,
8986,
8952,
15181,
8986,
8952,
8986,
2356,
4046,
11132,
15182,
4046,
15182,
11131,
11132,
2933,
8969,
11132,
8969,
15182,
15182,
8969,
2354,
15182,
2354,
8987,
11131,
15182,
8987,
11131,
8987,
2942,
2908,
8929,
15183,
2908,
15183,
11133,
8929,
2276,
8968,
8929,
8968,
15183,
15183,
8968,
2933,
15183,
2933,
11132,
11133,
15183,
11132,
11133,
11132,
4046,
2262,
8965,
15184,
2262,
15184,
10334,
8965,
2931,
11137,
8965,
11137,
15184,
15184,
11137,
4047,
15184,
4047,
11134,
10334,
15184,
11134,
10334,
11134,
3648,
3648,
11134,
15185,
3648,
15185,
10335,
11134,
4047,
11135,
11134,
11135,
15185,
15185,
11135,
3637,
15185,
3637,
10316,
10335,
15185,
10316,
10335,
10316,
2447,
4047,
11136,
15186,
4047,
15186,
11135,
11136,
3217,
9522,
11136,
9522,
15186,
15186,
9522,
2614,
15186,
2614,
10314,
11135,
15186,
10314,
11135,
10314,
3637,
2931,
8964,
15187,
2931,
15187,
11137,
8964,
2274,
9523,
8964,
9523,
15187,
15187,
9523,
3217,
15187,
3217,
11136,
11137,
15187,
11136,
11137,
11136,
4047,
2277,
8937,
15188,
2277,
15188,
8943,
8937,
2915,
11141,
8937,
11141,
15188,
15188,
11141,
4048,
15188,
4048,
11138,
8943,
15188,
11138,
8943,
11138,
2919,
2919,
11138,
15189,
2919,
15189,
8942,
11138,
4048,
11139,
11138,
11139,
15189,
15189,
11139,
2943,
15189,
2943,
8988,
8942,
15189,
8988,
8942,
8988,
2266,
4048,
11140,
15190,
4048,
15190,
11139,
11140,
2907,
8926,
11140,
8926,
15190,
15190,
8926,
2355,
15190,
2355,
8989,
11139,
15190,
8989,
11139,
8989,
2943,
2915,
8936,
15191,
2915,
15191,
11141,
8936,
2280,
8927,
8936,
8927,
15191,
15191,
8927,
2907,
15191,
2907,
11140,
11141,
15191,
11140,
11141,
11140,
4048,
2855,
4610,
15192,
2855,
15192,
8957,
4610,
2906,
11145,
4610,
11145,
15192,
15192,
11145,
4049,
15192,
4049,
11142,
8957,
15192,
11142,
8957,
11142,
2927,
2927,
11142,
15193,
2927,
15193,
8955,
11142,
4049,
11143,
11142,
11143,
15193,
15193,
11143,
2944,
15193,
2944,
8990,
8955,
15193,
8990,
8955,
8990,
2269,
4049,
11144,
15194,
4049,
15194,
11143,
11144,
2929,
8961,
11144,
8961,
15194,
15194,
8961,
2260,
15194,
2260,
8991,
11143,
15194,
8991,
11143,
8991,
2944,
2906,
4611,
15195,
2906,
15195,
11145,
4611,
2848,
8960,
4611,
8960,
15195,
15195,
8960,
2929,
15195,
2929,
11144,
11145,
15195,
11144,
11145,
11144,
4049,
2253,
9018,
15196,
2253,
15196,
9972,
9018,
2958,
11149,
9018,
11149,
15196,
15196,
11149,
4050,
15196,
4050,
11146,
9972,
15196,
11146,
9972,
11146,
3459,
3459,
11146,
15197,
3459,
15197,
9973,
11146,
4050,
11147,
11146,
11147,
15197,
15197,
11147,
3644,
15197,
3644,
10330,
9973,
15197,
10330,
9973,
10330,
2610,
4050,
11148,
15198,
4050,
15198,
11147,
11148,
3646,
10332,
11148,
10332,
15198,
15198,
10332,
2442,
15198,
2442,
10328,
11147,
15198,
10328,
11147,
10328,
3644,
2958,
9019,
15199,
2958,
15199,
11149,
9019,
2278,
10333,
9019,
10333,
15199,
15199,
10333,
3646,
15199,
3646,
11148,
11149,
15199,
11148,
11149,
11148,
4050,
2260,
8961,
15200,
2260,
15200,
10288,
8961,
2929,
11153,
8961,
11153,
15200,
15200,
11153,
4051,
15200,
4051,
11150,
10288,
15200,
11150,
10288,
11150,
3621,
3621,
11150,
15201,
3621,
15201,
10287,
11150,
4051,
11151,
11150,
11151,
15201,
15201,
11151,
3963,
15201,
3963,
10936,
10287,
15201,
10936,
10287,
10936,
2686,
4051,
11152,
15202,
4051,
15202,
11151,
11152,
3965,
6693,
11152,
6693,
15202,
15202,
6693,
2887,
15202,
2887,
10939,
11151,
15202,
10939,
11151,
10939,
3963,
2929,
8960,
15203,
2929,
15203,
11153,
8960,
2848,
6694,
8960,
6694,
15203,
15203,
6694,
3965,
15203,
3965,
11152,
11153,
15203,
11152,
11153,
11152,
4051,
2251,
10431,
15204,
2251,
15204,
9525,
10431,
3700,
11157,
10431,
11157,
15204,
15204,
11157,
4052,
15204,
4052,
11154,
9525,
15204,
11154,
9525,
11154,
3218,
3218,
11154,
15205,
3218,
15205,
9524,
11154,
4052,
11155,
11154,
11155,
15205,
15205,
11155,
3460,
15205,
3460,
9974,
9524,
15205,
9974,
9524,
9974,
2616,
4052,
11156,
15206,
4052,
15206,
11155,
11156,
3219,
9526,
11156,
9526,
15206,
15206,
9526,
2618,
15206,
2618,
9976,
11155,
15206,
9976,
11155,
9976,
3460,
3700,
10430,
15207,
3700,
15207,
11157,
10430,
2351,
9528,
10430,
9528,
15207,
15207,
9528,
3219,
15207,
3219,
11156,
11157,
15207,
11156,
11157,
11156,
4052,
2799,
10913,
15208,
2799,
15208,
10883,
10913,
3950,
11161,
10913,
11161,
15208,
15208,
11161,
4053,
15208,
4053,
11158,
10883,
15208,
11158,
10883,
11158,
3931,
3931,
11158,
15209,
3931,
15209,
10880,
11158,
4053,
11159,
11158,
11159,
15209,
15209,
11159,
3949,
15209,
3949,
10911,
10880,
15209,
10911,
10880,
10911,
2806,
4053,
11160,
15210,
4053,
15210,
11159,
11160,
2930,
8962,
11160,
8962,
15210,
15210,
8962,
2252,
15210,
2252,
10912,
11159,
15210,
10912,
11159,
10912,
3949,
3950,
10914,
15211,
3950,
15211,
11161,
10914,
2261,
8963,
10914,
8963,
15211,
15211,
8963,
2930,
15211,
2930,
11160,
11161,
15211,
11160,
11161,
11160,
4053,
2250,
8921,
15212,
2250,
15212,
10916,
8921,
2902,
11165,
8921,
11165,
15212,
15212,
11165,
4054,
15212,
4054,
11162,
10916,
15212,
11162,
10916,
11162,
3951,
3951,
11162,
15213,
3951,
15213,
10915,
11162,
4054,
11163,
11162,
11163,
15213,
15213,
11163,
3969,
15213,
3969,
10946,
10915,
15213,
10946,
10915,
10946,
2802,
4054,
11164,
15214,
4054,
15214,
11163,
11164,
3621,
10287,
11164,
10287,
15214,
15214,
10287,
2686,
15214,
2686,
10949,
11163,
15214,
10949,
11163,
10949,
3969,
2902,
8920,
15215,
2902,
15215,
11165,
8920,
2260,
10288,
8920,
10288,
15215,
15215,
10288,
3621,
15215,
3621,
11164,
11165,
15215,
11164,
11165,
11164,
4054,
2472,
9032,
15216,
2472,
15216,
9589,
9032,
2965,
11169,
9032,
11169,
15216,
15216,
11169,
4055,
15216,
4055,
11166,
9589,
15216,
11166,
9589,
11166,
3256,
3256,
11166,
15217,
3256,
15217,
9587,
11166,
4055,
11167,
11166,
11167,
15217,
15217,
11167,
3250,
15217,
3250,
9581,
9587,
15217,
9581,
9587,
9581,
2470,
4055,
11168,
15218,
4055,
15218,
11167,
11168,
2963,
9028,
11168,
9028,
15218,
15218,
9028,
2257,
15218,
2257,
9580,
11167,
15218,
9580,
11167,
9580,
3250,
2965,
9033,
15219,
2965,
15219,
11169,
9033,
2283,
9029,
9033,
9029,
15219,
15219,
9029,
2963,
15219,
2963,
11168,
11169,
15219,
11168,
11169,
11168,
4055,
2468,
9026,
15220,
2468,
15220,
10924,
9026,
2962,
11173,
9026,
11173,
15220,
15220,
11173,
4056,
15220,
4056,
11170,
10924,
15220,
11170,
10924,
11170,
3955,
3955,
11170,
15221,
3955,
15221,
10922,
11170,
4056,
11171,
11170,
11171,
15221,
15221,
11171,
3951,
15221,
3951,
10915,
10922,
15221,
10915,
10922,
10915,
2802,
4056,
11172,
15222,
4056,
15222,
11171,
11172,
2921,
8946,
11172,
8946,
15222,
15222,
8946,
2250,
15222,
2250,
10916,
11171,
15222,
10916,
11171,
10916,
3951,
2962,
9027,
15223,
2962,
15223,
11173,
9027,
2281,
8947,
9027,
8947,
15223,
15223,
8947,
2921,
15223,
2921,
11172,
11173,
15223,
11172,
11173,
11172,
4056,
2835,
11016,
15224,
2835,
15224,
11032,
11016,
3999,
11177,
11016,
11177,
15224,
15224,
11177,
4057,
15224,
4057,
11174,
11032,
15224,
11174,
11032,
11174,
4007,
4007,
11174,
15225,
4007,
15225,
11031,
11174,
4057,
11175,
11174,
11175,
15225,
15225,
11175,
3998,
15225,
3998,
11014,
11031,
15225,
11014,
11031,
11014,
2834,
4057,
11176,
15226,
4057,
15226,
11175,
11176,
2964,
9030,
11176,
9030,
15226,
15226,
9030,
2271,
15226,
2271,
11013,
11175,
15226,
11013,
11175,
11013,
3998,
3999,
11015,
15227,
3999,
15227,
11177,
11015,
2270,
9031,
11015,
9031,
15227,
15227,
9031,
2964,
15227,
2964,
11176,
11177,
15227,
11176,
11177,
11176,
4057,
2350,
10429,
15228,
2350,
15228,
10427,
10429,
3699,
11181,
10429,
11181,
15228,
15228,
11181,
4058,
15228,
4058,
11178,
10427,
15228,
11178,
10427,
11178,
3698,
3698,
11178,
15229,
3698,
15229,
10426,
11178,
4058,
11179,
11178,
11179,
15229,
15229,
11179,
2956,
15229,
2956,
9014,
10426,
15229,
9014,
10426,
9014,
2258,
4058,
11180,
15230,
4058,
15230,
11179,
11180,
2908,
8928,
11180,
8928,
15230,
15230,
8928,
2275,
15230,
2275,
9015,
11179,
15230,
9015,
11179,
9015,
2956,
3699,
10428,
15231,
3699,
15231,
11181,
10428,
2276,
8929,
10428,
8929,
15231,
15231,
8929,
2908,
15231,
2908,
11180,
11181,
15231,
11180,
11181,
11180,
4058,
2255,
9017,
15232,
2255,
15232,
9004,
9017,
2957,
11185,
9017,
11185,
15232,
15232,
11185,
4059,
15232,
4059,
11182,
9004,
15232,
11182,
9004,
11182,
2951,
2951,
11182,
15233,
2951,
15233,
9005,
11182,
4059,
11183,
11182,
11183,
15233,
15233,
11183,
2958,
15233,
2958,
9018,
9005,
15233,
9018,
9005,
9018,
2253,
4059,
11184,
15234,
4059,
15234,
11183,
11184,
2911,
8933,
11184,
8933,
15234,
15234,
8933,
2278,
15234,
2278,
9019,
11183,
15234,
9019,
11183,
9019,
2958,
2957,
9016,
15235,
2957,
15235,
11185,
9016,
2277,
8932,
9016,
8932,
15235,
15235,
8932,
2911,
15235,
2911,
11184,
11185,
15235,
11184,
11185,
11184,
4059,
2251,
9012,
15236,
2251,
15236,
9007,
9012,
2955,
11189,
9012,
11189,
15236,
15236,
11189,
4060,
15236,
4060,
11186,
9007,
15236,
11186,
9007,
11186,
2952,
2952,
11186,
15237,
2952,
15237,
9006,
11186,
4060,
11187,
11186,
11187,
15237,
15237,
11187,
2959,
15237,
2959,
9020,
9006,
15237,
9020,
9006,
9020,
2256,
4060,
11188,
15238,
4060,
15238,
11187,
11188,
2912,
8934,
11188,
8934,
15238,
15238,
8934,
2279,
15238,
2279,
9021,
11187,
15238,
9021,
11187,
9021,
2959,
2955,
9013,
15239,
2955,
15239,
11189,
9013,
2274,
8935,
9013,
8935,
15239,
15239,
8935,
2912,
15239,
2912,
11188,
11189,
15239,
11188,
11189,
11188,
4060,
2254,
9023,
15240,
2254,
15240,
9008,
9023,
2960,
11193,
9023,
11193,
15240,
15240,
11193,
4061,
15240,
4061,
11190,
9008,
15240,
11190,
9008,
11190,
2953,
2953,
11190,
15241,
2953,
15241,
9009,
11190,
4061,
11191,
11190,
11191,
15241,
15241,
11191,
2957,
15241,
2957,
9017,
9009,
15241,
9017,
9009,
9017,
2255,
4061,
11192,
15242,
4061,
15242,
11191,
11192,
2915,
8937,
11192,
8937,
15242,
15242,
8937,
2277,
15242,
2277,
9016,
11191,
15242,
9016,
11191,
9016,
2957,
2960,
9022,
15243,
2960,
15243,
11193,
9022,
2280,
8936,
9022,
8936,
15243,
15243,
8936,
2915,
15243,
2915,
11192,
11193,
15243,
11192,
11193,
11192,
4061,
2256,
9020,
15244,
2256,
15244,
10422,
9020,
2959,
11197,
9020,
11197,
15244,
15244,
11197,
4062,
15244,
4062,
11194,
10422,
15244,
11194,
10422,
11194,
3696,
3696,
11194,
15245,
3696,
15245,
10423,
11194,
4062,
11195,
11194,
11195,
15245,
15245,
11195,
3699,
15245,
3699,
10429,
10423,
15245,
10429,
10423,
10429,
2350,
4062,
11196,
15246,
4062,
15246,
11195,
11196,
2916,
8938,
11196,
8938,
15246,
15246,
8938,
2276,
15246,
2276,
10428,
11195,
15246,
10428,
11195,
10428,
3699,
2959,
9021,
15247,
2959,
15247,
11197,
9021,
2279,
8939,
9021,
8939,
15247,
15247,
8939,
2916,
15247,
2916,
11196,
11197,
15247,
11196,
11197,
11196,
4062,
2258,
9014,
15248,
2258,
15248,
9011,
9014,
2956,
11201,
9014,
11201,
15248,
15248,
11201,
4063,
15248,
4063,
11198,
9011,
15248,
11198,
9011,
11198,
2954,
2954,
11198,
15249,
2954,
15249,
9010,
11198,
4063,
11199,
11198,
11199,
15249,
15249,
11199,
2960,
15249,
2960,
9023,
9010,
15249,
9023,
9010,
9023,
2254,
4063,
11200,
15250,
4063,
15250,
11199,
11200,
2923,
8948,
11200,
8948,
15250,
15250,
8948,
2280,
15250,
2280,
9022,
11199,
15250,
9022,
11199,
9022,
2960,
2956,
9015,
15251,
2956,
15251,
11201,
9015,
2275,
8949,
9015,
8949,
15251,
15251,
8949,
2923,
15251,
2923,
11200,
11201,
15251,
11200,
11201,
11200,
4063,
2257,
8945,
15252,
2257,
15252,
9580,
8945,
2920,
11205,
8945,
11205,
15252,
15252,
11205,
4064,
15252,
4064,
11202,
9580,
15252,
11202,
9580,
11202,
3250,
3250,
11202,
15253,
3250,
15253,
9581,
11202,
4064,
11203,
11202,
11203,
15253,
15253,
11203,
3254,
15253,
3254,
9585,
9581,
15253,
9585,
9581,
9585,
2470,
4064,
11204,
15254,
4064,
15254,
11203,
11204,
2962,
9026,
11204,
9026,
15254,
15254,
9026,
2468,
15254,
2468,
9583,
11203,
15254,
9583,
11203,
9583,
3254,
2920,
8944,
15255,
2920,
15255,
11205,
8944,
2281,
9027,
8944,
9027,
15255,
15255,
9027,
2962,
15255,
2962,
11204,
11205,
15255,
11204,
11205,
11204,
4064,
2278,
8915,
15256,
2278,
15256,
10333,
8915,
2899,
11209,
8915,
11209,
15256,
15256,
11209,
4065,
15256,
4065,
11206,
10333,
15256,
11206,
10333,
11206,
3646,
3646,
11206,
15257,
3646,
15257,
10332,
11206,
4065,
11207,
11206,
11207,
15257,
15257,
11207,
3642,
15257,
3642,
10326,
10332,
15257,
10326,
10332,
10326,
2442,
4065,
11208,
15258,
4065,
15258,
11207,
11208,
3212,
9512,
11208,
9512,
15258,
15258,
9512,
2612,
15258,
2612,
10324,
11207,
15258,
10324,
11207,
10324,
3642,
2899,
8914,
15259,
2899,
15259,
11209,
8914,
2259,
9513,
8914,
9513,
15259,
15259,
9513,
3212,
15259,
3212,
11208,
11209,
15259,
11208,
11209,
11208,
4065,
2452,
9534,
15260,
2452,
15260,
9495,
9534,
3224,
11213,
9534,
11213,
15260,
15260,
11213,
4066,
15260,
4066,
11210,
9495,
15260,
11210,
9495,
11210,
3202,
3202,
11210,
15261,
3202,
15261,
9494,
11210,
4066,
11211,
11210,
11211,
15261,
15261,
11211,
3221,
15261,
3221,
9531,
9494,
15261,
9531,
9494,
9531,
2446,
4566,
13058,
15262,
4566,
15262,
13081,
13058,
3241,
9563,
13058,
9563,
15262,
15262,
9563,
2464,
15262,
2464,
13054,
13081,
15262,
13054,
13081,
13054,
4560,
4562,
9535,
15263,
4562,
15263,
13080,
9535,
2456,
9565,
9535,
9565,
15263,
15263,
9565,
3241,
15263,
3241,
13058,
13080,
15263,
13058,
13080,
13058,
4566,
2451,
9521,
15264,
2451,
15264,
9503,
9521,
3216,
11217,
9521,
11217,
15264,
15264,
11217,
4067,
15264,
4067,
11214,
9503,
15264,
11214,
9503,
11214,
3207,
3207,
11214,
15265,
3207,
15265,
9502,
11214,
4067,
11215,
11214,
11215,
15265,
15265,
11215,
3226,
15265,
3226,
9536,
9502,
15265,
9536,
9502,
9536,
2445,
4567,
13059,
15266,
4567,
15266,
13079,
13059,
3233,
9547,
13059,
9547,
15266,
15266,
9547,
2458,
15266,
2458,
9537,
13079,
15266,
9537,
13079,
9537,
4564,
4559,
13053,
15267,
4559,
15267,
13078,
13053,
2466,
9549,
13053,
9549,
15267,
15267,
9549,
3233,
15267,
3233,
13059,
13078,
15267,
13059,
13078,
13059,
4567,
2806,
10911,
15268,
2806,
15268,
10920,
10911,
3949,
11221,
10911,
11221,
15268,
15268,
11221,
4068,
15268,
4068,
11218,
10920,
15268,
11218,
10920,
11218,
3953,
3953,
11218,
15269,
3953,
15269,
10918,
11218,
4068,
11219,
11218,
11219,
15269,
15269,
11219,
2965,
15269,
2965,
9032,
10918,
15269,
9032,
10918,
9032,
2472,
4068,
11220,
15270,
4068,
15270,
11219,
11220,
2900,
8916,
11220,
8916,
15270,
15270,
8916,
2283,
15270,
2283,
9033,
11219,
15270,
9033,
11219,
9033,
2965,
3949,
10912,
15271,
3949,
15271,
11221,
10912,
2252,
8917,
10912,
8917,
15271,
15271,
8917,
2900,
15271,
2900,
11220,
11221,
15271,
11220,
11221,
11220,
4068,
2312,
9109,
15272,
2312,
15272,
9127,
9109,
3003,
11225,
9109,
11225,
15272,
15272,
11225,
4069,
15272,
4069,
11222,
9127,
15272,
11222,
9127,
11222,
3012,
3012,
11222,
15273,
3012,
15273,
9126,
11222,
4069,
11223,
11222,
11223,
15273,
15273,
11223,
2998,
15273,
2998,
9098,
9126,
15273,
9098,
9126,
9098,
2329,
4069,
11224,
15274,
4069,
15274,
11223,
11224,
2975,
9051,
11224,
9051,
15274,
15274,
9051,
2292,
15274,
2292,
9099,
11223,
15274,
9099,
11223,
9099,
2998,
3003,
9108,
15275,
3003,
15275,
11225,
9108,
2295,
9053,
9108,
9053,
15275,
15275,
9053,
2975,
15275,
2975,
11224,
11225,
15275,
11224,
11225,
11224,
4069,
2327,
9111,
15276,
2327,
15276,
9129,
9111,
3004,
11229,
9111,
11229,
15276,
15276,
11229,
4070,
15276,
4070,
11226,
9129,
15276,
11226,
9129,
11226,
3013,
3013,
11226,
15277,
3013,
15277,
9128,
11226,
4070,
11227,
11226,
11227,
15277,
15277,
11227,
3003,
15277,
3003,
9109,
9128,
15277,
9109,
9128,
9109,
2312,
4070,
11228,
15278,
4070,
15278,
11227,
11228,
2971,
9043,
11228,
9043,
15278,
15278,
9043,
2295,
15278,
2295,
9108,
11227,
15278,
9108,
11227,
9108,
3003,
3004,
9110,
15279,
3004,
15279,
11229,
9110,
2287,
9045,
9110,
9045,
15279,
15279,
9045,
2971,
15279,
2971,
11228,
11229,
15279,
11228,
11229,
11228,
4070,
2313,
9113,
15280,
2313,
15280,
9131,
9113,
3005,
11233,
9113,
11233,
15280,
15280,
11233,
4071,
15280,
4071,
11230,
9131,
15280,
11230,
9131,
11230,
3014,
3014,
11230,
15281,
3014,
15281,
9130,
11230,
4071,
11231,
11230,
11231,
15281,
15281,
11231,
2999,
15281,
2999,
9100,
9130,
15281,
9100,
9130,
9100,
2315,
4071,
11232,
15282,
4071,
15282,
11231,
11232,
2966,
9034,
11232,
9034,
15282,
15282,
9034,
2299,
15282,
2299,
9102,
11231,
15282,
9102,
11231,
9102,
2999,
3005,
9112,
15283,
3005,
15283,
11233,
9112,
2285,
9036,
9112,
9036,
15283,
15283,
9036,
2966,
15283,
2966,
11232,
11233,
15283,
11232,
11233,
11232,
4071,
2329,
9098,
15284,
2329,
15284,
9133,
9098,
2998,
11237,
9098,
11237,
15284,
15284,
11237,
4072,
15284,
4072,
11234,
9133,
15284,
11234,
9133,
11234,
3015,
3015,
11234,
15285,
3015,
15285,
9132,
11234,
4072,
11235,
11234,
11235,
15285,
15285,
11235,
3001,
15285,
3001,
9104,
9132,
15285,
9104,
9132,
9104,
2317,
4072,
11236,
15286,
4072,
15286,
11235,
11236,
2981,
9065,
11236,
9065,
15286,
15286,
9065,
2302,
15286,
2302,
9105,
11235,
15286,
9105,
11235,
9105,
3001,
2998,
9099,
15287,
2998,
15287,
11237,
9099,
2292,
9063,
9099,
9063,
15287,
15287,
9063,
2981,
15287,
2981,
11236,
11237,
15287,
11236,
11237,
11236,
4072,
2314,
9115,
15288,
2314,
15288,
9135,
9115,
3006,
11241,
9115,
11241,
15288,
15288,
11241,
4073,
15288,
4073,
11238,
9135,
15288,
11238,
9135,
11238,
3016,
3016,
11238,
15289,
3016,
15289,
9134,
11238,
4073,
11239,
11238,
11239,
15289,
15289,
11239,
3002,
15289,
3002,
9106,
9134,
15289,
9106,
9134,
9106,
2318,
4073,
11240,
15290,
4073,
15290,
11239,
11240,
2977,
9057,
11240,
9057,
15290,
15290,
9057,
2297,
15290,
2297,
9107,
11239,
15290,
9107,
11239,
9107,
3002,
3006,
9114,
15291,
3006,
15291,
11241,
9114,
2290,
9055,
9114,
9055,
15291,
15291,
9055,
2977,
15291,
2977,
11240,
11241,
15291,
11240,
11241,
11240,
4073,
2318,
9106,
15292,
2318,
15292,
9137,
9106,
3002,
11245,
9106,
11245,
15292,
15292,
11245,
4074,
15292,
4074,
11242,
9137,
15292,
11242,
9137,
11242,
3017,
3017,
11242,
15293,
3017,
15293,
9136,
11242,
4074,
11243,
11242,
11243,
15293,
15293,
11243,
3005,
15293,
3005,
9113,
9136,
15293,
9113,
9136,
9113,
2313,
4074,
11244,
15294,
4074,
15294,
11243,
11244,
2973,
9048,
11244,
9048,
15294,
15294,
9048,
2285,
15294,
2285,
9112,
11243,
15294,
9112,
11243,
9112,
3005,
3002,
9107,
15295,
3002,
15295,
11245,
9107,
2297,
9047,
9107,
9047,
15295,
15295,
9047,
2973,
15295,
2973,
11244,
11245,
15295,
11244,
11245,
11244,
4074,
2317,
9104,
15296,
2317,
15296,
9139,
9104,
3001,
11249,
9104,
11249,
15296,
15296,
11249,
4075,
15296,
4075,
11246,
9139,
15296,
11246,
9139,
11246,
3018,
3018,
11246,
15297,
3018,
15297,
9138,
11246,
4075,
11247,
11246,
11247,
15297,
15297,
11247,
3006,
15297,
3006,
9115,
9138,
15297,
9115,
9138,
9115,
2314,
4075,
11248,
15298,
4075,
15298,
11247,
11248,
2969,
9041,
11248,
9041,
15298,
15298,
9041,
2290,
15298,
2290,
9114,
11247,
15298,
9114,
11247,
9114,
3006,
3001,
9105,
15299,
3001,
15299,
11249,
9105,
2302,
9039,
9105,
9039,
15299,
15299,
9039,
2969,
15299,
2969,
11248,
11249,
15299,
11248,
11249,
11248,
4075,
2331,
9222,
15300,
2331,
15300,
9150,
9222,
3060,
11253,
9222,
11253,
15300,
15300,
11253,
4076,
15300,
4076,
11250,
9150,
15300,
11250,
9150,
11250,
3024,
3024,
11250,
15301,
3024,
15301,
9151,
11250,
4076,
11251,
11250,
11251,
15301,
15301,
11251,
3061,
15301,
3061,
9224,
9151,
15301,
9224,
9151,
9224,
2330,
4076,
11252,
15302,
4076,
15302,
11251,
11252,
3045,
9194,
11252,
9194,
15302,
15302,
9194,
2344,
15302,
2344,
9225,
11251,
15302,
9225,
11251,
9225,
3061,
3060,
9223,
15303,
3060,
15303,
11253,
9223,
2342,
9192,
9223,
9192,
15303,
15303,
9192,
3045,
15303,
3045,
11252,
11253,
15303,
11252,
11253,
11252,
4076,
2346,
9208,
15304,
2346,
15304,
9227,
9208,
3053,
11257,
9208,
11257,
15304,
15304,
11257,
4077,
15304,
4077,
11254,
9227,
15304,
11254,
9227,
11254,
3062,
3062,
11254,
15305,
3062,
15305,
9226,
11254,
4077,
11255,
11254,
11255,
15305,
15305,
11255,
3028,
15305,
3028,
9158,
9226,
15305,
9158,
9226,
9158,
2323,
4077,
11256,
15306,
4077,
15306,
11255,
11256,
3055,
9213,
11256,
9213,
15306,
15306,
9213,
2322,
15306,
2322,
9159,
11255,
15306,
9159,
11255,
9159,
3028,
3053,
9210,
15307,
3053,
15307,
11257,
9210,
2332,
9212,
9210,
9212,
15307,
15307,
9212,
3055,
15307,
3055,
11256,
11257,
15307,
11256,
11257,
11256,
4077,
2332,
9204,
15308,
2332,
15308,
9212,
9204,
3051,
11261,
9204,
11261,
15308,
15308,
11261,
4078,
15308,
4078,
11258,
9212,
15308,
11258,
9212,
11258,
3055,
3055,
11258,
15309,
3055,
15309,
9213,
11258,
4078,
11259,
11258,
11259,
15309,
15309,
11259,
3027,
15309,
3027,
9156,
9213,
15309,
9156,
9213,
9156,
2322,
4078,
11260,
15310,
4078,
15310,
11259,
11260,
3063,
9228,
11260,
9228,
15310,
15310,
9228,
2324,
15310,
2324,
9157,
11259,
15310,
9157,
11259,
9157,
3027,
3051,
9206,
15311,
3051,
15311,
11261,
9206,
2348,
9229,
9206,
9229,
15311,
15311,
9229,
3063,
15311,
3063,
11260,
11261,
15311,
11260,
11261,
11260,
4078,
2334,
9200,
15312,
2334,
15312,
9214,
9200,
3049,
11265,
9200,
11265,
15312,
15312,
11265,
4079,
15312,
4079,
11262,
9214,
15312,
11262,
9214,
11262,
3056,
3056,
11262,
15313,
3056,
15313,
9215,
11262,
4079,
11263,
11262,
11263,
15313,
15313,
11263,
3026,
15313,
3026,
9154,
9215,
15313,
9154,
9215,
9154,
2321,
4079,
11264,
15314,
4079,
15314,
11263,
11264,
3059,
9221,
11264,
9221,
15314,
15314,
9221,
2325,
15314,
2325,
9155,
11263,
15314,
9155,
11263,
9155,
3026,
3049,
9202,
15315,
3049,
15315,
11265,
9202,
2340,
9220,
9202,
9220,
15315,
15315,
9220,
3059,
15315,
3059,
11264,
11265,
15315,
11264,
11265,
11264,
4079,
2336,
9196,
15316,
2336,
15316,
9216,
9196,
3047,
11269,
9196,
11269,
15316,
15316,
11269,
4080,
15316,
4080,
11266,
9216,
15316,
11266,
9216,
11266,
3057,
3057,
11266,
15317,
3057,
15317,
9218,
11266,
4080,
11267,
11266,
11267,
15317,
15317,
11267,
3025,
15317,
3025,
9152,
9218,
15317,
9152,
9218,
9152,
2319,
4080,
11268,
15318,
4080,
15318,
11267,
11268,
3062,
9226,
11268,
9226,
15318,
15318,
9226,
2323,
15318,
2323,
9153,
11267,
15318,
9153,
11267,
9153,
3025,
3047,
9198,
15319,
3047,
15319,
11269,
9198,
2346,
9227,
9198,
9227,
15319,
15319,
9227,
3062,
15319,
3062,
11268,
11269,
15319,
11268,
11269,
11268,
4080,
2320,
9069,
15320,
2320,
15320,
9163,
9069,
2984,
11273,
9069,
11273,
15320,
15320,
11273,
4081,
15320,
4081,
11270,
9163,
15320,
11270,
9163,
11270,
3030,
3030,
11270,
15321,
3030,
15321,
9162,
11270,
4081,
11271,
11270,
11271,
15321,
15321,
11271,
3020,
15321,
3020,
9143,
9162,
15321,
9143,
9162,
9143,
2330,
4081,
11272,
15322,
4081,
15322,
11271,
11272,
2990,
9082,
11272,
9082,
15322,
15322,
9082,
2328,
15322,
2328,
9142,
11271,
15322,
9142,
11271,
9142,
3020,
2984,
9071,
15323,
2984,
15323,
11273,
9071,
2305,
9083,
9071,
9083,
15323,
15323,
9083,
2990,
15323,
2990,
11272,
11273,
15323,
11272,
11273,
11272,
4081,
2321,
9072,
15324,
2321,
15324,
9161,
9072,
2985,
11277,
9072,
11277,
15324,
15324,
11277,
4082,
15324,
4082,
11274,
9161,
15324,
11274,
9161,
11274,
3029,
3029,
11274,
15325,
3029,
15325,
9160,
11274,
4082,
11275,
11274,
11275,
15325,
15325,
11275,
3022,
15325,
3022,
9147,
9160,
15325,
9147,
9160,
9147,
2324,
4082,
11276,
15326,
4082,
15326,
11275,
11276,
2991,
9084,
11276,
9084,
15326,
15326,
9084,
2311,
15326,
2311,
9146,
11275,
15326,
9146,
11275,
9146,
3022,
2985,
9073,
15327,
2985,
15327,
11277,
9073,
2306,
9085,
9073,
9085,
15327,
15327,
9085,
2991,
15327,
2991,
11276,
11277,
15327,
11276,
11277,
11276,
4082,
2322,
9074,
15328,
2322,
15328,
9159,
9074,
2986,
11281,
9074,
11281,
15328,
15328,
11281,
4083,
15328,
4083,
11278,
9159,
15328,
11278,
9159,
11278,
3028,
3028,
11278,
15329,
3028,
15329,
9158,
11278,
4083,
11279,
11278,
11279,
15329,
15329,
11279,
3021,
15329,
3021,
9145,
9158,
15329,
9145,
9158,
9145,
2323,
4083,
11280,
15330,
4083,
15330,
11279,
11280,
2992,
9086,
11280,
9086,
15330,
15330,
9086,
2310,
15330,
2310,
9144,
11279,
15330,
9144,
11279,
9144,
3021,
2986,
9075,
15331,
2986,
15331,
11281,
9075,
2307,
9087,
9075,
9087,
15331,
15331,
9087,
2992,
15331,
2992,
11280,
11281,
15331,
11280,
11281,
11280,
4083,
2324,
9147,
15332,
2324,
15332,
9157,
9147,
3022,
11285,
9147,
11285,
15332,
15332,
11285,
4084,
15332,
4084,
11282,
9157,
15332,
11282,
9157,
11282,
3027,
3027,
11282,
15333,
3027,
15333,
9156,
11282,
4084,
11283,
11282,
11283,
15333,
15333,
11283,
2986,
15333,
2986,
9074,
9156,
15333,
9074,
9156,
9074,
2322,
4084,
11284,
15334,
4084,
15334,
11283,
11284,
2993,
9088,
11284,
9088,
15334,
15334,
9088,
2307,
15334,
2307,
9075,
11283,
15334,
9075,
11283,
9075,
2986,
3022,
9146,
15335,
3022,
15335,
11285,
9146,
2311,
9089,
9146,
9089,
15335,
15335,
9089,
2993,
15335,
2993,
11284,
11285,
15335,
11284,
11285,
11284,
4084,
2325,
9066,
15336,
2325,
15336,
9155,
9066,
2982,
11289,
9066,
11289,
15336,
15336,
11289,
4085,
15336,
4085,
11286,
9155,
15336,
11286,
9155,
11286,
3026,
3026,
11286,
15337,
3026,
15337,
9154,
11286,
4085,
11287,
11286,
11287,
15337,
15337,
11287,
2985,
15337,
2985,
9072,
9154,
15337,
9072,
9154,
9072,
2321,
4085,
11288,
15338,
4085,
15338,
11287,
11288,
2994,
9090,
11288,
9090,
15338,
15338,
9090,
2306,
15338,
2306,
9073,
11287,
15338,
9073,
11287,
9073,
2985,
2982,
9067,
15339,
2982,
15339,
11289,
9067,
2326,
9091,
9067,
9091,
15339,
15339,
9091,
2994,
15339,
2994,
11288,
11289,
15339,
11288,
11289,
11288,
4085,
2323,
9145,
15340,
2323,
15340,
9153,
9145,
3021,
11293,
9145,
11293,
15340,
15340,
11293,
4086,
15340,
4086,
11290,
9153,
15340,
11290,
9153,
11290,
3025,
3025,
11290,
15341,
3025,
15341,
9152,
11290,
4086,
11291,
11290,
11291,
15341,
15341,
11291,
2983,
15341,
2983,
9068,
9152,
15341,
9068,
9152,
9068,
2319,
4086,
11292,
15342,
4086,
15342,
11291,
11292,
2995,
9092,
11292,
9092,
15342,
15342,
9092,
2304,
15342,
2304,
9070,
11291,
15342,
9070,
11291,
9070,
2983,
3021,
9144,
15343,
3021,
15343,
11293,
9144,
2310,
9093,
9144,
9093,
15343,
15343,
9093,
2995,
15343,
2995,
11292,
11293,
15343,
11292,
11293,
11292,
4086,
2309,
9095,
15344,
2309,
15344,
9177,
9095,
2996,
11297,
9095,
11297,
15344,
15344,
11297,
4087,
15344,
4087,
11294,
9177,
15344,
11294,
9177,
11294,
3037,
3037,
11294,
15345,
3037,
15345,
9176,
11294,
4087,
11295,
11294,
11295,
15345,
15345,
11295,
3024,
15345,
3024,
9151,
9176,
15345,
9151,
9176,
9151,
2330,
4087,
11296,
15346,
4087,
15346,
11295,
11296,
3038,
9179,
11296,
9179,
15346,
15346,
9179,
2331,
15346,
2331,
9150,
11295,
15346,
9150,
11295,
9150,
3024,
2996,
9094,
15347,
2996,
15347,
11297,
9094,
2308,
9178,
9094,
9178,
15347,
15347,
9178,
3038,
15347,
3038,
11296,
11297,
15347,
11296,
11297,
11296,
4087,
2308,
9097,
15348,
2308,
15348,
9178,
9097,
2997,
11301,
9097,
11301,
15348,
15348,
11301,
4088,
15348,
4088,
11298,
9178,
15348,
11298,
9178,
11298,
3038,
3038,
11298,
15349,
3038,
15349,
9179,
11298,
4088,
11299,
11298,
11299,
15349,
15349,
11299,
3023,
15349,
3023,
9149,
9179,
15349,
9149,
9179,
9149,
2331,
4088,
11300,
15350,
4088,
15350,
11299,
11300,
3032,
9167,
11300,
9167,
15350,
15350,
9167,
2325,
15350,
2325,
9148,
11299,
15350,
9148,
11299,
9148,
3023,
2997,
9096,
15351,
2997,
15351,
11301,
9096,
2303,
9166,
9096,
9166,
15351,
15351,
9166,
3032,
15351,
3032,
11300,
11301,
15351,
11300,
11301,
11300,
4088,
2303,
9096,
15352,
2303,
15352,
9173,
9096,
2997,
11305,
9096,
11305,
15352,
15352,
11305,
4089,
15352,
4089,
11302,
9173,
15352,
11302,
9173,
11302,
3035,
3035,
11302,
15353,
3035,
15353,
9172,
11302,
4089,
11303,
11302,
11303,
15353,
15353,
11303,
3012,
15353,
3012,
9126,
9172,
15353,
9126,
9172,
9126,
2329,
4089,
11304,
15354,
4089,
15354,
11303,
11304,
3036,
9174,
11304,
9174,
15354,
15354,
9174,
2312,
15354,
2312,
9127,
11303,
15354,
9127,
11303,
9127,
3012,
2997,
9097,
15355,
2997,
15355,
11305,
9097,
2308,
9175,
9097,
9175,
15355,
15355,
9175,
3036,
15355,
3036,
11304,
11305,
15355,
11304,
11305,
11304,
4089,
2310,
9079,
15356,
2310,
15356,
9093,
9079,
2988,
11309,
9079,
11309,
15356,
15356,
11309,
4090,
15356,
4090,
11306,
9093,
15356,
11306,
9093,
11306,
2995,
2995,
11306,
15357,
2995,
15357,
9092,
11306,
4090,
11307,
11306,
11307,
15357,
15357,
11307,
3008,
15357,
3008,
9118,
9092,
15357,
9118,
9092,
9118,
2304,
4090,
11308,
15358,
4090,
15358,
11307,
11308,
3014,
9130,
11308,
9130,
15358,
15358,
9130,
2315,
15358,
2315,
9120,
11307,
15358,
9120,
11307,
9120,
3008,
2988,
9078,
15359,
2988,
15359,
11309,
9078,
2313,
9131,
9078,
9131,
15359,
15359,
9131,
3014,
15359,
3014,
11308,
11309,
15359,
11308,
11309,
11308,
4090,
2326,
9116,
15360,
2326,
15360,
9091,
9116,
3007,
11313,
9116,
11313,
15360,
15360,
11313,
4091,
15360,
4091,
11310,
9091,
15360,
11310,
9091,
11310,
2994,
2994,
11310,
15361,
2994,
15361,
9090,
11310,
4091,
11311,
11310,
11311,
15361,
15361,
11311,
3010,
15361,
3010,
9122,
9090,
15361,
9122,
9090,
9122,
2306,
4091,
11312,
15362,
4091,
15362,
11311,
11312,
3015,
9132,
11312,
9132,
15362,
15362,
9132,
2317,
15362,
2317,
9123,
11311,
15362,
9123,
11311,
9123,
3010,
3007,
9117,
15363,
3007,
15363,
11313,
9117,
2329,
9133,
9117,
9133,
15363,
15363,
9133,
3015,
15363,
3015,
11312,
11313,
15363,
11312,
11313,
11312,
4091,
2311,
9081,
15364,
2311,
15364,
9089,
9081,
2989,
11317,
9081,
11317,
15364,
15364,
11317,
4092,
15364,
4092,
11314,
9089,
15364,
11314,
9089,
11314,
2993,
2993,
11314,
15365,
2993,
15365,
9088,
11314,
4092,
11315,
11314,
11315,
15365,
15365,
11315,
3011,
15365,
3011,
9124,
9088,
15365,
9124,
9088,
9124,
2307,
4092,
11316,
15366,
4092,
15366,
11315,
11316,
3016,
9134,
11316,
9134,
15366,
15366,
9134,
2318,
15366,
2318,
9125,
11315,
15366,
9125,
11315,
9125,
3011,
2989,
9080,
15367,
2989,
15367,
11317,
9080,
2314,
9135,
9080,
9135,
15367,
15367,
9135,
3016,
15367,
3016,
11316,
11317,
15367,
11316,
11317,
11316,
4092,
2307,
9124,
15368,
2307,
15368,
9087,
9124,
3011,
11321,
9124,
11321,
15368,
15368,
11321,
4093,
15368,
4093,
11318,
9087,
15368,
11318,
9087,
11318,
2992,
2992,
11318,
15369,
2992,
15369,
9086,
11318,
4093,
11319,
11318,
11319,
15369,
15369,
11319,
2988,
15369,
2988,
9079,
9086,
15369,
9079,
9086,
9079,
2310,
4093,
11320,
15370,
4093,
15370,
11319,
11320,
3017,
9136,
11320,
9136,
15370,
15370,
9136,
2313,
15370,
2313,
9078,
11319,
15370,
9078,
11319,
9078,
2988,
3011,
9125,
15371,
3011,
15371,
11321,
9125,
2318,
9137,
9125,
9137,
15371,
15371,
9137,
3017,
15371,
3017,
11320,
11321,
15371,
11320,
11321,
11320,
4093,
2306,
9122,
15372,
2306,
15372,
9085,
9122,
3010,
11325,
9122,
11325,
15372,
15372,
11325,
4094,
15372,
4094,
11322,
9085,
15372,
11322,
9085,
11322,
2991,
2991,
11322,
15373,
2991,
15373,
9084,
11322,
4094,
11323,
11322,
11323,
15373,
15373,
11323,
2989,
15373,
2989,
9081,
9084,
15373,
9081,
9084,
9081,
2311,
4094,
11324,
15374,
4094,
15374,
11323,
11324,
3018,
9138,
11324,
9138,
15374,
15374,
9138,
2314,
15374,
2314,
9080,
11323,
15374,
9080,
11323,
9080,
2989,
3010,
9123,
15375,
3010,
15375,
11325,
9123,
2317,
9139,
9123,
9139,
15375,
15375,
9139,
3018,
15375,
3018,
11324,
11325,
15375,
11324,
11325,
11324,
4094,
2305,
9119,
15376,
2305,
15376,
9083,
9119,
3009,
11329,
9119,
11329,
15376,
15376,
11329,
4095,
15376,
4095,
11326,
9083,
15376,
11326,
9083,
11326,
2990,
2990,
11326,
15377,
2990,
15377,
9082,
11326,
4095,
11327,
11326,
11327,
15377,
15377,
11327,
2987,
15377,
2987,
9077,
9082,
15377,
9077,
9082,
9077,
2328,
4095,
11328,
15378,
4095,
15378,
11327,
11328,
3019,
9140,
11328,
9140,
15378,
15378,
9140,
2327,
15378,
2327,
9076,
11327,
15378,
9076,
11327,
9076,
2987,
3009,
9121,
15379,
3009,
15379,
11329,
9121,
2316,
9141,
9121,
9141,
15379,
15379,
9141,
3019,
15379,
3019,
11328,
11329,
15379,
11328,
11329,
11328,
4095,
2348,
9180,
15380,
2348,
15380,
9229,
9180,
3039,
11333,
9180,
11333,
15380,
15380,
11333,
4096,
15380,
4096,
11330,
9229,
15380,
11330,
9229,
11330,
3063,
3063,
11330,
15381,
3063,
15381,
9228,
11330,
4096,
11331,
11330,
11331,
15381,
15381,
11331,
3029,
15381,
3029,
9160,
9228,
15381,
9160,
9228,
9160,
2324,
4096,
11332,
15382,
4096,
15382,
11331,
11332,
3056,
9215,
11332,
9215,
15382,
15382,
9215,
2321,
15382,
2321,
9161,
11331,
15382,
9161,
11331,
9161,
3029,
3039,
9182,
15383,
3039,
15383,
11333,
9182,
2334,
9214,
9182,
9214,
15383,
15383,
9214,
3056,
15383,
3056,
11332,
11333,
15383,
11332,
11333,
11332,
4096,
2344,
9184,
15384,
2344,
15384,
9225,
9184,
3041,
11337,
9184,
11337,
15384,
15384,
11337,
4097,
15384,
4097,
11334,
9225,
15384,
11334,
9225,
11334,
3061,
3061,
11334,
15385,
3061,
15385,
9224,
11334,
4097,
11335,
11334,
11335,
15385,
15385,
11335,
3030,
15385,
3030,
9162,
9224,
15385,
9162,
9224,
9162,
2330,
4097,
11336,
15386,
4097,
15386,
11335,
11336,
3058,
9219,
11336,
9219,
15386,
15386,
9219,
2320,
15386,
2320,
9163,
11335,
15386,
9163,
11335,
9163,
3030,
3041,
9186,
15387,
3041,
15387,
11337,
9186,
2337,
9217,
9186,
9217,
15387,
15387,
9217,
3058,
15387,
3058,
11336,
11337,
15387,
11336,
11337,
11336,
4097,
2303,
9165,
15388,
2303,
15388,
9166,
9165,
3031,
11340,
9165,
11340,
15388,
15388,
11340,
4098,
15388,
4098,
11338,
9166,
15388,
11338,
9166,
11338,
3032,
2325,
9167,
15389,
2325,
15389,
9066,
9167,
3032,
11338,
9167,
11338,
15389,
15389,
11338,
4098,
15389,
4098,
11339,
9066,
15389,
11339,
9066,
11339,
2982,
2326,
9067,
15390,
2326,
15390,
9164,
9067,
2982,
11339,
9067,
11339,
15390,
15390,
11339,
4098,
15390,
4098,
11340,
9164,
15390,
11340,
9164,
11340,
3031,
2309,
9169,
15391,
2309,
15391,
9170,
9169,
3033,
11343,
9169,
11343,
15391,
15391,
11343,
4099,
15391,
4099,
11341,
9170,
15391,
11341,
9170,
11341,
3034,
2327,
9171,
15392,
2327,
15392,
9076,
9171,
3034,
11341,
9171,
11341,
15392,
15392,
11341,
4099,
15392,
4099,
11342,
9076,
15392,
11342,
9076,
11342,
2987,
2328,
9077,
15393,
2328,
15393,
9168,
9077,
2987,
11342,
9077,
11342,
15393,
15393,
11342,
4099,
15393,
4099,
11343,
9168,
15393,
11343,
9168,
11343,
3033,
2303,
9173,
15394,
2303,
15394,
9165,
9173,
3035,
11346,
9173,
11346,
15394,
15394,
11346,
4100,
15394,
4100,
11344,
9165,
15394,
11344,
9165,
11344,
3031,
2326,
9164,
15395,
2326,
15395,
9116,
9164,
3031,
11344,
9164,
11344,
15395,
15395,
11344,
4100,
15395,
4100,
11345,
9116,
15395,
11345,
9116,
11345,
3007,
2329,
9117,
15396,
2329,
15396,
9172,
9117,
3007,
11345,
9117,
11345,
15396,
15396,
11345,
4100,
15396,
4100,
11346,
9172,
15396,
11346,
9172,
11346,
3035,
2309,
9177,
15397,
2309,
15397,
9169,
9177,
3037,
11349,
9177,
11349,
15397,
15397,
11349,
4101,
15397,
4101,
11347,
9169,
15397,
11347,
9169,
11347,
3033,
2328,
9168,
15398,
2328,
15398,
9142,
9168,
3033,
11347,
9168,
11347,
15398,
15398,
11347,
4101,
15398,
4101,
11348,
9142,
15398,
11348,
9142,
11348,
3020,
2330,
9143,
15399,
2330,
15399,
9176,
9143,
3020,
11348,
9143,
11348,
15399,
15399,
11348,
4101,
15399,
4101,
11349,
9176,
15399,
11349,
9176,
11349,
3037,
2308,
9094,
15400,
2308,
15400,
9175,
9094,
2996,
11353,
9094,
11353,
15400,
15400,
11353,
4102,
15400,
4102,
11350,
9175,
15400,
11350,
9175,
11350,
3036,
3036,
11350,
15401,
3036,
15401,
9174,
11350,
4102,
11351,
11350,
11351,
15401,
15401,
11351,
3013,
15401,
3013,
9128,
9174,
15401,
9128,
9174,
9128,
2312,
4102,
11352,
15402,
4102,
15402,
11351,
11352,
3034,
9171,
11352,
9171,
15402,
15402,
9171,
2327,
15402,
2327,
9129,
11351,
15402,
9129,
11351,
9129,
3013,
2996,
9095,
15403,
2996,
15403,
11353,
9095,
2309,
9170,
9095,
9170,
15403,
15403,
9170,
3034,
15403,
3034,
11352,
11353,
15403,
11352,
11353,
11352,
4102,
2831,
10238,
15404,
2831,
15404,
11030,
10238,
3598,
11357,
10238,
11357,
15404,
15404,
11357,
4103,
15404,
4103,
11354,
11030,
15404,
11354,
11030,
11354,
4006,
4006,
11354,
15405,
4006,
15405,
11029,
11354,
4103,
11355,
11354,
11355,
15405,
15405,
11355,
3595,
15405,
3595,
10234,
11029,
15405,
10234,
11029,
10234,
2829,
4103,
11356,
15406,
4103,
15406,
11355,
11356,
2946,
8994,
11356,
8994,
15406,
15406,
8994,
2282,
15406,
2282,
10235,
11355,
15406,
10235,
11355,
10235,
3595,
3598,
10239,
15407,
3598,
15407,
11357,
10239,
2273,
8995,
10239,
8995,
15407,
15407,
8995,
2946,
15407,
2946,
11356,
11357,
15407,
11356,
11357,
11356,
4103,
2832,
10240,
15408,
2832,
15408,
11028,
10240,
3599,
11361,
10240,
11361,
15408,
15408,
11361,
4104,
15408,
4104,
11358,
11028,
15408,
11358,
11028,
11358,
4005,
4005,
11358,
15409,
4005,
15409,
11027,
11358,
4104,
11359,
11358,
11359,
15409,
15409,
11359,
3596,
15409,
3596,
10236,
11027,
15409,
10236,
11027,
10236,
2830,
4104,
11360,
15410,
4104,
15410,
11359,
11360,
2949,
9000,
11360,
9000,
15410,
15410,
9000,
2353,
15410,
2353,
10237,
11359,
15410,
10237,
11359,
10237,
3596,
3599,
10241,
15411,
3599,
15411,
11361,
10241,
2284,
9001,
10241,
9001,
15411,
15411,
9001,
2949,
15411,
2949,
11360,
11361,
15411,
11360,
11361,
11360,
4104,
2830,
10236,
15412,
2830,
15412,
11026,
10236,
3596,
11365,
10236,
11365,
15412,
15412,
11365,
4105,
15412,
4105,
11362,
11026,
15412,
11362,
11026,
11362,
4004,
4004,
11362,
15413,
4004,
15413,
11025,
11362,
4105,
11363,
11362,
11363,
15413,
15413,
11363,
3597,
15413,
3597,
5962,
11025,
15413,
5962,
11025,
5962,
2897,
4105,
11364,
15414,
4105,
15414,
11363,
11364,
2950,
9002,
11364,
9002,
15414,
15414,
9002,
2857,
15414,
2857,
5963,
11363,
15414,
5963,
11363,
5963,
3597,
3596,
10237,
15415,
3596,
15415,
11365,
10237,
2353,
9003,
10237,
9003,
15415,
15415,
9003,
2950,
15415,
2950,
11364,
11365,
15415,
11364,
11365,
11364,
4105,
2253,
10436,
15416,
2253,
15416,
10419,
10436,
3703,
11369,
10436,
11369,
15416,
15416,
11369,
4106,
15416,
4106,
11366,
10419,
15416,
11366,
10419,
11366,
3694,
4535,
13035,
15417,
4535,
15417,
13007,
13035,
4540,
13012,
13035,
13012,
15417,
15417,
13012,
3042,
15417,
3042,
9185,
13007,
15417,
9185,
13007,
9185,
2345,
4540,
13034,
15418,
4540,
15418,
13012,
13034,
4532,
13004,
13034,
13004,
15418,
15418,
13004,
2339,
15418,
2339,
9187,
13012,
15418,
9187,
13012,
9187,
3042,
3703,
10437,
15419,
3703,
15419,
11369,
10437,
2352,
9233,
10437,
9233,
15419,
15419,
9233,
3065,
15419,
3065,
11368,
11369,
15419,
11368,
11369,
11368,
4106,
2254,
9008,
15420,
2254,
15420,
10434,
9008,
2953,
11373,
9008,
11373,
15420,
15420,
11373,
4107,
15420,
4107,
11370,
10434,
15420,
11370,
10434,
11370,
3702,
4539,
13033,
15421,
4539,
15421,
10435,
13033,
4541,
13013,
13033,
13013,
15421,
15421,
13013,
3044,
15421,
3044,
9189,
10435,
15421,
9189,
10435,
9189,
2341,
4541,
13032,
15422,
4541,
15422,
13013,
13032,
4534,
10417,
13032,
10417,
15422,
15422,
10417,
2343,
15422,
2343,
9191,
13013,
15422,
9191,
13013,
9191,
3044,
2953,
9009,
15423,
2953,
15423,
11373,
9009,
2255,
10416,
9009,
10416,
15423,
15423,
10416,
3693,
15423,
3693,
11372,
11373,
15423,
11372,
11373,
11372,
4107,
2255,
9004,
15424,
2255,
15424,
10416,
9004,
2951,
11377,
9004,
11377,
15424,
15424,
11377,
4108,
15424,
4108,
11374,
10416,
15424,
11374,
10416,
11374,
3693,
4534,
13031,
15425,
4534,
15425,
10417,
13031,
4542,
13014,
13031,
13014,
15425,
15425,
13014,
3046,
15425,
3046,
9193,
10417,
15425,
9193,
10417,
9193,
2343,
4542,
13030,
15426,
4542,
15426,
13014,
13030,
4535,
13007,
13030,
13007,
15426,
15426,
13007,
2345,
15426,
2345,
9195,
13014,
15426,
9195,
13014,
9195,
3046,
2951,
9005,
15427,
2951,
15427,
11377,
9005,
2253,
10419,
9005,
10419,
15427,
15427,
10419,
3694,
15427,
3694,
11376,
11377,
15427,
11376,
11377,
11376,
4108,
2351,
10430,
15428,
2351,
15428,
9232,
10430,
3700,
11381,
10430,
11381,
15428,
15428,
11381,
4109,
15428,
4109,
11378,
9232,
15428,
11378,
9232,
11378,
3064,
4531,
13029,
15429,
4531,
15429,
13003,
13029,
4543,
13015,
13029,
13015,
15429,
15429,
13015,
3048,
15429,
3048,
9197,
13003,
15429,
9197,
13003,
9197,
2338,
4543,
13028,
15430,
4543,
15430,
13015,
13028,
4536,
10421,
13028,
10421,
15430,
15430,
10421,
2347,
15430,
2347,
9199,
13015,
15430,
9199,
13015,
9199,
3048,
3700,
10431,
15431,
3700,
15431,
11381,
10431,
2251,
10420,
10431,
10420,
15431,
15431,
10420,
3695,
15431,
3695,
11380,
11381,
15431,
11380,
11381,
11380,
4109,
2258,
9011,
15432,
2258,
15432,
10433,
9011,
2954,
11385,
9011,
11385,
15432,
15432,
11385,
4110,
15432,
4110,
11382,
10433,
15432,
11382,
10433,
11382,
3701,
4538,
13027,
15433,
4538,
15433,
13010,
13027,
4544,
13016,
13027,
13016,
15433,
15433,
13016,
3050,
15433,
3050,
9201,
13010,
15433,
9201,
13010,
9201,
2335,
4544,
13026,
15434,
4544,
15434,
13016,
13026,
4539,
10435,
13026,
10435,
15434,
15434,
10435,
2341,
15434,
2341,
9203,
13016,
15434,
9203,
13016,
9203,
3050,
2954,
9010,
15435,
2954,
15435,
11385,
9010,
2254,
10434,
9010,
10434,
15435,
15435,
10434,
3702,
15435,
3702,
11384,
11385,
15435,
11384,
11385,
11384,
4110,
2256,
10422,
15436,
2256,
15436,
10425,
10422,
3696,
11389,
10422,
11389,
15436,
15436,
11389,
4111,
15436,
4111,
11386,
10425,
15436,
11386,
10425,
11386,
3697,
4537,
13025,
15437,
4537,
15437,
13009,
13025,
4545,
13017,
13025,
13017,
15437,
15437,
13017,
3052,
15437,
3052,
9205,
13009,
15437,
9205,
13009,
9205,
2333,
4545,
13024,
15438,
4545,
15438,
13017,
13024,
4533,
9235,
13024,
9235,
15438,
15438,
9235,
2349,
15438,
2349,
9207,
13017,
15438,
9207,
13017,
9207,
3052,
3696,
10423,
15439,
3696,
15439,
11389,
10423,
2350,
9234,
10423,
9234,
15439,
15439,
9234,
3066,
15439,
3066,
11388,
11389,
15439,
11388,
11389,
11388,
4111,
2251,
9007,
15440,
2251,
15440,
10420,
9007,
2952,
11393,
9007,
11393,
15440,
15440,
11393,
4112,
15440,
4112,
11390,
10420,
15440,
11390,
10420,
11390,
3695,
4536,
13023,
15441,
4536,
15441,
10421,
13023,
4546,
13018,
13023,
13018,
15441,
15441,
13018,
3054,
15441,
3054,
9209,
10421,
15441,
9209,
10421,
9209,
2347,
4546,
13022,
15442,
4546,
15442,
13018,
13022,
4537,
13009,
13022,
13009,
15442,
15442,
13009,
2333,
15442,
2333,
9211,
13018,
15442,
9211,
13018,
9211,
3054,
2952,
9006,
15443,
2952,
15443,
11393,
9006,
2256,
10425,
9006,
10425,
15443,
15443,
10425,
3697,
15443,
3697,
11392,
11393,
15443,
11392,
11393,
11392,
4112,
2350,
10427,
15444,
2350,
15444,
9234,
10427,
3698,
11397,
10427,
11397,
15444,
15444,
11397,
4113,
15444,
4113,
11394,
9234,
15444,
11394,
9234,
11394,
3066,
4533,
13021,
15445,
4533,
15445,
9235,
13021,
4547,
13019,
13021,
13019,
15445,
15445,
13019,
3040,
15445,
3040,
9181,
9235,
15445,
9181,
9235,
9181,
2349,
4547,
13020,
15446,
4547,
15446,
13019,
13020,
4538,
13010,
13020,
13010,
15446,
15446,
13010,
2335,
15446,
2335,
9183,
13019,
15446,
9183,
13019,
9183,
3040,
3698,
10426,
15447,
3698,
15447,
11397,
10426,
2258,
10433,
10426,
10433,
15447,
15447,
10433,
3701,
15447,
3701,
11396,
11397,
15447,
11396,
11397,
11396,
4113,
2849,
8925,
15448,
2849,
15448,
6070,
8925,
2904,
11401,
8925,
11401,
15448,
15448,
11401,
4114,
15448,
4114,
11398,
6070,
15448,
11398,
6070,
11398,
3649,
3649,
11398,
15449,
3649,
15449,
6071,
11398,
4114,
11399,
11398,
11399,
15449,
15449,
11399,
3205,
15449,
3205,
9500,
6071,
15449,
9500,
6071,
9500,
2864,
4114,
11400,
15450,
4114,
15450,
11399,
11400,
3648,
10335,
11400,
10335,
15450,
15450,
10335,
2447,
15450,
2447,
9498,
11399,
15450,
9498,
11399,
9498,
3205,
2904,
8924,
15451,
2904,
15451,
11401,
8924,
2262,
10334,
8924,
10334,
15451,
15451,
10334,
3648,
15451,
3648,
11400,
11401,
15451,
11400,
11401,
11400,
4114,
2361,
8975,
15452,
2361,
15452,
9269,
8975,
2936,
11405,
8975,
11405,
15452,
15452,
11405,
4115,
15452,
4115,
11402,
9269,
15452,
11402,
9269,
11402,
3088,
3088,
11402,
15453,
3088,
15453,
9268,
11402,
4115,
11403,
11402,
11403,
15453,
15453,
11403,
3083,
15453,
3083,
9260,
9268,
15453,
9260,
9268,
9260,
2362,
4115,
11404,
15454,
4115,
15454,
11403,
11404,
3079,
9256,
11404,
9256,
15454,
15454,
9256,
2359,
15454,
2359,
9261,
11403,
15454,
9261,
11403,
9261,
3083,
2936,
8974,
15455,
2936,
15455,
11405,
8974,
2357,
9257,
8974,
9257,
15455,
15455,
9257,
3079,
15455,
3079,
11404,
11405,
15455,
11404,
11405,
11404,
4115,
2264,
9247,
15456,
2264,
15456,
9238,
9247,
3072,
11409,
9247,
11409,
15456,
15456,
11409,
4116,
15456,
4116,
11406,
9238,
15456,
11406,
9238,
11406,
3068,
3068,
11406,
15457,
3068,
15457,
9239,
11406,
4116,
11407,
11406,
11407,
15457,
15457,
11407,
3073,
15457,
3073,
4944,
9239,
15457,
4944,
9239,
4944,
2851,
4116,
11408,
15458,
4116,
15458,
11407,
11408,
2909,
8931,
11408,
8931,
15458,
15458,
8931,
2858,
15458,
2858,
4945,
11407,
15458,
4945,
11407,
4945,
3073,
3072,
9246,
15459,
3072,
15459,
11409,
9246,
2354,
8930,
9246,
8930,
15459,
15459,
8930,
2909,
15459,
2909,
11408,
11409,
15459,
11408,
11409,
11408,
4116,
2850,
4947,
15460,
2850,
15460,
9240,
4947,
3074,
11413,
4947,
11413,
15460,
15460,
11413,
4117,
15460,
4117,
11410,
9240,
15460,
11410,
9240,
11410,
3069,
3069,
11410,
15461,
3069,
15461,
9241,
11410,
4117,
11411,
11410,
11411,
15461,
15461,
11411,
3075,
15461,
3075,
9248,
9241,
15461,
9248,
9241,
9248,
2263,
4117,
11412,
15462,
4117,
15462,
11411,
11412,
2932,
8967,
11412,
8967,
15462,
15462,
8967,
2355,
15462,
2355,
9249,
11411,
15462,
9249,
11411,
9249,
3075,
3074,
4946,
15463,
3074,
15463,
11413,
4946,
2859,
8966,
4946,
8966,
15463,
15463,
8966,
2932,
15463,
2932,
11412,
11413,
15463,
11412,
11413,
11412,
4117,
2263,
9248,
15464,
2263,
15464,
9242,
9248,
3075,
11417,
9248,
11417,
15464,
15464,
11417,
4118,
15464,
4118,
11414,
9242,
15464,
11414,
9242,
11414,
3070,
3070,
11414,
15465,
3070,
15465,
9243,
11414,
4118,
11415,
11414,
11415,
15465,
15465,
11415,
3076,
15465,
3076,
9250,
9243,
15465,
9250,
9243,
9250,
2267,
4118,
11416,
15466,
4118,
15466,
11415,
11416,
2938,
8979,
11416,
8979,
15466,
15466,
8979,
2356,
15466,
2356,
9251,
11415,
15466,
9251,
11415,
9251,
3076,
3075,
9249,
15467,
3075,
15467,
11417,
9249,
2355,
8978,
9249,
8978,
15467,
15467,
8978,
2938,
15467,
2938,
11416,
11417,
15467,
11416,
11417,
11416,
4118,
2267,
9250,
15468,
2267,
15468,
9244,
9250,
3076,
11421,
9250,
11421,
15468,
15468,
11421,
4119,
15468,
4119,
11418,
9244,
15468,
11418,
9244,
11418,
3071,
3071,
11418,
15469,
3071,
15469,
9245,
11418,
4119,
11419,
11418,
11419,
15469,
15469,
11419,
3072,
15469,
3072,
9247,
9245,
15469,
9247,
9245,
9247,
2264,
4119,
11420,
15470,
4119,
15470,
11419,
11420,
2942,
8987,
11420,
8987,
15470,
15470,
8987,
2354,
15470,
2354,
9246,
11419,
15470,
9246,
11419,
9246,
3072,
3076,
9251,
15471,
3076,
15471,
11421,
9251,
2356,
8986,
9251,
8986,
15471,
15471,
8986,
2942,
15471,
2942,
11420,
11421,
15471,
11420,
11421,
11420,
4119,
2360,
9264,
15472,
2360,
15472,
9271,
9264,
3085,
11425,
9264,
11425,
15472,
15472,
11425,
4120,
15472,
4120,
11422,
9271,
15472,
11422,
9271,
11422,
3089,
3089,
11422,
15473,
3089,
15473,
9270,
11422,
4120,
11423,
11422,
11423,
15473,
15473,
11423,
2936,
15473,
2936,
8975,
9270,
15473,
8975,
9270,
8975,
2361,
4120,
11424,
15474,
4120,
15474,
11423,
11424,
3080,
9258,
11424,
9258,
15474,
15474,
9258,
2357,
15474,
2357,
8974,
11423,
15474,
8974,
11423,
8974,
2936,
3085,
9265,
15475,
3085,
15475,
11425,
9265,
2358,
9259,
9265,
9259,
15475,
15475,
9259,
3080,
15475,
3080,
11424,
11425,
15475,
11424,
11425,
11424,
4120,
4550,
4960,
15476,
4550,
15476,
13048,
4960,
3081,
11429,
4960,
11429,
15476,
15476,
11429,
4121,
15476,
4121,
11426,
13048,
15476,
11426,
13048,
11426,
4554,
4554,
11426,
15477,
4554,
15477,
13047,
11426,
4121,
11427,
11426,
11427,
15477,
15477,
11427,
2924,
15477,
2924,
8950,
13047,
15477,
8950,
13047,
8950,
4548,
4121,
11428,
15478,
4121,
15478,
11427,
11428,
3087,
9266,
11428,
9266,
15478,
15478,
9266,
2360,
15478,
2360,
8951,
11427,
15478,
8951,
11427,
8951,
2924,
3081,
4961,
15479,
3081,
15479,
11429,
4961,
2862,
9267,
4961,
9267,
15479,
15479,
9267,
3087,
15479,
3087,
11428,
11429,
15479,
11428,
11429,
11428,
4121,
4551,
13038,
15480,
4551,
15480,
13046,
13038,
3084,
11433,
13038,
11433,
15480,
15480,
11433,
4122,
15480,
4122,
11430,
13046,
15480,
11430,
13046,
11430,
4555,
4555,
11430,
15481,
4555,
15481,
13045,
11430,
4122,
11431,
11430,
11431,
15481,
15481,
11431,
3067,
15481,
3067,
9236,
13045,
15481,
9236,
13045,
9236,
4549,
4122,
11432,
15482,
4122,
15482,
11431,
11432,
3088,
9268,
11432,
9268,
15482,
15482,
9268,
2362,
15482,
2362,
9237,
11431,
15482,
9237,
11431,
9237,
3067,
3084,
9262,
15483,
3084,
15483,
11433,
9262,
2361,
9269,
9262,
9269,
15483,
15483,
9269,
3088,
15483,
3088,
11432,
11433,
15483,
11432,
11433,
11432,
4122,
4548,
8950,
15484,
4548,
15484,
13044,
8950,
2924,
11437,
8950,
11437,
15484,
15484,
11437,
4123,
15484,
4123,
11434,
13044,
15484,
11434,
13044,
11434,
4556,
4556,
11434,
15485,
4556,
15485,
13043,
11434,
4123,
11435,
11434,
11435,
15485,
15485,
11435,
3084,
15485,
3084,
13038,
13043,
15485,
13038,
13043,
13038,
4551,
4123,
11436,
15486,
4123,
15486,
11435,
11436,
3089,
9270,
11436,
9270,
15486,
15486,
9270,
2361,
15486,
2361,
9262,
11435,
15486,
9262,
11435,
9262,
3084,
2924,
8951,
15487,
2924,
15487,
11437,
8951,
2360,
9271,
8951,
9271,
15487,
15487,
9271,
3089,
15487,
3089,
11436,
11437,
15487,
11436,
11437,
11436,
4123,
2362,
9260,
15488,
2362,
15488,
9273,
9260,
3083,
11441,
9260,
11441,
15488,
15488,
11441,
4124,
15488,
4124,
11438,
9273,
15488,
11438,
9273,
11438,
3090,
3090,
11438,
15489,
3090,
15489,
9272,
11438,
4124,
11439,
11438,
11439,
15489,
15489,
11439,
2910,
15489,
2910,
4619,
9272,
15489,
4619,
9272,
4619,
2856,
4124,
11440,
15490,
4124,
15490,
11439,
11440,
3078,
9254,
11440,
9254,
15490,
15490,
9254,
2861,
15490,
2861,
4618,
11439,
15490,
4618,
11439,
4618,
2910,
3083,
9261,
15491,
3083,
15491,
11441,
9261,
2359,
9255,
9261,
9255,
15491,
15491,
9255,
3078,
15491,
3078,
11440,
11441,
15491,
11440,
11441,
11440,
4124,
2291,
9293,
15492,
2291,
15492,
9062,
9293,
3100,
11445,
9293,
11445,
15492,
15492,
11445,
4125,
15492,
4125,
11442,
9062,
15492,
11442,
9062,
11442,
2980,
2980,
11442,
15493,
2980,
15493,
9064,
11442,
4125,
11443,
11442,
11443,
15493,
15493,
11443,
3099,
15493,
3099,
9290,
9064,
15493,
9290,
9064,
9290,
2301,
4125,
11444,
15494,
4125,
15494,
11443,
11444,
3098,
9289,
11444,
9289,
15494,
15494,
9289,
2371,
15494,
2371,
9291,
11443,
15494,
9291,
11443,
9291,
3099,
3100,
9292,
15495,
3100,
15495,
11445,
9292,
2366,
9288,
9292,
9288,
15495,
15495,
9288,
3098,
15495,
3098,
11444,
11445,
15495,
11444,
11445,
11444,
4125,
2289,
9297,
15496,
2289,
15496,
9054,
9297,
3102,
11449,
9297,
11449,
15496,
15496,
11449,
4126,
15496,
4126,
11446,
9054,
15496,
11446,
9054,
11446,
2976,
2976,
11446,
15497,
2976,
15497,
9056,
11446,
4126,
11447,
11446,
11447,
15497,
15497,
11447,
3101,
15497,
3101,
9294,
9056,
15497,
9294,
9056,
9294,
2296,
4126,
11448,
15498,
4126,
15498,
11447,
11448,
3096,
9285,
11448,
9285,
15498,
15498,
9285,
2369,
15498,
2369,
9295,
11447,
15498,
9295,
11447,
9295,
3101,
3102,
9296,
15499,
3102,
15499,
11449,
9296,
2365,
9284,
9296,
9284,
15499,
15499,
9284,
3096,
15499,
3096,
11448,
11449,
15499,
11448,
11449,
11448,
4126,
2296,
9294,
15500,
2296,
15500,
9046,
9294,
3101,
11453,
9294,
11453,
15500,
15500,
11453,
4127,
15500,
4127,
11450,
9046,
15500,
11450,
9046,
11450,
2972,
2972,
11450,
15501,
2972,
15501,
9049,
11450,
4127,
11451,
11450,
11451,
15501,
15501,
11451,
3103,
15501,
3103,
9298,
9049,
15501,
9298,
9049,
9298,
2286,
4127,
11452,
15502,
4127,
15502,
11451,
11452,
3094,
9281,
11452,
9281,
15502,
15502,
9281,
2363,
15502,
2363,
9299,
11451,
15502,
9299,
11451,
9299,
3103,
3101,
9295,
15503,
3101,
15503,
11453,
9295,
2369,
9280,
9295,
9280,
15503,
15503,
9280,
3094,
15503,
3094,
11452,
11453,
15503,
11452,
11453,
11452,
4127,
2301,
9290,
15504,
2301,
15504,
9038,
9290,
3099,
11457,
9290,
11457,
15504,
15504,
11457,
4128,
15504,
4128,
11454,
9038,
15504,
11454,
9038,
11454,
2968,
2968,
11454,
15505,
2968,
15505,
9040,
11454,
4128,
11455,
11454,
11455,
15505,
15505,
11455,
3102,
15505,
3102,
9297,
9040,
15505,
9297,
9040,
9297,
2289,
4128,
11456,
15506,
4128,
15506,
11455,
11456,
3092,
9277,
11456,
9277,
15506,
15506,
9277,
2365,
15506,
2365,
9296,
11455,
15506,
9296,
11455,
9296,
3102,
3099,
9291,
15507,
3099,
15507,
11457,
9291,
2371,
9276,
9291,
9276,
15507,
15507,
9276,
3092,
15507,
3092,
11456,
11457,
15507,
11456,
11457,
11456,
4128,
2300,
9303,
15508,
2300,
15508,
9061,
9303,
3105,
11461,
9303,
11461,
15508,
15508,
11461,
4129,
15508,
4129,
11458,
9061,
15508,
11458,
9061,
11458,
2979,
2979,
11458,
15509,
2979,
15509,
9059,
11458,
4129,
11459,
11458,
11459,
15509,
15509,
11459,
3104,
15509,
3104,
9300,
9059,
15509,
9300,
9059,
9300,
2288,
4129,
11460,
15510,
4129,
15510,
11459,
11460,
3097,
9286,
11460,
9286,
15510,
15510,
9286,
2364,
15510,
2364,
9301,
11459,
15510,
9301,
11459,
9301,
3104,
3105,
9302,
15511,
3105,
15511,
11461,
9302,
2370,
9287,
9302,
9287,
15511,
15511,
9287,
3097,
15511,
3097,
11460,
11461,
15511,
11460,
11461,
11460,
4129,
2293,
9306,
15512,
2293,
15512,
9052,
9306,
3106,
11465,
9306,
11465,
15512,
15512,
11465,
4130,
15512,
4130,
11462,
9052,
15512,
11462,
9052,
11462,
2974,
2974,
11462,
15513,
2974,
15513,
9050,
11462,
4130,
11463,
11462,
11463,
15513,
15513,
11463,
3100,
15513,
3100,
9293,
9050,
15513,
9293,
9050,
9293,
2291,
4130,
11464,
15514,
4130,
15514,
11463,
11464,
3095,
9282,
11464,
9282,
15514,
15514,
9282,
2366,
15514,
2366,
9292,
11463,
15514,
9292,
11463,
9292,
3100,
3106,
9304,
15515,
3106,
15515,
11465,
9304,
2367,
9283,
9304,
9283,
15515,
15515,
9283,
3095,
15515,
3095,
11464,
11465,
15515,
11464,
11465,
11464,
4130,
2288,
9300,
15516,
2288,
15516,
9044,
9300,
3104,
11469,
9300,
11469,
15516,
15516,
11469,
4131,
15516,
4131,
11466,
9044,
15516,
11466,
9044,
11466,
2970,
2970,
11466,
15517,
2970,
15517,
9042,
11466,
4131,
11467,
11466,
11467,
15517,
15517,
11467,
3107,
15517,
3107,
9307,
9042,
15517,
9307,
9042,
9307,
2294,
4131,
11468,
15518,
4131,
15518,
11467,
11468,
3093,
9278,
11468,
9278,
15518,
15518,
9278,
2368,
15518,
2368,
9305,
11467,
15518,
9305,
11467,
9305,
3107,
3104,
9301,
15519,
3104,
15519,
11469,
9301,
2364,
9279,
9301,
9279,
15519,
15519,
9279,
3093,
15519,
3093,
11468,
11469,
15519,
11468,
11469,
11468,
4131,
2286,
9298,
15520,
2286,
15520,
9037,
9298,
3103,
11473,
9298,
11473,
15520,
15520,
11473,
4132,
15520,
4132,
11470,
9037,
15520,
11470,
9037,
11470,
2967,
2967,
11470,
15521,
2967,
15521,
9035,
11470,
4132,
11471,
11470,
11471,
15521,
15521,
11471,
3105,
15521,
3105,
9303,
9035,
15521,
9303,
9035,
9303,
2300,
4132,
11472,
15522,
4132,
15522,
11471,
11472,
3091,
9274,
11472,
9274,
15522,
15522,
9274,
2370,
15522,
2370,
9302,
11471,
15522,
9302,
11471,
9302,
3105,
3103,
9299,
15523,
3103,
15523,
11473,
9299,
2363,
9275,
9299,
9275,
15523,
15523,
9275,
3091,
15523,
3091,
11472,
11473,
15523,
11472,
11473,
11472,
4132,
3845,
10730,
15524,
3845,
15524,
12972,
10730,
3850,
12648,
10730,
12648,
15524,
15524,
12648,
4439,
15524,
4439,
12971,
12972,
15524,
12971,
12972,
12971,
4523,
3834,
10754,
15525,
3834,
15525,
12728,
10754,
3863,
11475,
10754,
11475,
15525,
15525,
11475,
4133,
15525,
4133,
12727,
12728,
15525,
12727,
12728,
12727,
4462,
4133,
11475,
15526,
4133,
15526,
12693,
11475,
3863,
10753,
11475,
10753,
15526,
15526,
10753,
3853,
15526,
3853,
12696,
12693,
15526,
12696,
12693,
12696,
4454,
4453,
12690,
15527,
4453,
15527,
12697,
12690,
3335,
10747,
12690,
10747,
15527,
15527,
10747,
3860,
15527,
3860,
12700,
12697,
15527,
12700,
12697,
12700,
4455,
4462,
12727,
15528,
4462,
15528,
12726,
12727,
4133,
11474,
12727,
11474,
15528,
15528,
11474,
3507,
15528,
3507,
10744,
12726,
15528,
10744,
12726,
10744,
3858,
3831,
10752,
15529,
3831,
15529,
12724,
10752,
3862,
11477,
10752,
11477,
15529,
15529,
11477,
4134,
15529,
4134,
12723,
12724,
15529,
12723,
12724,
12723,
4461,
4134,
11477,
15530,
4134,
15530,
12676,
11477,
3862,
10751,
11477,
10751,
15530,
15530,
10751,
3851,
15530,
3851,
12679,
12676,
15530,
12679,
12676,
12679,
4449,
4448,
12673,
15531,
4448,
15531,
12705,
12673,
3852,
10733,
12673,
10733,
15531,
15531,
10733,
3510,
15531,
3510,
12708,
12705,
15531,
12708,
12705,
12708,
4457,
2363,
10046,
15532,
2363,
15532,
9275,
10046,
3497,
11481,
10046,
11481,
15532,
15532,
11481,
4135,
15532,
4135,
11478,
9275,
15532,
11478,
9275,
11478,
3091,
3091,
11478,
15533,
3091,
15533,
9274,
11478,
4135,
11479,
11478,
11479,
15533,
15533,
11479,
3498,
15533,
3498,
10048,
9274,
15533,
10048,
9274,
10048,
2370,
4135,
11480,
15534,
4135,
15534,
11479,
11480,
3472,
9999,
11480,
9999,
15534,
15534,
9999,
2635,
15534,
2635,
10049,
11479,
15534,
10049,
11479,
10049,
3498,
3497,
10047,
15535,
3497,
15535,
11481,
10047,
2622,
9998,
10047,
9998,
15535,
15535,
9998,
3472,
15535,
3472,
11480,
11481,
15535,
11480,
11481,
11480,
4135,
3833,
12643,
15536,
3833,
15536,
10740,
12643,
4437,
12721,
12643,
12721,
15536,
15536,
12721,
4461,
15536,
4461,
12722,
10740,
15536,
12722,
10740,
12722,
3857,
3828,
10713,
15537,
3828,
15537,
12641,
10713,
3494,
11484,
10713,
11484,
15537,
15537,
11484,
4136,
15537,
4136,
12640,
12641,
15537,
12640,
12641,
12640,
4436,
4136,
11483,
15538,
4136,
15538,
11482,
11483,
3484,
10023,
11483,
10023,
15538,
15538,
10023,
2633,
15538,
2633,
10050,
11482,
15538,
10050,
11482,
10050,
3499,
3494,
10042,
15539,
3494,
15539,
11484,
10042,
2621,
10022,
10042,
10022,
15539,
15539,
10022,
3484,
15539,
3484,
11483,
11484,
15539,
11483,
11484,
11483,
4136,
2364,
10054,
15540,
2364,
15540,
9279,
10054,
3503,
11488,
10054,
11488,
15540,
15540,
11488,
4137,
15540,
4137,
11485,
9279,
15540,
11485,
9279,
11485,
3093,
3093,
11485,
15541,
3093,
15541,
9278,
11485,
4137,
11486,
11485,
11486,
15541,
15541,
11486,
3505,
15541,
3505,
10057,
9278,
15541,
10057,
9278,
10057,
2368,
4137,
11487,
15542,
4137,
15542,
11486,
11487,
3481,
10017,
11487,
10017,
15542,
15542,
10017,
2630,
15542,
2630,
10059,
11486,
15542,
10059,
11486,
10059,
3505,
3503,
10055,
15543,
3503,
15543,
11488,
10055,
2624,
10016,
10055,
10016,
15543,
15543,
10016,
3481,
15543,
3481,
11487,
11488,
15543,
11487,
11488,
11487,
4137,
4436,
12640,
15544,
4436,
15544,
12639,
12640,
4136,
11482,
12640,
11482,
15544,
15544,
11482,
3499,
15544,
3499,
10715,
12639,
15544,
10715,
12639,
10715,
3830,
3830,
10715,
15545,
3830,
15545,
12638,
10715,
3499,
11491,
10715,
11491,
15545,
15545,
11491,
4138,
15545,
4138,
12637,
12638,
15545,
12637,
12638,
12637,
4435,
4138,
11490,
15546,
4138,
15546,
11489,
11490,
3489,
10033,
11490,
10033,
15546,
15546,
10033,
2626,
15546,
2626,
10720,
11489,
15546,
10720,
11489,
10720,
3835,
3499,
10050,
15547,
3499,
15547,
11491,
10050,
2633,
10032,
10050,
10032,
15547,
15547,
10032,
3489,
15547,
3489,
11490,
11491,
15547,
11490,
11491,
11490,
4138,
4435,
12637,
15548,
4435,
15548,
12636,
12637,
4138,
11489,
12637,
11489,
15548,
15548,
11489,
3835,
15548,
3835,
10743,
12636,
15548,
10743,
12636,
10743,
3858,
3859,
10745,
15549,
3859,
15549,
12635,
10745,
3836,
11494,
10745,
11494,
15549,
15549,
11494,
4139,
15549,
4139,
12634,
12635,
15549,
12634,
12635,
12634,
4434,
4139,
11493,
15550,
4139,
15550,
11492,
11493,
3486,
10027,
11493,
10027,
15550,
15550,
10027,
2631,
15550,
2631,
10717,
11492,
15550,
10717,
11492,
10717,
3832,
3836,
10721,
15551,
3836,
15551,
11494,
10721,
2628,
10026,
10721,
10026,
15551,
15551,
10026,
3486,
15551,
3486,
11493,
11494,
15551,
11493,
11494,
11493,
4139,
2741,
10591,
15552,
2741,
15552,
10478,
10591,
3769,
12436,
10591,
12436,
15552,
15552,
12436,
3730,
15552,
3730,
10499,
10478,
15552,
10499,
10478,
10499,
2717,
4010,
11078,
15553,
4010,
15553,
13002,
11078,
4032,
11496,
11078,
11496,
15553,
15553,
11496,
4140,
15553,
4140,
13001,
13002,
15553,
13001,
13002,
13001,
4530,
3841,
10722,
15554,
3841,
15554,
12795,
10722,
3846,
12659,
10722,
12659,
15554,
15554,
12659,
4443,
15554,
4443,
12794,
12795,
15554,
12794,
12795,
12794,
4479,
3838,
11075,
15555,
3838,
15555,
12658,
11075,
4031,
11495,
11075,
11495,
15555,
15555,
11495,
4140,
15555,
4140,
12657,
12658,
15555,
12657,
12658,
12657,
4442,
4530,
13001,
15556,
4530,
15556,
13000,
13001,
4140,
11495,
13001,
11495,
15556,
15556,
11495,
4031,
15556,
4031,
11076,
13000,
15556,
11076,
13000,
11076,
4009,
4011,
11080,
15557,
4011,
15557,
12998,
11080,
4033,
11498,
11080,
11498,
15557,
15557,
11498,
4141,
15557,
4141,
12997,
12998,
15557,
12997,
12998,
12997,
4529,
4442,
12657,
15558,
4442,
15558,
12656,
12657,
4140,
11496,
12657,
11496,
15558,
15558,
11496,
4032,
15558,
4032,
11077,
12656,
15558,
11077,
12656,
11077,
3839,
3850,
10730,
15559,
3850,
15559,
12655,
10730,
3845,
11497,
10730,
11497,
15559,
15559,
11497,
4141,
15559,
4141,
12654,
12655,
15559,
12654,
12655,
12654,
4441,
4529,
12997,
15560,
4529,
15560,
12996,
12997,
4141,
11497,
12997,
11497,
15560,
15560,
11497,
3845,
15560,
3845,
11072,
12996,
15560,
11072,
12996,
11072,
4029,
4028,
11070,
15561,
4028,
15561,
12994,
11070,
3844,
11500,
11070,
11500,
15561,
15561,
11500,
4142,
15561,
4142,
12993,
12994,
15561,
12993,
12994,
12993,
4528,
4441,
12654,
15562,
4441,
15562,
12653,
12654,
4141,
11498,
12654,
11498,
15562,
15562,
11498,
4033,
15562,
4033,
11079,
12653,
15562,
11079,
12653,
11079,
3840,
3840,
11079,
15563,
3840,
15563,
12652,
11079,
4033,
11499,
11079,
11499,
15563,
15563,
11499,
4142,
15563,
4142,
12651,
12652,
15563,
12651,
12652,
12651,
4440,
2838,
9728,
15564,
2838,
15564,
11056,
9728,
3330,
11504,
9728,
11504,
15564,
15564,
11504,
4143,
15564,
4143,
11501,
11056,
15564,
11501,
11056,
11501,
4021,
4021,
11501,
15565,
4021,
15565,
11055,
11501,
4143,
11502,
11501,
11502,
15565,
15565,
11502,
4016,
15565,
4016,
11046,
11055,
15565,
11046,
11055,
11046,
2844,
4143,
11503,
15566,
4143,
15566,
11502,
11503,
3301,
9677,
11503,
9677,
15566,
15566,
9677,
2377,
15566,
2377,
11045,
11502,
15566,
11045,
11502,
11045,
4016,
3330,
9729,
15567,
3330,
15567,
11504,
9729,
2689,
9675,
9729,
9675,
15567,
15567,
9675,
3301,
15567,
3301,
11503,
11504,
15567,
11503,
11504,
11503,
4143,
4528,
12993,
15568,
4528,
15568,
12992,
12993,
4142,
11499,
12993,
11499,
15568,
15568,
11499,
4033,
15568,
4033,
11080,
12992,
15568,
11080,
12992,
11080,
4011,
4008,
11074,
15569,
4008,
15569,
12990,
11074,
4030,
11506,
11074,
11506,
15569,
15569,
11506,
4144,
15569,
4144,
12989,
12990,
15569,
12989,
12990,
12989,
4527,
4523,
12973,
15570,
4523,
15570,
12972,
12973,
4519,
12956,
12973,
12956,
15570,
15570,
12956,
4029,
15570,
4029,
11072,
12972,
15570,
11072,
12972,
11072,
3845,
3846,
10722,
15571,
3846,
15571,
12669,
10722,
3841,
11505,
10722,
11505,
15571,
15571,
11505,
4144,
15571,
4144,
12668,
12669,
15571,
12668,
12669,
12668,
4446,
4527,
12989,
15572,
4527,
15572,
12988,
12989,
4144,
11505,
12989,
11505,
15572,
15572,
11505,
3841,
15572,
3841,
11064,
12988,
15572,
11064,
12988,
11064,
4025,
4009,
11076,
15573,
4009,
15573,
12986,
11076,
4031,
11508,
11076,
11508,
15573,
15573,
11508,
4145,
15573,
4145,
12985,
12986,
15573,
12985,
12986,
12985,
4526,
4446,
12668,
15574,
4446,
15574,
12667,
12668,
4144,
11506,
12668,
11506,
15574,
15574,
11506,
4030,
15574,
4030,
11073,
12667,
15574,
11073,
12667,
11073,
3837,
3847,
10724,
15575,
3847,
15575,
12666,
10724,
3842,
11507,
10724,
11507,
15575,
15575,
11507,
4145,
15575,
4145,
12665,
12666,
15575,
12665,
12666,
12665,
4445,
4526,
12985,
15576,
4526,
15576,
12984,
12985,
4145,
11507,
12985,
11507,
15576,
15576,
11507,
3842,
15576,
3842,
11067,
12984,
15576,
11067,
12984,
11067,
4026,
4027,
11068,
15577,
4027,
15577,
12982,
11068,
3843,
11510,
11068,
11510,
15577,
15577,
11510,
4146,
15577,
4146,
12981,
12982,
15577,
12981,
12982,
12981,
4525,
4445,
12665,
15578,
4445,
15578,
12664,
12665,
4145,
11508,
12665,
11508,
15578,
15578,
11508,
4031,
15578,
4031,
11075,
12664,
15578,
11075,
12664,
11075,
3838,
3837,
11073,
15579,
3837,
15579,
12663,
11073,
4030,
11509,
11073,
11509,
15579,
15579,
11509,
4146,
15579,
4146,
12662,
12663,
15579,
12662,
12663,
12662,
4444,
2405,
9370,
15580,
2405,
15580,
9718,
9370,
3139,
11514,
9370,
11514,
15580,
15580,
11514,
4147,
15580,
4147,
11511,
9718,
15580,
11511,
9718,
11511,
3324,
3324,
11511,
15581,
3324,
15581,
9716,
11511,
4147,
11512,
11511,
11512,
15581,
15581,
11512,
3286,
15581,
3286,
9646,
9716,
15581,
9646,
9716,
9646,
2490,
4147,
11513,
15582,
4147,
15582,
11512,
11513,
3280,
9635,
11513,
9635,
15582,
15582,
9635,
2492,
15582,
2492,
9647,
11512,
15582,
9647,
11512,
9647,
3286,
3139,
9371,
15583,
3139,
15583,
11514,
9371,
2692,
9634,
9371,
9634,
15583,
15583,
9634,
3280,
15583,
3280,
11513,
11514,
15583,
11513,
11514,
11513,
4147,
2374,
9686,
15584,
2374,
15584,
9314,
9686,
3307,
11518,
9686,
11518,
15584,
15584,
11518,
4148,
15584,
4148,
11515,
9314,
15584,
11515,
9314,
11515,
3110,
3110,
11515,
15585,
3110,
15585,
9312,
11515,
4148,
11516,
11515,
11516,
15585,
15585,
11516,
3319,
15585,
3319,
9706,
9312,
15585,
9706,
9312,
9706,
2381,
4148,
11517,
15586,
4148,
15586,
11516,
11517,
3295,
9665,
11517,
9665,
15586,
15586,
9665,
2500,
15586,
2500,
9708,
11516,
15586,
9708,
11516,
9708,
3319,
3307,
9687,
15587,
3307,
15587,
11518,
9687,
2501,
9664,
9687,
9664,
15587,
15587,
9664,
3295,
15587,
3295,
11517,
11518,
15587,
11517,
11518,
11517,
4148,
2384,
10853,
15588,
2384,
15588,
9332,
10853,
3917,
11521,
10853,
11521,
15588,
15588,
11521,
4149,
15588,
4149,
11519,
9332,
15588,
11519,
9332,
11519,
3120,
2388,
9333,
15589,
2388,
15589,
9338,
9333,
3120,
11519,
9333,
11519,
15589,
15589,
11519,
4149,
15589,
4149,
11520,
9338,
15589,
11520,
9338,
11520,
3123,
2390,
9339,
15590,
2390,
15590,
10854,
9339,
3123,
11520,
9339,
11520,
15590,
15590,
11520,
4149,
15590,
4149,
11521,
10854,
15590,
11521,
10854,
11521,
3917,
2380,
9705,
15591,
2380,
15591,
9322,
9705,
3318,
11525,
9705,
11525,
15591,
15591,
11525,
4150,
15591,
4150,
11522,
9322,
15591,
11522,
9322,
11522,
3114,
3114,
11522,
15592,
3114,
15592,
9320,
11522,
4150,
11523,
11522,
11523,
15592,
15592,
11523,
3313,
15592,
3313,
9698,
9320,
15592,
9698,
9320,
9698,
2378,
4150,
11524,
15593,
4150,
15593,
11523,
11524,
3297,
9669,
11524,
9669,
15593,
15593,
9669,
2504,
15593,
2504,
9697,
11523,
15593,
9697,
11523,
9697,
3313,
3318,
9707,
15594,
3318,
15594,
11525,
9707,
2499,
9668,
9707,
9668,
15594,
15594,
9668,
3297,
15594,
3297,
11524,
11525,
15594,
11524,
11525,
11524,
4150,
2703,
10856,
15595,
2703,
15595,
10849,
10856,
3918,
11528,
10856,
11528,
15595,
15595,
11528,
4151,
15595,
4151,
11526,
10849,
15595,
11526,
10849,
11526,
3915,
2688,
10850,
15596,
2688,
15596,
9674,
10850,
3915,
11526,
10850,
11526,
15596,
15596,
11526,
4151,
15596,
4151,
11527,
9674,
15596,
11527,
9674,
11527,
3300,
2376,
9676,
15597,
2376,
15597,
10855,
9676,
3300,
11527,
9676,
11527,
15597,
15597,
11527,
4151,
15597,
4151,
11528,
10855,
15597,
11528,
10855,
11528,
3918,
2502,
9692,
15598,
2502,
15598,
9671,
9692,
3310,
11532,
9692,
11532,
15598,
15598,
11532,
4152,
15598,
4152,
11529,
9671,
15598,
11529,
9671,
11529,
3298,
3298,
11529,
15599,
3298,
15599,
9670,
11529,
4152,
11530,
11529,
11530,
15599,
15599,
11530,
3314,
15599,
3314,
9699,
9670,
15599,
9699,
9670,
9699,
2498,
4152,
11531,
15600,
4152,
15600,
11530,
11531,
3123,
9339,
11531,
9339,
15600,
15600,
9339,
2390,
15600,
2390,
9700,
11530,
15600,
9700,
11530,
9700,
3314,
3310,
9694,
15601,
3310,
15601,
11532,
9694,
2388,
9338,
9694,
9338,
15601,
15601,
9338,
3123,
15601,
3123,
11531,
11532,
15601,
11531,
11532,
11531,
4152,
2497,
10819,
15602,
2497,
15602,
9667,
10819,
3900,
11536,
10819,
11536,
15602,
15602,
11536,
4153,
15602,
4153,
11533,
9667,
15602,
11533,
9667,
11533,
3296,
3296,
11533,
15603,
3296,
15603,
9666,
11533,
4153,
11534,
11533,
11534,
15603,
15603,
11534,
3311,
15603,
3311,
9693,
9666,
15603,
9693,
9666,
9693,
2503,
4153,
11535,
15604,
4153,
15604,
11534,
11535,
3122,
9337,
11535,
9337,
15604,
15604,
9337,
2389,
15604,
2389,
9695,
11534,
15604,
9695,
11534,
9695,
3311,
3900,
10820,
15605,
3900,
15605,
11536,
10820,
2790,
9336,
10820,
9336,
15605,
15605,
9336,
3122,
15605,
3122,
11535,
11536,
15605,
11535,
11536,
11535,
4153,
2378,
9698,
15606,
2378,
15606,
9660,
9698,
3313,
11540,
9698,
11540,
15606,
15606,
11540,
4154,
15606,
4154,
11537,
9660,
15606,
11537,
9660,
11537,
3293,
3293,
11537,
15607,
3293,
15607,
9662,
11537,
4154,
11538,
11537,
11538,
15607,
15607,
11538,
3914,
15607,
3914,
10847,
9662,
15607,
10847,
9662,
10847,
2688,
4154,
11539,
15608,
4154,
15608,
11538,
11539,
3682,
10394,
11539,
10394,
15608,
15608,
10394,
2702,
15608,
2702,
10848,
11538,
15608,
10848,
11538,
10848,
3914,
3313,
9697,
15609,
3313,
15609,
11540,
9697,
2504,
10395,
9697,
10395,
15609,
15609,
10395,
3682,
15609,
3682,
11539,
11540,
15609,
11539,
11540,
11539,
4154,
2386,
10833,
15610,
2386,
15610,
9343,
10833,
3907,
11543,
10833,
11543,
15610,
15610,
11543,
4155,
15610,
4155,
11541,
9343,
15610,
11541,
9343,
11541,
3125,
2392,
9342,
15611,
2392,
15611,
9334,
9342,
3125,
11541,
9342,
11541,
15611,
15611,
11541,
4155,
15611,
4155,
11542,
9334,
15611,
11542,
9334,
11542,
3121,
2391,
9335,
15612,
2391,
15612,
10834,
9335,
3121,
11542,
9335,
11542,
15612,
15612,
11542,
4155,
15612,
4155,
11543,
10834,
15612,
11543,
10834,
11543,
3907,
2376,
9341,
15613,
2376,
15613,
9324,
9341,
3124,
11546,
9341,
11546,
15613,
15613,
11546,
4156,
15613,
4156,
11544,
9324,
15613,
11544,
9324,
11544,
3116,
2384,
9326,
15614,
2384,
15614,
10853,
9326,
3116,
11544,
9326,
11544,
15614,
15614,
11544,
4156,
15614,
4156,
11545,
10853,
15614,
11545,
10853,
11545,
3917,
2390,
10854,
15615,
2390,
15615,
9340,
10854,
3917,
11545,
10854,
11545,
15615,
15615,
11545,
4156,
15615,
4156,
11546,
9340,
15615,
11546,
9340,
11546,
3124,
2374,
10392,
15616,
2374,
15616,
9686,
10392,
3681,
11550,
10392,
11550,
15616,
15616,
11550,
4157,
15616,
4157,
11547,
9686,
15616,
11547,
9686,
11547,
3307,
3307,
11547,
15617,
3307,
15617,
9687,
11547,
4157,
11548,
11547,
11548,
15617,
15617,
11548,
3299,
15617,
3299,
9673,
9687,
15617,
9673,
9687,
9673,
2501,
4157,
11549,
15618,
4157,
15618,
11548,
11549,
3305,
9684,
11549,
9684,
15618,
15618,
9684,
2496,
15618,
2496,
9672,
11548,
15618,
9672,
11548,
9672,
3299,
3681,
10393,
15619,
3681,
15619,
11550,
10393,
2392,
9683,
10393,
9683,
15619,
15619,
9683,
3305,
15619,
3305,
11549,
11550,
15619,
11549,
11550,
11549,
4157,
2793,
9982,
15620,
2793,
15620,
10874,
9982,
3464,
11554,
9982,
11554,
15620,
15620,
11554,
4158,
15620,
4158,
11551,
10874,
15620,
11551,
10874,
11551,
3927,
3927,
11551,
15621,
3927,
15621,
10873,
11551,
4158,
11552,
11551,
11552,
15621,
15621,
11552,
3466,
15621,
3466,
9986,
10873,
15621,
9986,
10873,
9986,
2795,
4158,
11553,
15622,
4158,
15622,
11552,
11553,
3195,
9482,
11553,
9482,
15622,
15622,
9482,
2394,
15622,
2394,
9987,
11552,
15622,
9987,
11552,
9987,
3466,
3464,
9984,
15623,
3464,
15623,
11554,
9984,
2395,
9483,
9984,
9483,
15623,
15623,
9483,
3195,
15623,
3195,
11553,
11554,
15623,
11553,
11554,
11553,
4158,
2441,
9351,
15624,
2441,
15624,
9349,
9351,
3129,
11558,
9351,
11558,
15624,
15624,
11558,
4159,
15624,
4159,
11555,
9349,
15624,
11555,
9349,
11555,
3128,
3128,
11555,
15625,
3128,
15625,
9348,
11555,
4159,
11556,
11555,
11556,
15625,
15625,
11556,
3136,
15625,
3136,
9363,
9348,
15625,
9363,
9348,
9363,
2396,
4159,
11557,
15626,
4159,
15626,
11556,
11557,
3133,
9359,
11557,
9359,
15626,
15626,
9359,
2399,
15626,
2399,
9365,
11556,
15626,
9365,
11556,
9365,
3136,
3129,
9350,
15627,
3129,
15627,
11558,
9350,
2401,
9357,
9350,
9357,
15627,
15627,
9357,
3133,
15627,
3133,
11557,
11558,
15627,
11557,
11558,
11557,
4159,
2795,
9986,
15628,
2795,
15628,
10872,
9986,
3466,
11562,
9986,
11562,
15628,
15628,
11562,
4160,
15628,
4160,
11559,
10872,
15628,
11559,
10872,
11559,
3926,
3926,
11559,
15629,
3926,
15629,
10871,
11559,
4160,
11560,
11559,
11560,
15629,
15629,
11560,
3467,
15629,
3467,
9988,
10871,
15629,
9988,
10871,
9988,
2796,
4160,
11561,
15630,
4160,
15630,
11560,
11561,
3196,
9484,
11561,
9484,
15630,
15630,
9484,
2393,
15630,
2393,
9989,
11560,
15630,
9989,
11560,
9989,
3467,
3466,
9987,
15631,
3466,
15631,
11562,
9987,
2394,
9485,
9987,
9485,
15631,
15631,
9485,
3196,
15631,
3196,
11561,
11562,
15631,
11561,
11562,
11561,
4160,
2395,
9362,
15632,
2395,
15632,
9483,
9362,
3135,
11566,
9362,
11566,
15632,
15632,
11566,
4161,
15632,
4161,
11563,
9483,
15632,
11563,
9483,
11563,
3195,
3195,
11563,
15633,
3195,
15633,
9482,
11563,
4161,
11564,
11563,
11564,
15633,
15633,
11564,
3137,
15633,
3137,
9366,
9482,
15633,
9366,
9482,
9366,
2394,
4161,
11565,
15634,
4161,
15634,
11564,
11565,
3130,
9352,
11565,
9352,
15634,
15634,
9352,
2397,
15634,
2397,
9367,
11564,
15634,
9367,
11564,
9367,
3137,
3135,
9364,
15635,
3135,
15635,
11566,
9364,
2398,
9353,
9364,
9353,
15635,
15635,
9353,
3130,
15635,
3130,
11565,
11566,
15635,
11565,
11566,
11565,
4161,
2394,
9366,
15636,
2394,
15636,
9485,
9366,
3137,
11570,
9366,
11570,
15636,
15636,
11570,
4162,
15636,
4162,
11567,
9485,
15636,
11567,
9485,
11567,
3196,
3196,
11567,
15637,
3196,
15637,
9484,
11567,
4162,
11568,
11567,
11568,
15637,
15637,
11568,
3138,
15637,
3138,
9368,
9484,
15637,
9368,
9484,
9368,
2393,
4162,
11569,
15638,
4162,
15638,
11568,
11569,
3134,
9360,
11569,
9360,
15638,
15638,
9360,
2400,
15638,
2400,
9369,
11568,
15638,
9369,
11568,
9369,
3138,
3137,
9367,
15639,
3137,
15639,
11570,
9367,
2397,
9361,
9367,
9361,
15639,
15639,
9361,
3134,
15639,
3134,
11569,
11570,
15639,
11569,
11570,
11569,
4162,
2393,
9368,
15640,
2393,
15640,
9347,
9368,
3138,
11574,
9368,
11574,
15640,
15640,
11574,
4163,
15640,
4163,
11571,
9347,
15640,
11571,
9347,
11571,
3127,
3127,
11571,
15641,
3127,
15641,
9346,
11571,
4163,
11572,
11571,
11572,
15641,
15641,
11572,
3129,
15641,
3129,
9351,
9346,
15641,
9351,
9346,
9351,
2441,
4163,
11573,
15642,
4163,
15642,
11572,
11573,
3131,
9355,
11573,
9355,
15642,
15642,
9355,
2401,
15642,
2401,
9350,
11572,
15642,
9350,
11572,
9350,
3129,
3138,
9369,
15643,
3138,
15643,
11574,
9369,
2400,
9354,
9369,
9354,
15643,
15643,
9354,
3131,
15643,
3131,
11573,
11574,
15643,
11573,
11574,
11573,
4163,
2398,
9358,
15644,
2398,
15644,
9353,
9358,
3132,
11578,
9358,
11578,
15644,
15644,
11578,
4164,
15644,
4164,
11575,
9353,
15644,
11575,
9353,
11575,
3130,
3130,
11575,
15645,
3130,
15645,
9352,
11575,
4164,
11576,
11575,
11576,
15645,
15645,
11576,
3134,
15645,
3134,
9361,
9352,
15645,
9361,
9352,
9361,
2397,
4164,
11577,
15646,
4164,
15646,
11576,
11577,
3131,
9354,
11577,
9354,
15646,
15646,
9354,
2400,
15646,
2400,
9360,
11576,
15646,
9360,
11576,
9360,
3134,
3132,
9356,
15647,
3132,
15647,
11578,
9356,
2401,
9355,
9356,
9355,
15647,
15647,
9355,
3131,
15647,
3131,
11577,
11578,
15647,
11577,
11578,
11577,
4164,
2496,
10827,
15648,
2496,
15648,
9659,
10827,
3904,
11581,
10827,
11581,
15648,
15648,
11581,
4165,
15648,
4165,
11579,
9659,
15648,
11579,
9659,
11579,
3292,
2497,
9658,
15649,
2497,
15649,
10821,
9658,
3292,
11579,
9658,
11579,
15649,
15649,
11579,
4165,
15649,
4165,
11580,
10821,
15649,
11580,
10821,
11580,
3901,
2791,
10822,
15650,
2791,
15650,
10828,
10822,
3901,
11580,
10822,
11580,
15650,
15650,
11580,
4165,
15650,
4165,
11581,
10828,
15650,
11581,
10828,
11581,
3904,
2494,
9688,
15651,
2494,
15651,
9645,
9688,
3308,
11585,
9688,
11585,
15651,
15651,
11585,
4166,
15651,
4166,
11582,
9645,
15651,
11582,
9645,
11582,
3285,
3285,
11582,
15652,
3285,
15652,
9644,
11582,
4166,
11583,
11582,
11583,
15652,
15652,
11583,
3147,
15652,
3147,
9387,
9644,
15652,
9387,
9644,
9387,
2493,
4166,
11584,
15653,
4166,
15653,
11583,
11584,
3298,
9670,
11584,
9670,
15653,
15653,
9670,
2498,
15653,
2498,
9386,
11583,
15653,
9386,
11583,
9386,
3147,
3308,
9690,
15654,
3308,
15654,
11585,
9690,
2502,
9671,
9690,
9671,
15654,
15654,
9671,
3298,
15654,
3298,
11584,
11585,
15654,
11584,
11585,
11584,
4166,
2492,
9701,
15655,
2492,
15655,
9647,
9701,
3315,
11589,
9701,
11589,
15655,
15655,
11589,
4167,
15655,
4167,
11586,
9647,
15655,
11586,
9647,
11586,
3286,
3286,
11586,
15656,
3286,
15656,
9646,
11586,
4167,
11587,
11586,
11587,
15656,
15656,
11587,
3278,
15656,
3278,
9632,
9646,
15656,
9632,
9646,
9632,
2490,
4167,
11588,
15657,
4167,
15657,
11587,
11588,
3297,
9668,
11588,
9668,
15657,
15657,
9668,
2499,
15657,
2499,
9630,
11587,
15657,
9630,
11587,
9630,
3278,
3315,
9702,
15658,
3315,
15658,
11589,
9702,
2504,
9669,
9702,
9669,
15658,
15658,
9669,
3297,
15658,
3297,
11588,
11589,
15658,
11588,
11589,
11588,
4167,
4585,
13123,
15659,
4585,
15659,
10391,
13123,
4586,
11592,
13123,
11592,
15659,
15659,
11592,
4168,
15659,
4168,
11590,
10391,
15659,
11590,
10391,
11590,
3680,
3680,
11590,
15660,
3680,
15660,
13135,
11590,
4168,
13136,
11590,
13136,
15660,
15660,
13136,
3143,
15660,
3143,
9378,
13135,
15660,
9378,
13135,
9378,
2691,
4586,
13122,
15661,
4586,
15661,
11592,
13122,
4579,
9709,
13122,
9709,
15661,
15661,
9709,
3320,
15661,
3320,
11591,
11592,
15661,
11591,
11592,
11591,
4168,
2488,
9654,
15662,
2488,
15662,
9629,
9654,
3290,
11596,
9654,
11596,
15662,
15662,
11596,
4169,
15662,
4169,
11593,
9629,
15662,
11593,
9629,
11593,
3277,
3277,
11593,
15663,
3277,
15663,
9628,
11593,
4169,
11594,
11593,
11594,
15663,
15663,
11594,
3674,
15663,
3674,
10383,
9628,
15663,
10383,
9628,
10383,
2704,
4169,
11595,
15664,
4169,
15664,
11594,
11595,
3145,
9382,
11595,
9382,
15664,
15664,
9382,
2703,
15664,
2703,
10384,
11594,
15664,
10384,
11594,
10384,
3674,
3290,
9655,
15665,
3290,
15665,
11596,
9655,
2487,
9383,
9655,
9383,
15665,
15665,
9383,
3145,
15665,
3145,
11595,
11596,
15665,
11595,
11596,
11595,
4169,
2496,
9659,
15666,
2496,
15666,
10366,
9659,
3292,
11600,
9659,
11600,
15666,
15666,
11600,
4170,
15666,
4170,
11597,
10366,
15666,
11597,
10366,
11597,
3665,
3665,
11597,
15667,
3665,
15667,
10367,
11597,
4170,
11598,
11597,
11598,
15667,
15667,
11598,
3289,
15667,
3289,
9652,
10367,
15667,
9652,
10367,
9652,
2700,
4170,
11599,
15668,
4170,
15668,
11598,
11599,
3302,
9678,
11599,
9678,
15668,
15668,
9678,
2701,
15668,
2701,
9653,
11598,
15668,
9653,
11598,
9653,
3289,
3292,
9658,
15669,
3292,
15669,
11600,
9658,
2497,
9679,
9658,
9679,
15669,
15669,
9679,
3302,
15669,
3302,
11599,
11600,
15669,
11599,
11600,
11599,
4170,
2496,
10366,
15670,
2496,
15670,
9672,
10366,
3665,
11604,
10366,
11604,
15670,
15670,
11604,
4171,
15670,
4171,
11601,
9672,
15670,
11601,
9672,
11601,
3299,
3299,
11601,
15671,
3299,
15671,
9673,
11601,
4171,
11602,
11601,
11602,
15671,
15671,
11602,
3670,
15671,
3670,
10376,
9673,
15671,
10376,
9673,
10376,
2501,
4171,
11603,
15672,
4171,
15672,
11602,
11603,
3288,
9650,
11603,
9650,
15672,
15672,
9650,
2699,
15672,
2699,
10377,
11602,
15672,
10377,
11602,
10377,
3670,
3665,
10367,
15673,
3665,
15673,
11604,
10367,
2700,
9651,
10367,
9651,
15673,
15673,
9651,
3288,
15673,
3288,
11603,
11604,
15673,
11603,
11604,
11603,
4171,
2491,
9633,
15674,
2491,
15674,
9657,
9633,
3279,
11608,
9633,
11608,
15674,
15674,
11608,
4172,
15674,
4172,
11605,
9657,
15674,
11605,
9657,
11605,
3291,
3291,
11605,
15675,
3291,
15675,
9656,
11605,
4172,
11606,
11605,
11606,
15675,
15675,
11606,
3670,
15675,
3670,
10377,
9656,
15675,
10377,
9656,
10377,
2699,
4172,
11607,
15676,
4172,
15676,
11606,
11607,
3295,
9664,
11607,
9664,
15676,
15676,
9664,
2501,
15676,
2501,
10376,
11606,
15676,
10376,
11606,
10376,
3670,
3279,
9631,
15677,
3279,
15677,
11608,
9631,
2500,
9665,
9631,
9665,
15677,
15677,
9665,
3295,
15677,
3295,
11607,
11608,
15677,
11607,
11608,
11607,
4172,
2700,
9652,
15678,
2700,
15678,
9714,
9652,
3289,
11612,
9652,
11612,
15678,
15678,
11612,
4173,
15678,
4173,
11609,
9714,
15678,
11609,
9714,
11609,
3323,
3323,
11609,
15679,
3323,
15679,
9715,
11609,
4173,
11610,
11609,
11610,
15679,
15679,
11610,
3140,
15679,
3140,
9372,
9715,
15679,
9372,
9715,
9372,
2409,
4173,
11611,
15680,
4173,
15680,
11610,
11611,
3667,
10370,
11611,
10370,
15680,
15680,
10370,
2404,
15680,
2404,
9373,
11610,
15680,
9373,
11610,
9373,
3140,
3289,
9653,
15681,
3289,
15681,
11612,
9653,
2701,
10371,
9653,
10371,
15681,
15681,
10371,
3667,
15681,
3667,
11611,
11612,
15681,
11611,
11612,
11611,
4173,
4576,
13121,
15682,
4576,
15682,
13084,
13121,
4587,
11615,
13121,
11615,
15682,
15682,
11615,
4174,
15682,
4174,
11613,
13084,
15682,
11613,
13084,
11613,
3312,
4168,
11591,
15683,
4168,
15683,
13136,
11591,
3320,
13129,
11591,
13129,
15683,
15683,
13129,
2404,
15683,
2404,
9379,
13136,
15683,
9379,
13136,
9379,
3143,
3312,
11613,
15684,
3312,
15684,
13126,
11613,
4174,
13137,
11613,
13137,
15684,
15684,
13137,
3142,
15684,
3142,
9376,
13126,
15684,
9376,
13126,
9376,
2407,
4587,
13120,
15685,
4587,
15685,
11615,
13120,
4584,
10390,
13120,
10390,
15685,
15685,
10390,
3679,
15685,
3679,
11614,
11615,
15685,
11614,
11615,
11614,
4174,
4174,
11614,
15686,
4174,
15686,
13137,
11614,
3679,
13134,
11614,
13134,
15686,
15686,
13134,
2690,
15686,
2690,
9377,
13137,
15686,
9377,
13137,
9377,
3142,
4574,
13119,
15687,
4574,
15687,
9680,
13119,
4588,
13096,
13119,
13096,
15687,
15687,
13096,
3148,
15687,
3148,
9388,
9680,
15687,
9388,
9680,
9388,
2410,
4588,
13118,
15688,
4588,
15688,
13096,
13118,
4579,
13087,
13118,
13087,
15688,
15688,
13087,
2411,
15688,
2411,
9389,
13096,
15688,
9389,
13096,
9389,
3148,
2409,
9372,
15689,
2409,
15689,
13124,
9372,
3140,
13138,
9372,
13138,
15689,
15689,
13138,
4175,
15689,
4175,
11616,
13124,
15689,
11616,
13124,
11616,
3303,
4583,
13117,
15690,
4583,
15690,
10389,
13117,
4589,
11621,
13117,
11621,
15690,
15690,
11621,
4176,
15690,
4176,
11619,
10389,
15690,
11619,
10389,
11619,
3678,
3140,
9373,
15691,
3140,
15691,
13138,
9373,
2404,
13129,
9373,
13129,
15691,
15691,
13129,
3320,
15691,
3320,
11618,
13138,
15691,
11618,
13138,
11618,
4175,
3678,
11619,
15692,
3678,
15692,
13133,
11619,
4176,
13139,
11619,
13139,
15692,
15692,
13139,
3687,
15692,
3687,
10404,
13133,
15692,
10404,
13133,
10404,
2693,
4589,
13116,
15693,
4589,
15693,
11621,
13116,
4580,
13088,
13116,
13088,
15693,
15693,
13088,
3673,
15693,
3673,
11620,
11621,
15693,
11620,
11621,
11620,
4176,
2797,
10866,
15694,
2797,
15694,
10870,
10866,
3923,
11625,
10866,
11625,
15694,
15694,
11625,
4177,
15694,
4177,
11622,
10870,
15694,
11622,
10870,
11622,
3925,
3925,
11622,
15695,
3925,
15695,
10869,
11622,
4177,
11623,
11622,
11623,
15695,
15695,
11623,
3465,
15695,
3465,
9983,
10869,
15695,
9983,
10869,
9983,
2794,
4177,
11624,
15696,
4177,
15696,
11623,
11624,
3128,
9348,
11624,
9348,
15696,
15696,
9348,
2396,
15696,
2396,
9985,
11623,
15696,
9985,
11623,
9985,
3465,
3923,
10865,
15697,
3923,
15697,
11625,
10865,
2441,
9349,
10865,
9349,
15697,
15697,
9349,
3128,
15697,
3128,
11624,
11625,
15697,
11624,
11625,
11624,
4177,
2492,
9635,
15698,
2492,
15698,
10403,
9635,
3280,
11629,
9635,
11629,
15698,
15698,
11629,
4178,
15698,
4178,
11626,
10403,
15698,
11626,
10403,
11626,
3686,
3686,
11626,
15699,
3686,
15699,
10402,
11626,
4178,
11627,
11626,
11627,
15699,
15699,
11627,
3146,
15699,
3146,
9385,
10402,
15699,
9385,
10402,
9385,
2489,
4178,
11628,
15700,
4178,
15700,
11627,
11628,
3669,
10374,
11628,
10374,
15700,
15700,
10374,
2693,
15700,
2693,
9384,
11627,
15700,
9384,
11627,
9384,
3146,
3280,
9634,
15701,
3280,
15701,
11629,
9634,
2692,
10375,
9634,
10375,
15701,
15701,
10375,
3669,
15701,
3669,
11628,
11629,
15701,
11628,
11629,
11628,
4178,
2403,
9374,
15702,
2403,
15702,
9721,
9374,
3141,
11633,
9374,
11633,
15702,
15702,
11633,
4179,
15702,
4179,
11630,
9721,
15702,
11630,
9721,
11630,
3326,
3326,
11630,
15703,
3326,
15703,
9720,
11630,
4179,
11631,
11630,
11631,
15703,
15703,
11631,
3290,
15703,
3290,
9654,
9720,
15703,
9654,
9720,
9654,
2488,
4179,
11632,
15704,
4179,
15704,
11631,
11632,
3322,
9712,
11632,
9712,
15704,
15704,
9712,
2487,
15704,
2487,
9655,
11631,
15704,
9655,
11631,
9655,
3290,
3141,
9375,
15705,
3141,
15705,
11633,
9375,
2402,
9713,
9375,
9713,
15705,
15705,
9713,
3322,
15705,
3322,
11632,
11633,
15705,
11632,
11633,
11632,
4179,
2407,
9376,
15706,
2407,
15706,
9711,
9376,
3142,
11637,
9376,
11637,
15706,
15706,
11637,
4180,
15706,
4180,
11634,
9711,
15706,
11634,
9711,
11634,
3321,
3321,
11634,
15707,
3321,
15707,
9710,
11634,
4180,
11635,
11634,
11635,
15707,
15707,
11635,
3285,
15707,
3285,
9644,
9710,
15707,
9644,
9710,
9644,
2493,
4180,
11636,
15708,
4180,
15708,
11635,
11636,
3281,
9638,
11636,
9638,
15708,
15708,
9638,
2494,
15708,
2494,
9645,
11635,
15708,
9645,
11635,
9645,
3285,
3142,
9377,
15709,
3142,
15709,
11637,
9377,
2690,
9636,
9377,
9636,
15709,
15709,
9636,
3281,
15709,
3281,
11636,
11637,
15709,
11636,
11637,
11636,
4180,
2691,
9378,
15710,
2691,
15710,
9637,
9378,
3143,
11641,
9378,
11641,
15710,
15710,
11641,
4181,
15710,
4181,
11638,
9637,
15710,
11638,
9637,
11638,
3282,
3282,
11638,
15711,
3282,
15711,
9639,
11638,
4181,
11639,
11638,
11639,
15711,
15711,
11639,
3688,
15711,
3688,
10406,
9639,
15711,
10406,
9639,
10406,
2495,
4181,
11640,
15712,
4181,
15712,
11639,
11640,
3667,
10371,
11640,
10371,
15712,
15712,
10371,
2701,
15712,
2701,
10407,
11639,
15712,
10407,
11639,
10407,
3688,
3143,
9379,
15713,
3143,
15713,
11641,
9379,
2404,
10370,
9379,
10370,
15713,
15713,
10370,
3667,
15713,
3667,
11640,
11641,
15713,
11640,
11641,
11640,
4181,
2408,
9380,
15714,
2408,
15714,
9723,
9380,
3144,
11645,
9380,
11645,
15714,
15714,
11645,
4182,
15714,
4182,
11642,
9723,
15714,
11642,
9723,
11642,
3327,
3327,
11642,
15715,
3327,
15715,
9722,
11642,
4182,
11643,
11642,
11643,
15715,
15715,
11643,
3291,
15715,
3291,
9656,
9722,
15715,
9656,
9722,
9656,
2699,
4182,
11644,
15716,
4182,
15716,
11643,
11644,
3325,
9717,
11644,
9717,
15716,
15716,
9717,
2491,
15716,
2491,
9657,
11643,
15716,
9657,
11643,
9657,
3291,
3144,
9381,
15717,
3144,
15717,
11645,
9381,
2406,
9719,
9381,
9719,
15717,
15717,
9719,
3325,
15717,
3325,
11644,
11645,
15717,
11644,
11645,
11644,
4182,
2421,
9414,
15718,
2421,
15718,
9405,
9414,
3161,
11649,
9414,
11649,
15718,
15718,
11649,
4183,
15718,
4183,
11646,
9405,
15718,
11646,
9405,
11646,
3156,
3156,
11646,
15719,
3156,
15719,
9404,
11646,
4183,
11647,
11646,
11647,
15719,
15719,
11647,
3685,
15719,
3685,
10401,
9404,
15719,
10401,
9404,
10401,
2695,
4183,
11648,
15720,
4183,
15720,
11647,
11648,
3171,
9435,
11648,
9435,
15720,
15720,
9435,
2412,
15720,
2412,
10400,
11647,
15720,
10400,
11647,
10400,
3685,
3161,
9415,
15721,
3161,
15721,
11649,
9415,
2422,
9434,
9415,
9434,
15721,
15721,
9434,
3171,
15721,
3171,
11648,
11649,
15721,
11648,
11649,
11648,
4183,
4176,
11620,
15722,
4176,
15722,
13139,
11620,
3673,
13130,
11620,
13130,
15722,
15722,
13130,
2403,
15722,
2403,
10405,
13139,
15722,
10405,
13139,
10405,
3687,
2409,
13124,
15723,
2409,
15723,
10369,
13124,
3303,
11652,
13124,
11652,
15723,
15723,
11652,
4184,
15723,
4184,
13140,
10369,
15723,
13140,
10369,
13140,
3666,
4590,
13098,
15724,
4590,
15724,
13115,
13098,
3154,
9400,
13098,
9400,
15724,
15724,
9400,
2415,
15724,
2415,
9685,
13115,
15724,
9685,
13115,
9685,
4575,
4574,
9680,
15725,
4574,
15725,
13114,
9680,
2410,
9401,
9680,
9401,
15725,
15725,
9401,
3154,
15725,
3154,
13098,
13114,
15725,
13098,
13114,
13098,
4590,
2696,
9642,
15726,
2696,
15726,
9403,
9642,
3283,
11655,
9642,
11655,
15726,
15726,
11655,
4185,
15726,
4185,
11653,
9403,
15726,
11653,
9403,
11653,
3155,
2421,
9402,
15727,
2421,
15727,
9422,
9402,
3155,
11653,
9402,
11653,
15727,
15727,
11653,
4185,
15727,
4185,
11654,
9422,
15727,
11654,
9422,
11654,
3164,
2425,
9420,
15728,
2425,
15728,
9640,
9420,
3164,
11654,
9420,
11654,
15728,
15728,
11654,
4185,
15728,
4185,
11655,
9640,
15728,
11655,
9640,
11655,
3283,
2416,
10845,
15729,
2416,
15729,
9430,
10845,
3913,
11658,
10845,
11658,
15729,
15729,
11658,
4186,
15729,
4186,
11656,
9430,
15729,
11656,
9430,
11656,
3169,
2423,
9432,
15730,
2423,
15730,
9419,
9432,
3169,
11656,
9432,
11656,
15730,
15730,
11656,
4186,
15730,
4186,
11657,
9419,
15730,
11657,
9419,
11657,
3163,
2422,
9418,
15731,
2422,
15731,
10846,
9418,
3163,
11657,
9418,
11657,
15731,
15731,
11657,
4186,
15731,
4186,
11658,
10846,
15731,
11658,
10846,
11658,
3913,
2694,
10851,
15732,
2694,
15732,
9407,
10851,
3916,
11661,
10851,
11661,
15732,
15732,
11661,
4187,
15732,
4187,
11659,
9407,
15732,
11659,
9407,
11659,
3157,
2433,
9406,
15733,
2433,
15733,
9447,
9406,
3157,
11659,
9406,
11659,
15733,
15733,
11659,
4187,
15733,
4187,
11660,
9447,
15733,
11660,
9447,
11660,
3177,
2431,
9446,
15734,
2431,
15734,
10852,
9446,
3177,
11660,
9446,
11660,
15734,
15734,
11660,
4187,
15734,
4187,
11661,
10852,
15734,
11661,
10852,
11661,
3916,
2504,
9702,
15735,
2504,
15735,
10395,
9702,
3315,
11665,
9702,
11665,
15735,
15735,
11665,
4188,
15735,
4188,
11662,
10395,
15735,
11662,
10395,
11662,
3682,
3682,
11662,
15736,
3682,
15736,
10394,
11662,
4188,
11663,
11662,
11663,
15736,
15736,
11663,
3671,
15736,
3671,
10379,
10394,
15736,
10379,
10394,
10379,
2702,
4188,
11664,
15737,
4188,
15737,
11663,
11664,
3686,
10402,
11664,
10402,
15737,
15737,
10402,
2489,
15737,
2489,
10378,
11663,
15737,
10378,
11663,
10378,
3671,
3315,
9701,
15738,
3315,
15738,
11665,
9701,
2492,
10403,
9701,
10403,
15738,
15738,
10403,
3686,
15738,
3686,
11664,
11665,
15738,
11664,
11665,
11664,
4188,
2423,
9419,
15739,
2423,
15739,
9428,
9419,
3163,
11669,
9419,
11669,
15739,
15739,
11669,
4189,
15739,
4189,
11666,
9428,
15739,
11666,
9428,
11666,
3167,
3167,
11666,
15740,
3167,
15740,
9426,
11666,
4189,
11667,
11666,
11667,
15740,
15740,
11667,
3165,
15740,
3165,
9421,
9426,
15740,
9421,
9426,
9421,
2426,
4189,
11668,
15741,
4189,
15741,
11667,
11668,
3161,
9414,
11668,
9414,
15741,
15741,
9414,
2421,
15741,
2421,
9423,
11667,
15741,
9423,
11667,
9423,
3165,
3163,
9418,
15742,
3163,
15742,
11669,
9418,
2422,
9415,
9418,
9415,
15742,
15742,
9415,
3161,
15742,
3161,
11668,
11669,
15742,
11668,
11669,
11668,
4189,
2420,
9417,
15743,
2420,
15743,
9413,
9417,
3162,
11673,
9417,
11673,
15743,
15743,
11673,
4190,
15743,
4190,
11670,
9413,
15743,
11670,
9413,
11670,
3160,
3160,
11670,
15744,
3160,
15744,
9412,
11670,
4190,
11671,
11670,
11671,
15744,
15744,
11671,
3166,
15744,
3166,
9424,
9412,
15744,
9424,
9412,
9424,
2419,
4190,
11672,
15745,
4190,
15745,
11671,
11672,
3168,
9427,
11672,
9427,
15745,
15745,
9427,
2427,
15745,
2427,
9425,
11671,
15745,
9425,
11671,
9425,
3166,
3162,
9416,
15746,
3162,
15746,
11673,
9416,
2424,
9429,
9416,
9429,
15746,
15746,
9429,
3168,
15746,
3168,
11672,
11673,
15746,
11672,
11673,
11672,
4190,
2417,
10843,
15747,
2417,
15747,
9394,
10843,
3912,
11676,
10843,
11676,
15747,
15747,
11676,
4191,
15747,
4191,
11674,
9394,
15747,
11674,
9394,
11674,
3151,
2411,
9395,
15748,
2411,
15748,
9436,
9395,
3151,
11674,
9395,
11674,
15748,
15748,
11674,
4191,
15748,
4191,
11675,
9436,
15748,
11675,
9436,
11675,
3172,
2420,
9437,
15749,
2420,
15749,
10844,
9437,
3172,
11675,
9437,
11675,
15749,
15749,
11675,
4191,
15749,
4191,
11676,
10844,
15749,
11676,
10844,
11676,
3912,
2433,
9449,
15750,
2433,
15750,
9391,
9449,
3178,
11679,
9449,
11679,
15750,
15750,
11679,
4192,
15750,
4192,
11677,
9391,
15750,
11677,
9391,
11677,
3149,
2696,
9390,
15751,
2696,
15751,
9408,
9390,
3149,
11677,
9390,
11677,
15751,
15751,
11677,
4192,
15751,
4192,
11678,
9408,
15751,
11678,
9408,
11678,
3158,
2434,
9410,
15752,
2434,
15752,
9448,
9410,
3158,
11678,
9410,
11678,
15752,
15752,
11678,
4192,
15752,
4192,
11679,
9448,
15752,
11679,
9448,
11679,
3178,
2410,
9439,
15753,
2410,
15753,
9648,
9439,
3173,
11683,
9439,
11683,
15753,
15753,
11683,
4193,
15753,
4193,
11680,
9648,
15753,
11680,
9648,
11680,
3287,
3287,
11680,
15754,
3287,
15754,
9649,
11680,
4193,
11681,
11680,
11681,
15754,
15754,
11681,
3284,
15754,
3284,
9643,
9649,
15754,
9643,
9649,
9643,
2697,
4193,
11682,
15755,
4193,
15755,
11681,
11682,
3166,
9425,
11682,
9425,
15755,
15755,
9425,
2427,
15755,
2427,
9641,
11681,
15755,
9641,
11681,
9641,
3284,
3173,
9438,
15756,
3173,
15756,
11683,
9438,
2419,
9424,
9438,
9424,
15756,
15756,
9424,
3166,
15756,
3166,
11682,
11683,
15756,
11682,
11683,
11682,
4193,
2411,
9436,
15757,
2411,
15757,
9389,
9436,
3172,
11687,
9436,
11687,
15757,
15757,
11687,
4194,
15757,
4194,
11684,
9389,
15757,
11684,
9389,
11684,
3148,
3148,
11684,
15758,
3148,
15758,
9388,
11684,
4194,
11685,
11684,
11685,
15758,
15758,
11685,
3173,
15758,
3173,
9439,
9388,
15758,
9439,
9388,
9439,
2410,
4194,
11686,
15759,
4194,
15759,
11685,
11686,
3160,
9412,
11686,
9412,
15759,
15759,
9412,
2419,
15759,
2419,
9438,
11685,
15759,
9438,
11685,
9438,
3173,
3172,
9437,
15760,
3172,
15760,
11687,
9437,
2420,
9413,
9437,
9413,
15760,
15760,
9413,
3160,
15760,
3160,
11686,
11687,
15760,
11686,
11687,
11686,
4194,
2434,
9448,
15761,
2434,
15761,
9454,
9448,
3178,
11691,
9448,
11691,
15761,
15761,
11691,
4195,
15761,
4195,
11688,
9454,
15761,
11688,
9454,
11688,
3180,
3180,
11688,
15762,
3180,
15762,
9452,
11688,
4195,
11689,
11688,
11689,
15762,
15762,
11689,
3175,
15762,
3175,
9443,
9452,
15762,
9443,
9452,
9443,
2428,
4195,
11690,
15763,
4195,
15763,
11689,
11690,
3177,
9446,
11690,
9446,
15763,
15763,
9446,
2431,
15763,
2431,
9442,
11689,
15763,
9442,
11689,
9442,
3175,
3178,
9449,
15764,
3178,
15764,
11691,
9449,
2433,
9447,
9449,
9447,
15764,
15764,
9447,
3177,
15764,
3177,
11690,
11691,
15764,
11690,
11691,
11690,
4195,
2432,
9450,
15765,
2432,
15765,
9445,
9450,
3179,
11695,
9450,
11695,
15765,
15765,
11695,
4196,
15765,
4196,
11692,
9445,
15765,
11692,
9445,
11692,
3176,
3176,
11692,
15766,
3176,
15766,
9444,
11692,
4196,
11693,
11692,
11693,
15766,
15766,
11693,
3174,
15766,
3174,
9441,
9444,
15766,
9441,
9444,
9441,
2430,
4196,
11694,
15767,
4196,
15767,
11693,
11694,
3181,
9453,
11694,
9453,
15767,
15767,
9453,
2429,
15767,
2429,
9440,
11693,
15767,
9440,
11693,
9440,
3174,
3179,
9451,
15768,
3179,
15768,
11695,
9451,
2435,
9455,
9451,
9455,
15768,
15768,
9455,
3181,
15768,
3181,
11694,
11695,
15768,
11694,
11695,
11694,
4196,
2697,
9409,
15769,
2697,
15769,
9649,
9409,
3159,
11699,
9409,
11699,
15769,
15769,
11699,
4197,
15769,
4197,
11696,
9649,
15769,
11696,
9649,
11696,
3287,
3287,
11696,
15770,
3287,
15770,
9648,
11696,
4197,
11697,
11696,
11697,
15770,
15770,
11697,
3183,
15770,
3183,
9458,
9648,
15770,
9458,
9648,
9458,
2410,
4197,
11698,
15771,
4197,
15771,
11697,
11698,
3179,
9450,
11698,
9450,
15771,
15771,
9450,
2432,
15771,
2432,
9459,
11697,
15771,
9459,
11697,
9459,
3183,
3159,
9411,
15772,
3159,
15772,
11699,
9411,
2435,
9451,
9411,
9451,
15772,
15772,
9451,
3179,
15772,
3179,
11698,
11699,
15772,
11698,
11699,
11698,
4197,
2410,
9458,
15773,
2410,
15773,
9401,
9458,
3183,
11703,
9458,
11703,
15773,
15773,
11703,
4198,
15773,
4198,
11700,
9401,
15773,
11700,
9401,
11700,
3154,
3154,
11700,
15774,
3154,
15774,
9400,
11700,
4198,
11701,
11700,
11701,
15774,
15774,
11701,
3184,
15774,
3184,
9460,
9400,
15774,
9460,
9400,
9460,
2415,
4198,
11702,
15775,
4198,
15775,
11701,
11702,
3176,
9444,
11702,
9444,
15775,
15775,
9444,
2430,
15775,
2430,
9461,
11701,
15775,
9461,
11701,
9461,
3184,
3183,
9459,
15776,
3183,
15776,
11703,
9459,
2432,
9445,
9459,
9445,
15776,
15776,
9445,
3176,
15776,
3176,
11702,
11703,
15776,
11702,
11703,
11702,
4198,
2413,
10841,
15777,
2413,
15777,
9397,
10841,
3911,
11706,
10841,
11706,
15777,
15777,
11706,
4199,
15777,
4199,
11704,
9397,
15777,
11704,
9397,
11704,
3152,
2418,
9396,
15778,
2418,
15778,
9457,
9396,
3152,
11704,
9396,
11704,
15778,
15778,
11704,
4199,
15778,
4199,
11705,
9457,
15778,
11705,
9457,
11705,
3182,
2431,
9456,
15779,
2431,
15779,
10842,
9456,
3182,
11705,
9456,
11705,
15779,
15779,
11705,
4199,
15779,
4199,
11706,
10842,
15779,
11706,
10842,
11706,
3911,
2414,
10839,
15780,
2414,
15780,
9465,
10839,
3910,
11709,
10839,
11709,
15780,
15780,
11709,
4200,
15780,
4200,
11707,
9465,
15780,
11707,
9465,
11707,
3186,
2429,
9463,
15781,
2429,
15781,
9440,
9463,
3186,
11707,
9463,
11707,
15781,
15781,
11707,
4200,
15781,
4200,
11708,
9440,
15781,
11708,
9440,
11708,
3174,
2430,
9441,
15782,
2430,
15782,
10840,
9441,
3174,
11708,
9441,
11708,
15782,
15782,
11708,
4200,
15782,
4200,
11709,
10840,
15782,
11709,
10840,
11709,
3910,
2440,
10837,
15783,
2440,
15783,
9467,
10837,
3909,
11712,
10837,
11712,
15783,
15783,
11712,
4201,
15783,
4201,
11710,
9467,
15783,
11710,
9467,
11710,
3187,
2384,
9466,
15784,
2384,
15784,
10411,
9466,
3187,
11710,
9466,
11710,
15784,
15784,
11710,
4201,
15784,
4201,
11711,
10411,
15784,
11711,
10411,
11711,
3690,
2705,
10410,
15785,
2705,
15785,
10838,
10410,
3690,
11711,
10410,
11711,
15785,
15785,
11711,
4201,
15785,
4201,
11712,
10838,
15785,
11712,
10838,
11712,
3909,
2384,
9332,
15786,
2384,
15786,
9466,
9332,
3120,
11716,
9332,
11716,
15786,
15786,
11716,
4202,
15786,
4202,
11713,
9466,
15786,
11713,
9466,
11713,
3187,
3187,
11713,
15787,
3187,
15787,
9467,
11713,
4202,
11714,
11713,
11714,
15787,
15787,
11714,
3189,
15787,
3189,
9470,
9467,
15787,
9470,
9467,
9470,
2440,
4202,
11715,
15788,
4202,
15788,
11714,
11715,
3197,
9487,
11715,
9487,
15788,
15788,
9487,
2439,
15788,
2439,
9471,
11714,
15788,
9471,
11714,
9471,
3189,
3120,
9333,
15789,
3120,
15789,
11716,
9333,
2388,
9486,
9333,
9486,
15789,
15789,
9486,
3197,
15789,
3197,
11715,
11716,
15789,
11715,
11716,
11715,
4202,
2388,
9478,
15790,
2388,
15790,
9486,
9478,
3193,
11719,
9478,
11719,
15790,
15790,
11719,
4203,
15790,
4203,
11717,
9486,
15790,
11717,
9486,
11717,
3197,
2439,
9487,
15791,
2439,
15791,
9472,
9487,
3197,
11717,
9487,
11717,
15791,
15791,
11717,
4203,
15791,
4203,
11718,
9472,
15791,
11718,
9472,
11718,
3190,
2436,
9473,
15792,
2436,
15792,
9480,
9473,
3190,
11718,
9473,
11718,
15792,
15792,
11718,
4203,
15792,
4203,
11719,
9480,
15792,
11719,
9480,
11719,
3193,
2787,
10796,
15793,
2787,
15793,
10814,
10796,
3888,
11723,
10796,
11723,
15793,
15793,
11723,
4204,
15793,
4204,
11720,
10814,
15793,
11720,
10814,
11720,
3897,
3897,
11720,
15794,
3897,
15794,
10813,
11720,
4204,
11721,
11720,
11721,
15794,
15794,
11721,
3199,
15794,
3199,
5196,
10813,
15794,
5196,
10813,
5196,
2884,
4204,
11722,
15795,
4204,
15795,
11721,
11722,
3635,
10309,
11722,
10309,
15795,
15795,
10309,
2867,
15795,
2867,
5197,
11721,
15795,
5197,
11721,
5197,
3199,
3888,
10795,
15796,
3888,
15796,
11723,
10795,
2613,
10311,
10795,
10311,
15796,
15796,
10311,
3635,
15796,
3635,
11722,
11723,
15796,
11722,
11723,
11722,
4204,
2785,
10792,
15797,
2785,
15797,
10812,
10792,
3885,
11727,
10792,
11727,
15797,
15797,
11727,
4205,
15797,
4205,
11724,
10812,
15797,
11724,
10812,
11724,
3896,
3896,
11724,
15798,
3896,
15798,
10811,
11724,
4205,
11725,
11724,
11725,
15798,
15798,
11725,
3636,
15798,
3636,
10312,
10811,
15798,
10312,
10811,
10312,
2782,
4205,
11726,
15799,
4205,
15799,
11725,
11726,
3638,
10315,
11726,
10315,
15799,
15799,
10315,
2615,
15799,
2615,
10313,
11725,
15799,
10313,
11725,
10313,
3636,
3885,
10791,
15800,
3885,
15800,
11727,
10791,
2448,
10317,
10791,
10317,
15800,
15800,
10317,
3638,
15800,
3638,
11726,
11727,
15800,
11726,
11727,
11726,
4205,
2788,
10798,
15801,
2788,
15801,
10810,
10798,
3889,
11731,
10798,
11731,
15801,
15801,
11731,
4206,
15801,
4206,
11728,
10810,
15801,
11728,
10810,
11728,
3895,
3895,
11728,
15802,
3895,
15802,
10809,
11728,
4206,
11729,
11728,
11729,
15802,
15802,
11729,
3640,
15802,
3640,
10320,
10809,
15802,
10320,
10809,
10320,
2783,
4206,
11730,
15803,
4206,
15803,
11729,
11730,
3632,
10305,
11730,
10305,
15803,
15803,
10305,
2611,
15803,
2611,
10321,
11729,
15803,
10321,
11729,
10321,
3640,
3889,
10797,
15804,
3889,
15804,
11731,
10797,
2620,
10303,
10797,
10303,
15804,
15804,
10303,
3632,
15804,
3632,
11730,
11731,
15804,
11730,
11731,
11730,
4206,
2885,
6536,
15805,
2885,
15805,
10808,
6536,
3886,
11735,
6536,
11735,
15805,
15805,
11735,
4207,
15805,
4207,
11732,
10808,
15805,
11732,
10808,
11732,
3894,
3894,
11732,
15806,
3894,
15806,
10807,
11732,
4207,
11733,
11732,
11733,
15806,
15806,
11733,
3885,
15806,
3885,
10792,
10807,
15806,
10792,
10807,
10792,
2785,
4207,
11734,
15807,
4207,
15807,
11733,
11734,
3206,
9499,
11734,
9499,
15807,
15807,
9499,
2448,
15807,
2448,
10791,
11733,
15807,
10791,
11733,
10791,
3885,
3886,
6535,
15808,
3886,
15808,
11735,
6535,
2865,
9501,
6535,
9501,
15808,
15808,
9501,
3206,
15808,
3206,
11734,
11735,
15808,
11734,
11735,
11734,
4207,
2782,
10312,
15809,
2782,
15809,
10806,
10312,
3636,
11739,
10312,
11739,
15809,
15809,
11739,
4208,
15809,
4208,
11736,
10806,
15809,
11736,
10806,
11736,
3893,
3893,
11736,
15810,
3893,
15810,
10805,
11736,
4208,
11737,
11736,
11737,
15810,
15810,
11737,
3641,
15810,
3641,
10322,
10805,
15810,
10322,
10805,
10322,
2784,
4208,
11738,
15811,
4208,
15811,
11737,
11738,
3463,
9981,
11738,
9981,
15811,
15811,
9981,
2617,
15811,
2617,
10323,
11737,
15811,
10323,
11737,
10323,
3641,
3636,
10313,
15812,
3636,
15812,
11739,
10313,
2615,
9979,
10313,
9979,
15812,
15812,
9979,
3463,
15812,
3463,
11738,
11739,
15812,
11738,
11739,
11738,
4208,
2786,
10794,
15813,
2786,
15813,
10804,
10794,
3887,
11743,
10794,
11743,
15813,
15813,
11743,
4209,
15813,
4209,
11740,
10804,
15813,
11740,
10804,
11740,
3892,
3892,
11740,
15814,
3892,
15814,
10803,
11740,
4209,
11741,
11740,
11741,
15814,
15814,
11741,
3888,
15814,
3888,
10796,
10803,
15814,
10796,
10803,
10796,
2787,
4209,
11742,
15815,
4209,
15815,
11741,
11742,
3643,
10325,
11742,
10325,
15815,
15815,
10325,
2613,
15815,
2613,
10795,
11741,
15815,
10795,
11741,
10795,
3888,
3887,
10793,
15816,
3887,
15816,
11743,
10793,
2443,
10327,
10793,
10327,
15816,
15816,
10327,
3643,
15816,
3643,
11742,
11743,
15816,
11742,
11743,
11742,
4209,
2784,
10322,
15817,
2784,
15817,
10802,
10322,
3641,
11747,
10322,
11747,
15817,
15817,
11747,
4210,
15817,
4210,
11744,
10802,
15817,
11744,
10802,
11744,
3891,
3891,
11744,
15818,
3891,
15818,
10801,
11744,
4210,
11745,
11744,
11745,
15818,
15818,
11745,
3889,
15818,
3889,
10798,
10801,
15818,
10798,
10801,
10798,
2788,
4210,
11746,
15819,
4210,
15819,
11745,
11746,
3461,
9977,
11746,
9977,
15819,
15819,
9977,
2620,
15819,
2620,
10797,
11745,
15819,
10797,
11745,
10797,
3889,
3641,
10323,
15820,
3641,
15820,
11747,
10323,
2617,
9975,
10323,
9975,
15820,
15820,
9975,
3461,
15820,
3461,
11746,
11747,
15820,
11746,
11747,
11746,
4210,
2783,
10320,
15821,
2783,
15821,
10800,
10320,
3640,
11751,
10320,
11751,
15821,
15821,
11751,
4211,
15821,
4211,
11748,
10800,
15821,
11748,
10800,
11748,
3890,
3890,
11748,
15822,
3890,
15822,
10799,
11748,
4211,
11749,
11748,
11749,
15822,
15822,
11749,
3887,
15822,
3887,
10794,
10799,
15822,
10794,
10799,
10794,
2786,
4211,
11750,
15823,
4211,
15823,
11749,
11750,
3645,
10329,
11750,
10329,
15823,
15823,
10329,
2443,
15823,
2443,
10793,
11749,
15823,
10793,
11749,
10793,
3887,
3640,
10321,
15824,
3640,
15824,
11751,
10321,
2611,
10331,
10321,
10331,
15824,
15824,
10331,
3645,
15824,
3645,
11750,
11751,
15824,
11750,
11751,
11750,
4211,
2259,
8959,
15825,
2259,
15825,
9513,
8959,
2928,
11755,
8959,
11755,
15825,
15825,
11755,
4212,
15825,
4212,
11752,
9513,
15825,
11752,
9513,
11752,
3212,
3212,
11752,
15826,
3212,
15826,
9512,
11752,
4212,
11753,
11752,
11753,
15826,
15826,
11753,
3634,
15826,
3634,
10310,
9512,
15826,
10310,
9512,
10310,
2612,
4212,
11754,
15827,
4212,
15827,
11753,
11754,
3647,
6066,
11754,
6066,
15827,
15827,
6066,
2866,
15827,
2866,
10308,
11753,
15827,
10308,
11753,
10308,
3634,
2928,
8958,
15828,
2928,
15828,
11755,
8958,
2847,
6067,
8958,
6067,
15828,
15828,
6067,
3647,
15828,
3647,
11754,
11755,
15828,
11754,
11755,
11754,
4212,
2465,
9545,
15829,
2465,
15829,
9548,
9545,
3231,
11759,
9545,
11759,
15829,
15829,
11759,
4213,
15829,
4213,
11756,
9548,
15829,
11756,
9548,
11756,
3232,
3232,
11756,
15830,
3232,
15830,
9546,
11756,
4213,
11757,
11756,
11757,
15830,
15830,
11757,
3248,
15830,
3248,
9578,
9546,
15830,
9578,
9546,
9578,
2457,
4213,
11758,
15831,
4213,
15831,
11757,
11758,
2901,
8918,
11758,
8918,
15831,
15831,
8918,
2271,
15831,
2271,
9579,
11757,
15831,
9579,
11757,
9579,
3248,
3231,
9544,
15832,
3231,
15832,
11759,
9544,
2273,
8919,
9544,
8919,
15832,
15832,
8919,
2901,
15832,
2901,
11758,
11759,
15832,
11758,
11759,
11758,
4213,
2846,
8923,
15833,
2846,
15833,
5296,
8923,
2903,
11763,
8923,
11763,
15833,
15833,
11763,
4214,
15833,
4214,
11760,
5296,
15833,
11760,
5296,
11760,
3249,
3249,
11760,
15834,
3249,
15834,
5297,
11760,
4214,
11761,
11760,
11761,
15834,
15834,
11761,
3957,
15834,
3957,
10930,
5297,
15834,
10930,
5297,
10930,
2874,
4214,
11762,
15835,
4214,
15835,
11761,
11762,
3950,
10913,
11762,
10913,
15835,
15835,
10913,
2799,
15835,
2799,
10926,
11761,
15835,
10926,
11761,
10926,
3957,
2903,
8922,
15836,
2903,
15836,
11763,
8922,
2261,
10914,
8922,
10914,
15836,
15836,
10914,
3950,
15836,
3950,
11762,
11763,
15836,
11762,
11763,
11762,
4214,
2467,
10285,
15837,
2467,
15837,
9582,
10285,
3620,
11767,
10285,
11767,
15837,
15837,
11767,
4215,
15837,
4215,
11764,
9582,
15837,
11764,
9582,
11764,
3253,
3253,
11764,
15838,
3253,
15838,
9584,
11764,
4215,
11765,
11764,
11765,
15838,
15838,
11765,
3619,
15838,
3619,
10283,
9584,
15838,
10283,
9584,
10283,
2469,
4215,
11766,
15839,
4215,
15839,
11765,
11766,
3263,
9602,
11766,
9602,
15839,
15839,
9602,
2473,
15839,
2473,
10284,
11765,
15839,
10284,
11765,
10284,
3619,
3620,
10286,
15840,
3620,
15840,
11767,
10286,
2475,
9603,
10286,
9603,
15840,
15840,
9603,
3263,
15840,
3263,
11766,
11767,
15840,
11766,
11767,
11766,
4215,
4559,
9520,
15841,
4559,
15841,
13077,
9520,
3216,
11771,
9520,
11771,
15841,
15841,
11771,
4216,
15841,
4216,
11768,
13077,
15841,
11768,
13077,
11768,
4568,
4568,
11768,
15842,
4568,
15842,
13076,
11768,
4216,
11769,
11768,
11769,
15842,
15842,
11769,
3221,
15842,
3221,
9530,
13076,
15842,
9530,
13076,
9530,
4560,
4216,
11770,
15843,
4216,
15843,
11769,
11770,
3210,
9509,
11770,
9509,
15843,
15843,
9509,
2446,
15843,
2446,
9531,
11769,
15843,
9531,
11769,
9531,
3221,
3216,
9521,
15844,
3216,
15844,
11771,
9521,
2451,
9508,
9521,
9508,
15844,
15844,
9508,
3210,
15844,
3210,
11770,
11771,
15844,
11770,
11771,
11770,
4216,
4562,
13055,
15845,
4562,
15845,
13075,
13055,
3224,
11775,
13055,
11775,
15845,
15845,
11775,
4217,
15845,
4217,
11772,
13075,
15845,
11772,
13075,
11772,
4569,
4569,
11772,
15846,
4569,
15846,
13074,
11772,
4217,
11773,
11772,
11773,
15846,
15846,
11773,
3213,
15846,
3213,
9514,
13074,
15846,
9514,
13074,
9514,
4557,
4217,
11774,
15847,
4217,
15847,
11773,
11774,
3211,
9511,
11774,
9511,
15847,
15847,
9511,
2444,
15847,
2444,
9515,
11773,
15847,
9515,
11773,
9515,
3213,
3224,
9534,
15848,
3224,
15848,
11775,
9534,
2452,
9510,
9534,
9510,
15848,
15848,
9510,
3211,
15848,
3211,
11774,
11775,
15848,
11774,
11775,
11774,
4217,
4563,
8823,
15849,
4563,
15849,
13073,
8823,
3225,
11779,
8823,
11779,
15849,
15849,
11779,
4218,
15849,
4218,
11776,
13073,
15849,
11776,
13073,
11776,
4570,
4570,
11776,
15850,
4570,
15850,
13072,
11776,
4218,
11777,
11776,
11777,
15850,
15850,
11777,
3228,
15850,
3228,
13057,
13072,
15850,
13057,
13072,
13057,
4565,
4218,
11778,
15851,
4218,
15851,
11777,
11778,
3204,
9497,
11778,
9497,
15851,
15851,
9497,
2449,
15851,
2449,
9538,
11777,
15851,
9538,
11777,
9538,
3228,
3225,
5248,
15852,
3225,
15852,
11779,
5248,
2863,
9496,
5248,
9496,
15852,
15852,
9496,
3204,
15852,
3204,
11778,
11779,
15852,
11778,
11779,
11778,
4218,
2804,
10933,
15853,
2804,
15853,
10951,
10933,
3961,
11782,
10933,
11782,
15853,
15853,
11782,
4219,
15853,
4219,
11780,
10951,
15853,
11780,
10951,
11780,
3971,
2479,
10952,
15854,
2479,
15854,
9590,
10952,
3971,
11780,
10952,
11780,
15854,
15854,
11780,
4219,
15854,
4219,
11781,
9590,
15854,
11781,
9590,
11781,
3257,
2476,
9591,
15855,
2476,
15855,
10934,
9591,
3257,
11781,
9591,
11781,
15855,
15855,
11781,
4219,
15855,
4219,
11782,
10934,
15855,
11782,
10934,
11782,
3961,
4557,
9514,
15856,
4557,
15856,
13071,
9514,
3213,
11786,
9514,
11786,
15856,
15856,
11786,
4220,
15856,
4220,
11783,
13071,
15856,
11783,
13071,
11783,
4571,
4571,
11783,
15857,
4571,
15857,
13070,
11783,
4220,
11784,
11783,
11784,
15857,
15857,
11784,
3215,
15857,
3215,
9518,
13070,
15857,
9518,
13070,
9518,
4558,
4220,
11785,
15858,
4220,
15858,
11784,
11785,
3209,
9507,
11785,
9507,
15858,
15858,
9507,
2450,
15858,
2450,
9519,
11784,
15858,
9519,
11784,
9519,
3215,
3213,
9515,
15859,
3213,
15859,
11786,
9515,
2444,
9506,
9515,
9506,
15859,
15859,
9506,
3209,
15859,
3209,
11785,
11786,
15859,
11785,
11786,
11785,
4220,
4558,
9518,
15860,
4558,
15860,
13069,
9518,
3215,
11790,
9518,
11790,
15860,
15860,
11790,
4221,
15860,
4221,
11787,
13069,
15860,
11787,
13069,
11787,
4572,
4572,
11787,
15861,
4572,
15861,
13068,
11787,
4221,
11788,
11787,
11788,
15861,
15861,
11788,
3222,
15861,
3222,
5242,
13068,
15861,
5242,
13068,
5242,
4561,
4221,
11789,
15862,
4221,
15862,
11788,
11789,
3198,
9489,
11789,
9489,
15862,
15862,
9489,
2868,
15862,
2868,
5243,
11788,
15862,
5243,
11788,
5243,
3222,
3215,
9519,
15863,
3215,
15863,
11790,
9519,
2450,
9488,
9519,
9488,
15863,
15863,
9488,
3198,
15863,
3198,
11789,
11790,
15863,
11789,
11790,
11789,
4221,
4565,
13057,
15864,
4565,
15864,
13067,
13057,
3228,
11794,
13057,
11794,
15864,
15864,
11794,
4222,
15864,
4222,
11791,
13067,
15864,
11791,
13067,
11791,
4573,
4573,
11791,
15865,
4573,
15865,
13066,
11791,
4222,
11792,
11791,
11792,
15865,
15865,
11792,
3226,
15865,
3226,
13056,
13066,
15865,
13056,
13066,
13056,
4564,
4222,
11793,
15866,
4222,
15866,
11792,
11793,
3201,
9493,
11793,
9493,
15866,
15866,
9493,
2445,
15866,
2445,
9536,
11792,
15866,
9536,
11792,
9536,
3226,
3228,
9538,
15867,
3228,
15867,
11794,
9538,
2449,
9492,
9538,
9492,
15867,
15867,
9492,
3201,
15867,
3201,
11793,
11794,
15867,
11793,
11794,
11793,
4222,
2273,
9544,
15868,
2273,
15868,
8995,
9544,
3231,
11798,
9544,
11798,
15868,
15868,
11798,
4223,
15868,
4223,
11795,
8995,
15868,
11795,
8995,
11795,
2946,
2946,
11795,
15869,
2946,
15869,
8994,
11795,
4223,
11796,
11795,
11796,
15869,
15869,
11796,
3230,
15869,
3230,
9542,
8994,
15869,
9542,
8994,
9542,
2282,
4223,
11797,
15870,
4223,
15870,
11796,
11797,
3234,
9552,
11797,
9552,
15870,
15870,
9552,
2463,
15870,
2463,
9543,
11796,
15870,
9543,
11796,
9543,
3230,
3231,
9545,
15871,
3231,
15871,
11798,
9545,
2465,
9550,
9545,
9550,
15871,
15871,
9550,
3234,
15871,
3234,
11797,
11798,
15871,
11797,
11798,
11797,
4223,
2272,
9025,
15872,
2272,
15872,
8997,
9025,
2961,
11802,
9025,
11802,
15872,
15872,
11802,
4224,
15872,
4224,
11799,
8997,
15872,
11799,
8997,
11799,
2947,
2947,
11799,
15873,
2947,
15873,
8996,
11799,
4224,
11800,
11799,
11800,
15873,
15873,
11800,
3229,
15873,
3229,
9540,
8996,
15873,
9540,
8996,
9540,
2284,
4224,
11801,
15874,
4224,
15874,
11800,
11801,
3236,
9556,
11801,
9556,
15874,
15874,
9556,
2461,
15874,
2461,
9541,
11800,
15874,
9541,
11800,
9541,
3229,
2961,
9024,
15875,
2961,
15875,
11802,
9024,
2455,
9554,
9024,
9554,
15875,
15875,
9554,
3236,
15875,
3236,
11801,
11802,
15875,
11801,
11802,
11801,
4224,
2898,
6776,
15876,
2898,
15876,
11024,
6776,
3997,
11806,
6776,
11806,
15876,
15876,
11806,
4225,
15876,
4225,
11803,
11024,
15876,
11803,
11024,
11803,
4003,
4003,
11803,
15877,
4003,
15877,
11023,
11803,
4225,
11804,
11803,
11804,
15877,
15877,
11804,
3999,
15877,
3999,
11016,
11023,
15877,
11016,
11023,
11016,
2835,
4225,
11805,
15878,
4225,
15878,
11804,
11805,
2948,
8998,
11805,
8998,
15878,
15878,
8998,
2270,
15878,
2270,
11015,
11804,
15878,
11015,
11804,
11015,
3999,
3997,
6775,
15879,
3997,
15879,
11806,
6775,
2845,
8999,
6775,
8999,
15879,
15879,
8999,
2948,
15879,
2948,
11805,
11806,
15879,
11805,
11806,
11805,
4225,
2845,
5301,
15880,
2845,
15880,
8999,
5301,
3251,
11810,
5301,
11810,
15880,
15880,
11810,
4226,
15880,
4226,
11807,
8999,
15880,
11807,
8999,
11807,
2948,
2948,
11807,
15881,
2948,
15881,
8998,
11807,
4226,
11808,
11807,
11808,
15881,
15881,
11808,
3214,
15881,
3214,
9517,
8998,
15881,
9517,
8998,
9517,
2270,
4226,
11809,
15882,
4226,
15882,
11808,
11809,
3238,
9560,
11809,
9560,
15882,
15882,
9560,
2459,
15882,
2459,
9516,
11808,
15882,
9516,
11808,
9516,
3214,
3251,
5300,
15883,
3251,
15883,
11810,
5300,
2869,
9558,
5300,
9558,
15883,
15883,
9558,
3238,
15883,
3238,
11809,
11810,
15883,
11809,
11810,
11809,
4226,
2455,
9024,
15884,
2455,
15884,
9564,
9024,
2961,
11814,
9024,
11814,
15884,
15884,
11814,
4227,
15884,
4227,
11811,
9564,
15884,
11811,
9564,
11811,
3240,
3240,
11811,
15885,
3240,
15885,
9562,
11811,
4227,
11812,
11811,
11812,
15885,
15885,
11812,
3230,
15885,
3230,
9543,
9562,
15885,
9543,
9562,
9543,
2463,
4227,
11813,
15886,
4227,
15886,
11812,
11813,
2945,
8992,
11813,
8992,
15886,
15886,
8992,
2282,
15886,
2282,
9542,
11812,
15886,
9542,
11812,
9542,
3230,
2961,
9025,
15887,
2961,
15887,
11814,
9025,
2272,
8993,
9025,
8993,
15887,
15887,
8993,
2945,
15887,
2945,
11813,
11814,
15887,
11813,
11814,
11813,
4227,
2284,
9540,
15888,
2284,
15888,
9001,
9540,
3229,
11818,
9540,
11818,
15888,
15888,
11818,
4228,
15888,
4228,
11815,
9001,
15888,
11815,
9001,
11815,
2949,
2949,
11815,
15889,
2949,
15889,
9000,
11815,
4228,
11816,
11815,
11816,
15889,
15889,
11816,
3223,
15889,
3223,
9532,
9000,
15889,
9532,
9000,
9532,
2353,
4228,
11817,
15890,
4228,
15890,
11816,
11817,
3242,
9568,
11817,
9568,
15890,
15890,
9568,
2453,
15890,
2453,
9533,
11816,
15890,
9533,
11816,
9533,
3223,
3229,
9541,
15891,
3229,
15891,
11818,
9541,
2461,
9566,
9541,
9566,
15891,
15891,
9566,
3242,
15891,
3242,
11817,
11818,
15891,
11817,
11818,
11817,
4228,
2353,
9532,
15892,
2353,
15892,
9003,
9532,
3223,
11822,
9532,
11822,
15892,
15892,
11822,
4229,
15892,
4229,
11819,
9003,
15892,
11819,
9003,
11819,
2950,
2950,
11819,
15893,
2950,
15893,
9002,
11819,
4229,
11820,
11819,
11820,
15893,
15893,
11820,
3227,
15893,
3227,
5252,
9002,
15893,
5252,
9002,
5252,
2857,
4229,
11821,
15894,
4229,
15894,
11820,
11821,
3244,
9570,
11821,
9570,
15894,
15894,
9570,
2871,
15894,
2871,
5253,
11820,
15894,
5253,
11820,
5253,
3227,
3223,
9533,
15895,
3223,
15895,
11822,
9533,
2453,
9572,
9533,
9572,
15895,
15895,
9572,
3244,
15895,
3244,
11821,
11822,
15895,
11821,
11822,
11821,
4229,
2270,
9517,
15896,
2270,
15896,
9031,
9517,
3214,
11826,
9517,
11826,
15896,
15896,
11826,
4230,
15896,
4230,
11823,
9031,
15896,
11823,
9031,
11823,
2964,
2964,
11823,
15897,
2964,
15897,
9030,
11823,
4230,
11824,
11823,
11824,
15897,
15897,
11824,
3248,
15897,
3248,
9579,
9030,
15897,
9579,
9030,
9579,
2271,
4230,
11825,
15898,
4230,
15898,
11824,
11825,
3246,
9576,
11825,
9576,
15898,
15898,
9576,
2457,
15898,
2457,
9578,
11824,
15898,
9578,
11824,
9578,
3248,
3214,
9516,
15899,
3214,
15899,
11826,
9516,
2459,
9574,
9516,
9574,
15899,
15899,
9574,
3246,
15899,
3246,
11825,
11826,
15899,
11825,
11826,
11825,
4230,
2822,
10242,
15900,
2822,
15900,
11006,
10242,
3600,
11830,
10242,
11830,
15900,
15900,
11830,
4231,
15900,
4231,
11827,
11006,
15900,
11827,
11006,
11827,
3995,
3995,
11827,
15901,
3995,
15901,
11005,
11827,
4231,
11828,
11827,
11828,
15901,
15901,
11828,
3983,
15901,
3983,
10984,
11005,
15901,
10984,
11005,
10984,
2825,
4231,
11829,
15902,
4231,
15902,
11828,
11829,
3258,
9592,
11829,
9592,
15902,
15902,
9592,
2473,
15902,
2473,
10983,
11828,
15902,
10983,
11828,
10983,
3983,
3600,
10243,
15903,
3600,
15903,
11830,
10243,
2476,
9593,
10243,
9593,
15903,
15903,
9593,
3258,
15903,
3258,
11829,
11830,
15903,
11829,
11830,
11829,
4231,
2888,
6682,
15904,
2888,
15904,
10938,
6682,
3959,
11834,
6682,
11834,
15904,
15904,
11834,
4232,
15904,
4232,
11831,
10938,
15904,
11831,
10938,
11831,
3962,
3962,
11831,
15905,
3962,
15905,
10935,
11831,
4232,
11832,
11831,
11832,
15905,
15905,
11832,
3618,
15905,
3618,
10282,
10935,
15905,
10282,
10935,
10282,
2685,
4232,
11833,
15906,
4232,
15906,
11832,
11833,
3260,
9596,
11833,
9596,
15906,
15906,
9596,
2478,
15906,
2478,
10281,
11832,
15906,
10281,
11832,
10281,
3618,
3959,
6681,
15907,
3959,
15907,
11834,
6681,
2877,
9597,
6681,
9597,
15907,
15907,
9597,
3260,
15907,
3260,
11833,
11834,
15907,
11833,
11834,
11833,
4232,
2798,
10931,
15908,
2798,
15908,
10925,
10931,
3960,
11838,
10931,
11838,
15908,
15908,
11838,
4233,
15908,
4233,
11835,
10925,
15908,
11835,
10925,
11835,
3956,
3956,
11835,
15909,
3956,
15909,
10928,
11835,
4233,
11836,
11835,
11836,
15909,
15909,
11836,
3252,
15909,
3252,
5302,
10928,
15909,
5302,
10928,
5302,
2875,
4233,
11837,
15910,
4233,
15910,
11836,
11837,
3261,
9598,
11837,
9598,
15910,
15910,
9598,
2876,
15910,
2876,
5303,
11836,
15910,
5303,
11836,
5303,
3252,
3960,
10932,
15911,
3960,
15911,
11838,
10932,
2474,
9599,
10932,
9599,
15911,
15911,
9599,
3261,
15911,
3261,
11837,
11838,
15911,
11837,
11838,
11837,
4233,
2804,
10951,
15912,
2804,
15912,
10879,
10951,
3971,
11842,
10951,
11842,
15912,
15912,
11842,
4234,
15912,
4234,
11839,
10879,
15912,
11839,
10879,
11839,
3930,
3930,
11839,
15913,
3930,
15913,
10882,
11839,
4234,
11840,
11839,
11840,
15913,
15913,
11840,
3960,
15913,
3960,
10931,
10882,
15913,
10931,
10882,
10931,
2798,
4234,
11841,
15914,
4234,
15914,
11840,
11841,
3262,
9600,
11841,
9600,
15914,
15914,
9600,
2474,
15914,
2474,
10932,
11840,
15914,
10932,
11840,
10932,
3960,
3971,
10952,
15915,
3971,
15915,
11842,
10952,
2479,
9601,
10952,
9601,
15915,
15915,
9601,
3262,
15915,
3262,
11841,
11842,
15915,
11841,
11842,
11841,
4234,
2476,
10279,
15916,
2476,
15916,
9593,
10279,
3617,
11846,
10279,
11846,
15916,
15916,
11846,
4235,
15916,
4235,
11843,
9593,
15916,
11843,
9593,
11843,
3258,
3258,
11843,
15917,
3258,
15917,
9592,
11843,
4235,
11844,
11843,
11844,
15917,
15917,
11844,
3619,
15917,
3619,
10284,
9592,
15917,
10284,
9592,
10284,
2473,
4235,
11845,
15918,
4235,
15918,
11844,
11845,
3255,
9586,
11845,
9586,
15918,
15918,
9586,
2469,
15918,
2469,
10283,
11844,
15918,
10283,
11844,
10283,
3619,
3617,
10280,
15919,
3617,
15919,
11846,
10280,
2471,
9588,
10280,
9588,
15919,
15919,
9588,
3255,
15919,
3255,
11845,
11846,
15919,
11845,
11846,
11845,
4235,
2685,
10282,
15920,
2685,
15920,
10948,
10282,
3618,
11850,
10282,
11850,
15920,
15920,
11850,
4236,
15920,
4236,
11847,
10948,
15920,
11847,
10948,
11847,
3968,
3968,
11847,
15921,
3968,
15921,
10945,
11847,
4236,
11848,
11847,
11848,
15921,
15921,
11848,
3972,
15921,
3972,
10954,
10945,
15921,
10954,
10945,
10954,
2801,
4236,
11849,
15922,
4236,
15922,
11848,
11849,
3264,
9604,
11849,
9604,
15922,
15922,
9604,
2477,
15922,
2477,
10953,
11848,
15922,
10953,
11848,
10953,
3972,
3618,
10281,
15923,
3618,
15923,
11850,
10281,
2478,
9605,
10281,
9605,
15923,
15923,
9605,
3264,
15923,
3264,
11849,
11850,
15923,
11849,
11850,
11849,
4236,
2683,
10260,
15924,
2683,
15924,
10278,
10260,
3607,
11854,
10260,
11854,
15924,
15924,
11854,
4237,
15924,
4237,
11851,
10278,
15924,
11851,
10278,
11851,
3616,
3616,
11851,
15925,
3616,
15925,
10277,
11851,
4237,
11852,
11851,
11852,
15925,
15925,
11852,
3267,
15925,
3267,
9608,
10277,
15925,
9608,
10277,
9608,
2679,
4237,
11853,
15926,
4237,
15926,
11852,
11853,
3269,
9612,
11853,
9612,
15926,
15926,
9612,
2485,
15926,
2485,
9609,
11852,
15926,
9609,
11852,
9609,
3267,
3607,
10259,
15927,
3607,
15927,
11854,
10259,
2482,
9613,
10259,
9613,
15927,
15927,
9613,
3269,
15927,
3269,
11853,
11854,
15927,
11853,
11854,
11853,
4237,
2678,
9606,
15928,
2678,
15928,
10276,
9606,
3265,
11858,
9606,
11858,
15928,
15928,
11858,
4238,
15928,
4238,
11855,
10276,
15928,
11855,
10276,
11855,
3615,
3615,
11855,
15929,
3615,
15929,
10275,
11855,
4238,
11856,
11855,
11856,
15929,
15929,
11856,
3604,
15929,
3604,
10256,
10275,
15929,
10256,
10275,
10256,
2681,
4238,
11857,
15930,
4238,
15930,
11856,
11857,
3270,
9614,
11857,
9614,
15930,
15930,
9614,
2480,
15930,
2480,
10255,
11856,
15930,
10255,
11856,
10255,
3604,
3265,
9607,
15931,
3265,
15931,
11858,
9607,
2484,
9615,
9607,
9615,
15931,
15931,
9615,
3270,
15931,
3270,
11857,
11858,
15931,
11857,
11858,
11857,
4238,
2827,
10988,
15932,
2827,
15932,
11004,
10988,
3986,
11862,
10988,
11862,
15932,
15932,
11862,
4239,
15932,
4239,
11859,
11004,
15932,
11859,
11004,
11859,
3994,
3994,
11859,
15933,
3994,
15933,
11003,
11859,
4239,
11860,
11859,
11860,
15933,
15933,
11860,
3602,
15933,
3602,
10244,
11003,
15933,
10244,
11003,
10244,
2823,
4239,
11861,
15934,
4239,
15934,
11860,
11861,
3259,
9594,
11861,
9594,
15934,
15934,
9594,
2477,
15934,
2477,
10245,
11860,
15934,
10245,
11860,
10245,
3602,
3986,
10987,
15935,
3986,
15935,
11862,
10987,
2475,
9595,
10987,
9595,
15935,
15935,
9595,
3259,
15935,
3259,
11861,
11862,
15935,
11861,
11862,
11861,
4239,
2486,
10959,
15936,
2486,
15936,
9618,
10959,
2817,
10970,
10959,
10970,
15936,
15936,
10970,
3978,
15936,
3978,
11864,
9618,
15936,
11864,
9618,
11864,
3272,
3979,
10973,
15937,
3979,
15937,
11863,
10973,
2815,
10957,
10973,
10957,
15937,
15937,
10957,
2484,
15937,
2484,
9617,
11863,
15937,
9617,
11863,
9617,
3271,
2894,
10968,
15938,
2894,
15938,
5978,
10968,
3977,
11865,
10968,
11865,
15938,
15938,
11865,
3273,
15938,
3273,
9620,
5978,
15938,
9620,
5978,
9620,
2878,
3978,
10971,
15939,
3978,
15939,
11864,
10971,
2893,
6714,
10971,
6714,
15939,
15939,
6714,
2879,
15939,
2879,
9619,
11864,
15939,
9619,
11864,
9619,
3272,
2819,
10966,
15940,
2819,
15940,
10249,
10966,
3976,
11866,
10966,
11866,
15940,
15940,
11866,
3274,
15940,
3274,
9622,
10249,
15940,
9622,
10249,
9622,
2481,
3977,
10969,
15941,
3977,
15941,
11865,
10969,
2819,
10249,
10969,
10249,
15941,
15941,
10249,
2481,
15941,
2481,
9621,
11865,
15941,
9621,
11865,
9621,
3273,
2818,
10964,
15942,
2818,
15942,
10248,
10964,
3975,
11867,
10964,
11867,
15942,
15942,
11867,
3275,
15942,
3275,
9624,
10248,
15942,
9624,
10248,
9624,
2480,
3976,
10967,
15943,
3976,
15943,
11866,
10967,
2821,
10251,
10967,
10251,
15943,
15943,
10251,
2483,
15943,
2483,
9623,
11866,
15943,
9623,
11866,
9623,
3274,
2825,
11001,
15944,
2825,
15944,
10960,
11001,
3993,
12892,
11001,
12892,
15944,
15944,
12892,
3975,
15944,
3975,
10964,
10960,
15944,
10964,
10960,
10964,
2818,
3975,
10965,
15945,
3975,
15945,
11867,
10965,
2820,
10250,
10965,
10250,
15945,
15945,
10250,
2482,
15945,
2482,
9625,
11867,
15945,
9625,
11867,
9625,
3275,
4575,
13113,
15946,
4575,
15946,
13083,
13113,
4591,
11870,
13113,
11870,
15946,
15946,
11870,
4240,
15946,
4240,
11868,
13083,
15946,
11868,
13083,
11868,
3306,
3666,
13140,
15947,
3666,
15947,
10368,
13140,
4184,
11650,
13140,
11650,
15947,
15947,
11650,
3306,
15947,
3306,
13125,
10368,
15947,
13125,
10368,
13125,
2408,
3306,
11868,
15948,
3306,
15948,
13125,
11868,
4240,
13141,
11868,
13141,
15948,
15948,
13141,
3144,
15948,
3144,
9380,
13125,
15948,
9380,
13125,
9380,
2408,
4591,
13112,
15949,
4591,
15949,
11870,
13112,
4578,
13086,
13112,
13086,
15949,
15949,
13086,
3317,
15949,
3317,
11869,
11870,
15949,
11869,
11870,
11869,
4240,
2700,
9714,
15950,
2700,
15950,
9651,
9714,
3323,
11874,
9714,
11874,
15950,
15950,
11874,
4241,
15950,
4241,
11871,
9651,
15950,
11871,
9651,
11871,
3288,
3288,
11871,
15951,
3288,
15951,
9650,
11871,
4241,
11872,
11871,
11872,
15951,
15951,
11872,
3327,
15951,
3327,
9722,
9650,
15951,
9722,
9650,
9722,
2699,
4241,
11873,
15952,
4241,
15952,
11872,
11873,
3666,
10368,
11873,
10368,
15952,
15952,
10368,
2408,
15952,
2408,
9723,
11872,
15952,
9723,
11872,
9723,
3327,
3323,
9715,
15953,
3323,
15953,
11874,
9715,
2409,
10369,
9715,
10369,
15953,
15953,
10369,
3666,
15953,
3666,
11873,
11874,
15953,
11873,
11874,
11873,
4241,
4434,
12634,
15954,
4434,
15954,
12633,
12634,
4139,
11492,
12634,
11492,
15954,
15954,
11492,
3832,
15954,
3832,
10739,
12633,
15954,
10739,
12633,
10739,
3856,
3834,
10719,
15955,
3834,
15955,
12632,
10719,
3506,
11877,
10719,
11877,
15955,
15955,
11877,
4242,
15955,
4242,
12631,
12632,
15955,
12631,
12632,
12631,
4433,
4242,
11876,
15956,
4242,
15956,
11875,
11876,
3493,
10041,
11876,
10041,
15956,
15956,
10041,
2628,
15956,
2628,
10721,
11875,
15956,
10721,
11875,
10721,
3836,
3506,
10060,
15957,
3506,
15957,
11877,
10060,
2637,
10040,
10060,
10040,
15957,
15957,
10040,
3493,
15957,
3493,
11876,
11877,
15957,
11876,
11877,
11876,
4242,
4461,
12723,
15958,
4461,
15958,
12722,
12723,
4134,
11476,
12723,
11476,
15958,
15958,
11476,
3502,
15958,
3502,
10742,
12722,
15958,
10742,
12722,
10742,
3857,
3828,
10748,
15959,
3828,
15959,
12720,
10748,
3860,
11879,
10748,
11879,
15959,
15959,
11879,
4243,
15959,
4243,
12719,
12720,
15959,
12719,
12720,
12719,
4460,
4243,
11879,
15960,
4243,
15960,
12680,
11879,
3860,
10747,
11879,
10747,
15960,
15960,
10747,
3335,
15960,
3335,
12683,
12680,
15960,
12683,
12680,
12683,
4450,
3334,
10053,
15961,
3334,
15961,
12677,
10053,
3502,
11476,
10053,
11476,
15961,
15961,
11476,
4134,
15961,
4134,
12676,
12677,
15961,
12676,
12677,
12676,
4449,
2367,
10056,
15962,
2367,
15962,
9283,
10056,
3504,
11883,
10056,
11883,
15962,
15962,
11883,
4244,
15962,
4244,
11880,
9283,
15962,
11880,
9283,
11880,
3095,
3095,
11880,
15963,
3095,
15963,
9282,
11880,
4244,
11881,
11880,
11881,
15963,
15963,
11881,
3511,
15963,
3511,
10066,
9282,
15963,
10066,
9282,
10066,
2366,
4244,
11882,
15964,
4244,
15964,
11881,
11882,
3487,
10029,
11882,
10029,
15964,
15964,
10029,
2627,
15964,
2627,
10067,
11881,
15964,
10067,
11881,
10067,
3511,
3504,
10058,
15965,
3504,
15965,
11883,
10058,
2629,
10028,
10058,
10028,
15965,
15965,
10028,
3487,
15965,
3487,
11882,
11883,
15965,
11882,
11883,
11882,
4244,
2370,
10048,
15966,
2370,
15966,
9287,
10048,
3498,
11887,
10048,
11887,
15966,
15966,
11887,
4245,
15966,
4245,
11884,
9287,
15966,
11884,
9287,
11884,
3097,
3097,
11884,
15967,
3097,
15967,
9286,
11884,
4245,
11885,
11884,
11885,
15967,
15967,
11885,
3503,
15967,
3503,
10054,
9286,
15967,
10054,
9286,
10054,
2364,
4245,
11886,
15968,
4245,
15968,
11885,
11886,
3491,
10037,
11886,
10037,
15968,
15968,
10037,
2624,
15968,
2624,
10055,
11885,
15968,
10055,
11885,
10055,
3503,
3498,
10049,
15969,
3498,
15969,
11887,
10049,
2635,
10036,
10049,
10036,
15969,
15969,
10036,
3491,
15969,
3491,
11886,
11887,
15969,
11886,
11887,
11886,
4245,
2369,
10045,
15970,
2369,
15970,
9280,
10045,
3496,
11891,
10045,
11891,
15970,
15970,
11891,
4246,
15970,
4246,
11888,
9280,
15970,
11888,
9280,
11888,
3094,
3094,
11888,
15971,
3094,
15971,
9281,
11888,
4246,
11889,
11888,
11889,
15971,
15971,
11889,
3497,
15971,
3497,
10046,
9281,
15971,
10046,
9281,
10046,
2363,
4246,
11890,
15972,
4246,
15972,
11889,
11890,
3483,
10021,
11890,
10021,
15972,
15972,
10021,
2622,
15972,
2622,
10047,
11889,
15972,
10047,
11889,
10047,
3497,
3496,
10044,
15973,
3496,
15973,
11891,
10044,
2634,
10020,
10044,
10020,
15973,
15973,
10020,
3483,
15973,
3483,
11890,
11891,
15973,
11890,
11891,
11890,
4246,
2366,
10066,
15974,
2366,
15974,
9288,
10066,
3511,
11895,
10066,
11895,
15974,
15974,
11895,
4247,
15974,
4247,
11892,
9288,
15974,
11892,
9288,
11892,
3098,
3098,
11892,
15975,
3098,
15975,
9289,
11892,
4247,
11893,
11892,
11893,
15975,
15975,
11893,
3508,
15975,
3508,
10063,
9289,
15975,
10063,
9289,
10063,
2371,
4247,
11894,
15976,
4247,
15976,
11893,
11894,
3492,
10039,
11894,
10039,
15976,
15976,
10039,
2638,
15976,
2638,
10062,
11893,
15976,
10062,
11893,
10062,
3508,
3511,
10067,
15977,
3511,
15977,
11895,
10067,
2627,
10038,
10067,
10038,
15977,
15977,
10038,
3492,
15977,
3492,
11894,
11895,
15977,
11894,
11895,
11894,
4247,
2365,
10064,
15978,
2365,
15978,
9284,
10064,
3509,
11899,
10064,
11899,
15978,
15978,
11899,
4248,
15978,
4248,
11896,
9284,
15978,
11896,
9284,
11896,
3096,
3096,
11896,
15979,
3096,
15979,
9285,
11896,
4248,
11897,
11896,
11897,
15979,
15979,
11897,
3496,
15979,
3496,
10045,
9285,
15979,
10045,
9285,
10045,
2369,
4248,
11898,
15980,
4248,
15980,
11897,
11898,
3488,
10031,
11898,
10031,
15980,
15980,
10031,
2634,
15980,
2634,
10044,
11897,
15980,
10044,
11897,
10044,
3496,
3509,
10065,
15981,
3509,
15981,
11899,
10065,
2625,
10030,
10065,
10030,
15981,
15981,
10030,
3488,
15981,
3488,
11898,
11899,
15981,
11898,
11899,
11898,
4248,
2371,
10063,
15982,
2371,
15982,
9276,
10063,
3508,
11903,
10063,
11903,
15982,
15982,
11903,
4249,
15982,
4249,
11900,
9276,
15982,
11900,
9276,
11900,
3092,
3092,
11900,
15983,
3092,
15983,
9277,
11900,
4249,
11901,
11900,
11901,
15983,
15983,
11901,
3509,
15983,
3509,
10064,
9277,
15983,
10064,
9277,
10064,
2365,
4249,
11902,
15984,
4249,
15984,
11901,
11902,
3474,
10003,
11902,
10003,
15984,
15984,
10003,
2625,
15984,
2625,
10065,
11901,
15984,
10065,
11901,
10065,
3509,
3508,
10062,
15985,
3508,
15985,
11903,
10062,
2638,
10002,
10062,
10002,
15985,
15985,
10002,
3474,
15985,
3474,
11902,
11903,
15985,
11902,
11903,
11902,
4249,
2764,
10666,
15986,
2764,
15986,
10649,
10666,
3801,
11907,
10666,
11907,
15986,
15986,
11907,
4250,
15986,
4250,
11904,
10649,
15986,
11904,
10649,
11904,
3792,
3792,
11904,
15987,
3792,
15987,
10648,
11904,
4250,
11905,
11904,
11905,
15987,
15987,
11905,
3350,
15987,
3350,
9757,
10648,
15987,
9757,
10648,
9757,
2521,
4250,
11906,
15988,
4250,
15988,
11905,
11906,
3650,
10337,
11906,
10337,
15988,
15988,
10337,
2519,
15988,
2519,
9759,
11905,
15988,
9759,
11905,
9759,
3350,
3801,
10667,
15989,
3801,
15989,
11907,
10667,
2759,
10336,
10667,
10336,
15989,
15989,
10336,
3650,
15989,
3650,
11906,
11907,
15989,
11906,
11907,
11906,
4250,
2765,
10664,
15990,
2765,
15990,
10651,
10664,
3800,
11911,
10664,
11911,
15990,
15990,
11911,
4251,
15990,
4251,
11908,
10651,
15990,
11908,
10651,
11908,
3793,
3793,
11908,
15991,
3793,
15991,
10650,
11908,
4251,
11909,
11908,
11909,
15991,
15991,
11909,
3346,
15991,
3346,
9749,
10650,
15991,
9749,
10650,
9749,
2517,
4251,
11910,
15992,
4251,
15992,
11909,
11910,
3652,
10341,
11910,
10341,
15992,
15992,
10341,
2515,
15992,
2515,
9751,
11909,
15992,
9751,
11909,
9751,
3346,
3800,
10665,
15993,
3800,
15993,
11911,
10665,
2761,
10339,
10665,
10339,
15993,
15993,
10339,
3652,
15993,
3652,
11910,
11911,
15993,
11910,
11911,
11910,
4251,
2757,
10662,
15994,
2757,
15994,
10635,
10662,
3799,
11915,
10662,
11915,
15994,
15994,
11915,
4252,
15994,
4252,
11912,
10635,
15994,
11912,
10635,
11912,
3785,
3785,
11912,
15995,
3785,
15995,
10634,
11912,
4252,
11913,
11912,
11913,
15995,
15995,
11913,
3341,
15995,
3341,
9740,
10634,
15995,
9740,
10634,
9740,
2510,
4252,
11914,
15996,
4252,
15996,
11913,
11914,
3653,
10343,
11914,
10343,
15996,
15996,
10343,
2508,
15996,
2508,
9742,
11913,
15996,
9742,
11913,
9742,
3341,
3799,
10663,
15997,
3799,
15997,
11915,
10663,
2762,
10342,
10663,
10342,
15997,
15997,
10342,
3653,
15997,
3653,
11914,
11915,
15997,
11914,
11915,
11914,
4252,
2762,
10660,
15998,
2762,
15998,
10342,
10660,
3798,
11919,
10660,
11919,
15998,
15998,
11919,
4253,
15998,
4253,
11916,
10342,
15998,
11916,
10342,
11916,
3653,
3653,
11916,
15999,
3653,
15999,
10343,
11916,
4253,
11917,
11916,
11917,
15999,
15999,
11917,
3355,
15999,
3355,
9768,
10343,
15999,
9768,
10343,
9768,
2508,
4253,
11918,
16000,
4253,
16000,
11917,
11918,
3655,
10347,
11918,
10347,
16000,
16000,
10347,
2525,
16000,
2525,
9771,
11917,
16000,
9771,
11917,
9771,
3355,
3798,
10661,
16001,
3798,
16001,
11919,
10661,
2763,
10346,
10661,
10346,
16001,
16001,
10346,
3655,
16001,
3655,
11918,
11919,
16001,
11918,
11919,
11918,
4253,
2758,
10658,
16002,
2758,
16002,
10637,
10658,
3797,
11923,
10658,
11923,
16002,
16002,
11923,
4254,
16002,
4254,
11920,
10637,
16002,
11920,
10637,
11920,
3786,
3786,
11920,
16003,
3786,
16003,
10636,
11920,
4254,
11921,
11920,
11921,
16003,
16003,
11921,
3352,
16003,
3352,
9761,
10636,
16003,
9761,
10636,
9761,
2523,
4254,
11922,
16004,
4254,
16004,
11921,
11922,
3792,
10648,
11922,
10648,
16004,
16004,
10648,
2521,
16004,
2521,
9763,
11921,
16004,
9763,
11921,
9763,
3352,
3797,
10659,
16005,
3797,
16005,
11923,
10659,
2764,
10649,
10659,
10649,
16005,
16005,
10649,
3792,
16005,
3792,
11922,
11923,
16005,
11922,
11923,
11922,
4254,
2759,
10656,
16006,
2759,
16006,
10336,
10656,
3796,
11927,
10656,
11927,
16006,
16006,
11927,
4255,
16006,
4255,
11924,
10336,
16006,
11924,
10336,
11924,
3650,
3650,
11924,
16007,
3650,
16007,
10337,
11924,
4255,
11925,
11924,
11925,
16007,
16007,
11925,
3348,
16007,
3348,
9753,
10337,
16007,
9753,
10337,
9753,
2519,
4255,
11926,
16008,
4255,
16008,
11925,
11926,
3793,
10650,
11926,
10650,
16008,
16008,
10650,
2517,
16008,
2517,
9755,
11925,
16008,
9755,
11925,
9755,
3348,
3796,
10657,
16009,
3796,
16009,
11927,
10657,
2765,
10651,
10657,
10651,
16009,
16009,
10651,
3793,
16009,
3793,
11926,
11927,
16009,
11926,
11927,
11926,
4255,
2760,
10654,
16010,
2760,
16010,
10338,
10654,
3795,
11931,
10654,
11931,
16010,
16010,
11931,
4256,
16010,
4256,
11928,
10338,
16010,
11928,
10338,
11928,
3651,
3651,
11928,
16011,
3651,
16011,
10340,
11928,
4256,
11929,
11928,
11929,
16011,
16011,
11929,
3343,
16011,
3343,
9744,
10340,
16011,
9744,
10340,
9744,
2512,
4256,
11930,
16012,
4256,
16012,
11929,
11930,
3785,
10634,
11930,
10634,
16012,
16012,
10634,
2510,
16012,
2510,
9746,
11929,
16012,
9746,
11929,
9746,
3343,
3795,
10655,
16013,
3795,
16013,
11931,
10655,
2757,
10635,
10655,
10635,
16013,
16013,
10635,
3785,
16013,
3785,
11930,
11931,
16013,
11930,
11931,
11930,
4256,
2763,
10652,
16014,
2763,
16014,
10346,
10652,
3794,
11935,
10652,
11935,
16014,
16014,
11935,
4257,
16014,
4257,
11932,
10346,
16014,
11932,
10346,
11932,
3655,
3655,
11932,
16015,
3655,
16015,
10347,
11932,
4257,
11933,
11932,
11933,
16015,
16015,
11933,
3354,
16015,
3354,
9765,
10347,
16015,
9765,
10347,
9765,
2525,
4257,
11934,
16016,
4257,
16016,
11933,
11934,
3786,
10636,
11934,
10636,
16016,
16016,
10636,
2523,
16016,
2523,
9767,
11933,
16016,
9767,
11933,
9767,
3354,
3794,
10653,
16017,
3794,
16017,
11935,
10653,
2758,
10637,
10653,
10637,
16017,
16017,
10637,
3786,
16017,
3786,
11934,
11935,
16017,
11934,
11935,
11934,
4257,
3780,
11936,
16018,
3780,
16018,
10621,
11936,
4258,
11937,
11936,
11937,
16018,
16018,
11937,
3364,
16018,
3364,
9786,
10621,
16018,
9786,
10621,
9786,
2526,
4258,
11938,
16019,
4258,
16019,
11937,
11938,
3365,
9788,
11938,
9788,
16019,
16019,
9788,
2534,
16019,
2534,
9787,
11937,
16019,
9787,
11937,
9787,
3364,
2511,
9741,
16020,
2511,
16020,
10629,
9741,
3342,
12535,
9741,
12535,
16020,
16020,
12535,
4265,
16020,
4265,
11957,
10629,
16020,
11957,
10629,
11957,
3368,
3781,
11939,
16021,
3781,
16021,
10624,
11939,
4259,
11940,
11939,
11940,
16021,
16021,
11940,
3362,
16021,
3362,
9782,
10624,
16021,
9782,
10624,
9782,
2533,
4259,
11941,
16022,
4259,
16022,
11940,
11941,
3366,
9789,
11941,
9789,
16022,
16022,
9789,
2532,
16022,
2532,
9783,
11940,
16022,
9783,
11940,
9783,
3362,
3782,
11942,
16023,
3782,
16023,
10627,
11942,
4260,
11943,
11942,
11943,
16023,
16023,
11943,
3360,
16023,
3360,
9778,
10627,
16023,
9778,
10627,
9778,
2531,
4260,
11944,
16024,
4260,
16024,
11943,
11944,
3367,
9790,
11944,
9790,
16024,
16024,
9790,
2530,
16024,
2530,
9779,
11943,
16024,
9779,
11943,
9779,
3360,
3783,
11945,
16025,
3783,
16025,
10630,
11945,
4261,
11946,
11945,
11946,
16025,
16025,
11946,
3358,
16025,
3358,
9774,
10630,
16025,
9774,
10630,
9774,
2528,
4261,
11947,
16026,
4261,
16026,
11946,
11947,
3368,
9791,
11947,
9791,
16026,
16026,
9791,
2527,
16026,
2527,
9775,
11946,
16026,
9775,
11946,
9775,
3358,
3365,
11948,
16027,
3365,
16027,
9788,
11948,
4262,
11949,
11948,
11949,
16027,
16027,
11949,
3363,
16027,
3363,
9784,
9788,
16027,
9784,
9788,
9784,
2534,
4262,
11950,
16028,
4262,
16028,
11949,
11950,
3781,
10624,
11950,
10624,
16028,
16028,
10624,
2533,
16028,
2533,
9785,
11949,
16028,
9785,
11949,
9785,
3363,
3366,
11951,
16029,
3366,
16029,
9789,
11951,
4263,
11952,
11951,
11952,
16029,
16029,
11952,
3361,
16029,
3361,
9780,
9789,
16029,
9780,
9789,
9780,
2532,
4263,
11953,
16030,
4263,
16030,
11952,
11953,
3782,
10627,
11953,
10627,
16030,
16030,
10627,
2531,
16030,
2531,
9781,
11952,
16030,
9781,
11952,
9781,
3361,
3367,
11954,
16031,
3367,
16031,
9790,
11954,
4264,
11955,
11954,
11955,
16031,
16031,
11955,
3359,
16031,
3359,
9776,
9790,
16031,
9776,
9790,
9776,
2530,
4264,
11956,
16032,
4264,
16032,
11955,
11956,
3784,
10631,
11956,
10631,
16032,
16032,
10631,
2529,
16032,
2529,
9777,
11955,
16032,
9777,
11955,
9777,
3359,
3368,
11957,
16033,
3368,
16033,
9791,
11957,
4265,
11958,
11957,
11958,
16033,
16033,
11958,
3357,
16033,
3357,
9772,
9791,
16033,
9772,
9791,
9772,
2527,
4265,
11959,
16034,
4265,
16034,
11958,
11959,
3780,
10621,
11959,
10621,
16034,
16034,
10621,
2526,
16034,
2526,
9773,
11958,
16034,
9773,
11958,
9773,
3357,
3770,
10603,
16035,
3770,
16035,
12511,
10603,
2749,
10534,
10603,
10534,
16035,
16035,
10534,
3623,
16035,
3623,
11962,
12511,
16035,
11962,
12511,
11962,
4266,
3747,
11960,
16036,
3747,
16036,
10535,
11960,
4266,
11961,
11960,
11961,
16036,
16036,
11961,
3374,
16036,
3374,
9801,
10535,
16036,
9801,
10535,
9801,
2544,
4266,
11962,
16037,
4266,
16037,
11961,
11962,
3623,
10290,
11962,
10290,
16037,
16037,
10290,
2542,
16037,
2542,
9803,
11961,
16037,
9803,
11961,
9803,
3374,
3771,
10605,
16038,
3771,
16038,
12506,
10605,
2751,
10539,
10605,
10539,
16038,
16038,
10539,
3625,
16038,
3625,
11965,
12506,
16038,
11965,
12506,
11965,
4267,
3749,
11963,
16039,
3749,
16039,
10540,
11963,
4267,
11964,
11963,
11964,
16039,
16039,
11964,
3370,
16039,
3370,
9793,
10540,
16039,
9793,
10540,
9793,
2538,
4267,
11965,
16040,
4267,
16040,
11964,
11965,
3625,
10293,
11965,
10293,
16040,
16040,
10293,
2536,
16040,
2536,
9795,
11964,
16040,
9795,
11964,
9795,
3370,
4266,
11960,
16041,
4266,
16041,
12511,
11960,
3747,
10595,
11960,
10595,
16041,
16041,
10595,
2750,
16041,
2750,
10602,
12511,
16041,
10602,
12511,
10602,
3770,
3772,
10607,
16042,
3772,
16042,
12501,
10607,
2753,
10544,
10607,
10544,
16042,
16042,
10544,
3627,
16042,
3627,
11968,
12501,
16042,
11968,
12501,
11968,
4268,
3625,
11966,
16043,
3625,
16043,
10293,
11966,
4268,
11967,
11966,
11967,
16043,
16043,
11967,
3384,
16043,
3384,
9821,
10293,
16043,
9821,
10293,
9821,
2536,
4268,
11968,
16044,
4268,
16044,
11967,
11968,
3627,
10296,
11968,
10296,
16044,
16044,
10296,
2552,
16044,
2552,
9823,
11967,
16044,
9823,
11967,
9823,
3384,
4267,
11963,
16045,
4267,
16045,
12506,
11963,
3749,
10597,
11963,
10597,
16045,
16045,
10597,
2752,
16045,
2752,
10604,
12506,
16045,
10604,
12506,
10604,
3771,
3773,
10609,
16046,
3773,
16046,
12496,
10609,
2754,
10547,
10609,
10547,
16046,
16046,
10547,
3628,
16046,
3628,
11971,
12496,
16046,
11971,
12496,
11971,
4269,
3752,
11969,
16047,
3752,
16047,
10548,
11969,
4269,
11970,
11969,
11970,
16047,
16047,
11970,
3380,
16047,
3380,
9813,
10548,
16047,
9813,
10548,
9813,
2550,
4269,
11971,
16048,
4269,
16048,
11970,
11971,
3628,
10297,
11971,
10297,
16048,
16048,
10297,
2548,
16048,
2548,
9815,
11970,
16048,
9815,
11970,
9815,
3380,
2751,
10606,
16049,
2751,
16049,
10539,
10606,
3772,
12501,
10606,
12501,
16049,
16049,
12501,
4268,
16049,
4268,
11966,
10539,
16049,
11966,
10539,
11966,
3625,
3774,
10611,
16050,
3774,
16050,
12491,
10611,
2750,
10595,
10611,
10595,
16050,
16050,
10595,
3747,
16050,
3747,
11974,
12491,
16050,
11974,
12491,
11974,
4270,
3753,
11972,
16051,
3753,
16051,
10550,
11972,
4270,
11973,
11972,
11973,
16051,
16051,
11973,
3376,
16051,
3376,
9805,
10550,
16051,
9805,
10550,
9805,
2546,
4270,
11974,
16052,
4270,
16052,
11973,
11974,
3747,
10535,
11974,
10535,
16052,
16052,
10535,
2544,
16052,
2544,
9807,
11973,
16052,
9807,
11973,
9807,
3376,
4269,
11969,
16053,
4269,
16053,
12496,
11969,
3752,
10600,
11969,
10600,
16053,
16053,
10600,
2755,
16053,
2755,
10608,
12496,
16053,
10608,
12496,
10608,
3773,
3775,
10613,
16054,
3775,
16054,
12486,
10613,
2752,
10597,
10613,
10597,
16054,
16054,
10597,
3749,
16054,
3749,
11977,
12486,
16054,
11977,
12486,
11977,
4271,
3622,
11975,
16055,
3622,
16055,
10289,
11975,
4271,
11976,
11975,
11976,
16055,
16055,
11976,
3372,
16055,
3372,
9797,
10289,
16055,
9797,
10289,
9797,
2541,
4271,
11977,
16056,
4271,
16056,
11976,
11977,
3749,
10540,
11977,
10540,
16056,
16056,
10540,
2538,
16056,
2538,
9799,
11976,
16056,
9799,
11976,
9799,
3372,
4270,
11972,
16057,
4270,
16057,
12491,
11972,
3753,
10601,
11972,
10601,
16057,
16057,
10601,
2756,
16057,
2756,
10610,
12491,
16057,
10610,
12491,
10610,
3774,
3776,
10615,
16058,
3776,
16058,
12481,
10615,
2755,
10600,
10615,
10600,
16058,
16058,
10600,
3752,
16058,
3752,
11980,
12481,
16058,
11980,
12481,
11980,
4272,
3627,
11978,
16059,
3627,
16059,
10296,
11978,
4272,
11979,
11978,
11979,
16059,
16059,
11979,
3382,
16059,
3382,
9817,
10296,
16059,
9817,
10296,
9817,
2552,
4272,
11980,
16060,
4272,
16060,
11979,
11980,
3752,
10548,
11980,
10548,
16060,
16060,
10548,
2550,
16060,
2550,
9819,
11979,
16060,
9819,
11979,
9819,
3382,
2748,
10612,
16061,
2748,
16061,
10533,
10612,
3775,
12486,
10612,
12486,
16061,
16061,
12486,
4271,
16061,
4271,
11975,
10533,
16061,
11975,
10533,
11975,
3622,
2551,
9816,
16062,
2551,
16062,
9843,
9816,
3381,
11984,
9816,
11984,
16062,
16062,
11984,
4273,
16062,
4273,
11981,
9843,
16062,
11981,
9843,
11981,
3394,
3394,
11981,
16063,
3394,
16063,
9842,
11981,
4273,
11982,
11981,
11982,
16063,
16063,
11982,
3391,
16063,
3391,
9836,
9842,
16063,
9836,
9842,
9836,
2561,
4273,
11983,
16064,
4273,
16064,
11982,
11983,
3393,
9841,
11983,
9841,
16064,
16064,
9841,
2560,
16064,
2560,
9837,
11982,
16064,
9837,
11982,
9837,
3391,
3381,
9818,
16065,
3381,
16065,
11984,
9818,
2549,
9840,
9818,
9840,
16065,
16065,
9840,
3393,
16065,
3393,
11983,
11984,
16065,
11983,
11984,
11983,
4273,
2547,
9808,
16066,
2547,
16066,
9847,
9808,
3377,
11988,
9808,
11988,
16066,
16066,
11988,
4274,
16066,
4274,
11985,
9847,
16066,
11985,
9847,
11985,
3396,
3396,
11985,
16067,
3396,
16067,
9846,
11985,
4274,
11986,
11985,
11986,
16067,
16067,
11986,
3389,
16067,
3389,
9832,
9846,
16067,
9832,
9846,
9832,
2559,
4274,
11987,
16068,
4274,
16068,
11986,
11987,
3395,
9845,
11987,
9845,
16068,
16068,
9845,
2558,
16068,
2558,
9833,
11986,
16068,
9833,
11986,
9833,
3389,
3377,
9810,
16069,
3377,
16069,
11988,
9810,
2545,
9844,
9810,
9844,
16069,
16069,
9844,
3395,
16069,
3395,
11987,
11988,
16069,
11987,
11988,
11987,
4274,
2543,
9800,
16070,
2543,
16070,
9853,
9800,
3373,
11992,
9800,
11992,
16070,
16070,
11992,
4275,
16070,
4275,
11989,
9853,
16070,
11989,
9853,
11989,
3399,
3399,
11989,
16071,
3399,
16071,
9852,
11989,
4275,
11990,
11989,
11990,
16071,
16071,
11990,
3387,
16071,
3387,
9828,
9852,
16071,
9828,
9852,
9828,
2557,
4275,
11991,
16072,
4275,
16072,
11990,
11991,
3398,
9851,
11991,
9851,
16072,
16072,
9851,
2556,
16072,
2556,
9829,
11990,
16072,
9829,
11990,
9829,
3387,
3373,
9802,
16073,
3373,
16073,
11992,
9802,
2540,
9849,
9802,
9849,
16073,
16073,
9849,
3398,
16073,
3398,
11991,
11992,
16073,
11991,
11992,
11991,
4275,
2537,
9792,
16074,
2537,
16074,
9857,
9792,
3369,
11996,
9792,
11996,
16074,
16074,
11996,
4276,
16074,
4276,
11993,
9857,
16074,
11993,
9857,
11993,
3401,
3401,
11993,
16075,
3401,
16075,
9856,
11993,
4276,
11994,
11993,
11994,
16075,
16075,
11994,
3385,
16075,
3385,
9824,
9856,
16075,
9824,
9856,
9824,
2554,
4276,
11995,
16076,
4276,
16076,
11994,
11995,
3400,
9855,
11995,
9855,
16076,
16076,
9855,
2553,
16076,
2553,
9825,
11994,
16076,
9825,
11994,
9825,
3385,
3369,
9794,
16077,
3369,
16077,
11996,
9794,
2535,
9854,
9794,
9854,
16077,
16077,
9854,
3400,
16077,
3400,
11995,
11996,
16077,
11995,
11996,
11995,
4276,
2535,
9820,
16078,
2535,
16078,
9854,
9820,
3383,
12000,
9820,
12000,
16078,
16078,
12000,
4277,
16078,
4277,
11997,
9854,
16078,
11997,
9854,
11997,
3400,
3400,
11997,
16079,
3400,
16079,
9855,
11997,
4277,
11998,
11997,
11998,
16079,
16079,
11998,
3392,
16079,
3392,
9838,
9855,
16079,
9838,
9855,
9838,
2553,
4277,
11999,
16080,
4277,
16080,
11998,
11999,
3394,
9842,
11999,
9842,
16080,
16080,
9842,
2561,
16080,
2561,
9839,
11998,
16080,
9839,
11998,
9839,
3392,
3383,
9822,
16081,
3383,
16081,
12000,
9822,
2551,
9843,
9822,
9843,
16081,
16081,
9843,
3394,
16081,
3394,
11999,
12000,
16081,
11999,
12000,
11999,
4277,
2549,
9812,
16082,
2549,
16082,
9840,
9812,
3379,
12004,
9812,
12004,
16082,
16082,
12004,
4278,
16082,
4278,
12001,
9840,
16082,
12001,
9840,
12001,
3393,
3393,
12001,
16083,
3393,
16083,
9841,
12001,
4278,
12002,
12001,
12002,
16083,
16083,
12002,
3390,
16083,
3390,
9834,
9841,
16083,
9834,
9841,
9834,
2560,
4278,
12003,
16084,
4278,
16084,
12002,
12003,
3396,
9846,
12003,
9846,
16084,
16084,
9846,
2559,
16084,
2559,
9835,
12002,
16084,
9835,
12002,
9835,
3390,
3379,
9814,
16085,
3379,
16085,
12004,
9814,
2547,
9847,
9814,
9847,
16085,
16085,
9847,
3396,
16085,
3396,
12003,
12004,
16085,
12003,
12004,
12003,
4278,
2545,
9804,
16086,
2545,
16086,
9844,
9804,
3375,
12008,
9804,
12008,
16086,
16086,
12008,
4279,
16086,
4279,
12005,
9844,
16086,
12005,
9844,
12005,
3395,
3395,
12005,
16087,
3395,
16087,
9845,
12005,
4279,
12006,
12005,
12006,
16087,
16087,
12006,
3388,
16087,
3388,
9830,
9845,
16087,
9830,
9845,
9830,
2558,
4279,
12007,
16088,
4279,
16088,
12006,
12007,
3399,
9852,
12007,
9852,
16088,
16088,
9852,
2557,
16088,
2557,
9831,
12006,
16088,
9831,
12006,
9831,
3388,
3375,
9806,
16089,
3375,
16089,
12008,
9806,
2543,
9853,
9806,
9853,
16089,
16089,
9853,
3399,
16089,
3399,
12007,
12008,
16089,
12007,
12008,
12007,
4279,
2539,
9796,
16090,
2539,
16090,
9848,
9796,
3371,
12012,
9796,
12012,
16090,
16090,
12012,
4280,
16090,
4280,
12009,
9848,
16090,
12009,
9848,
12009,
3397,
3397,
12009,
16091,
3397,
16091,
9850,
12009,
4280,
12010,
12009,
12010,
16091,
16091,
12010,
3386,
16091,
3386,
9826,
9850,
16091,
9826,
9850,
9826,
2555,
4280,
12011,
16092,
4280,
16092,
12010,
12011,
3401,
9856,
12011,
9856,
16092,
16092,
9856,
2554,
16092,
2554,
9827,
12010,
16092,
9827,
12010,
9827,
3386,
3371,
9798,
16093,
3371,
16093,
12012,
9798,
2537,
9857,
9798,
9857,
16093,
16093,
9857,
3401,
16093,
3401,
12011,
12012,
16093,
12011,
12012,
12011,
4280,
2727,
10527,
16094,
2727,
16094,
10110,
10527,
3744,
12016,
10527,
12016,
16094,
16094,
12016,
4281,
16094,
4281,
12013,
10110,
16094,
12013,
10110,
12013,
3533,
3533,
12013,
16095,
3533,
16095,
10111,
12013,
4281,
12014,
12013,
12014,
16095,
16095,
12014,
3516,
16095,
3516,
10077,
10111,
16095,
10077,
10111,
10077,
2645,
4281,
12015,
16096,
4281,
16096,
12014,
12015,
3531,
10107,
12015,
10107,
16096,
16096,
10107,
2644,
16096,
2644,
10076,
12014,
16096,
10076,
12014,
10076,
3516,
3744,
10528,
16097,
3744,
16097,
12016,
10528,
2725,
10106,
10528,
10106,
16097,
16097,
10106,
3531,
16097,
3531,
12015,
12016,
16097,
12015,
12016,
12015,
4281,
2723,
10523,
16098,
2723,
16098,
10102,
10523,
3742,
12020,
10523,
12020,
16098,
16098,
12020,
4282,
16098,
4282,
12017,
10102,
16098,
12017,
10102,
12017,
3529,
3529,
12017,
16099,
3529,
16099,
10103,
12017,
4282,
12018,
12017,
12018,
16099,
16099,
12018,
3514,
16099,
3514,
10073,
10103,
16099,
10073,
10103,
10073,
2643,
4282,
12019,
16100,
4282,
16100,
12018,
12019,
3527,
10099,
12019,
10099,
16100,
16100,
10099,
2642,
16100,
2642,
10072,
12018,
16100,
10072,
12018,
10072,
3514,
3742,
10524,
16101,
3742,
16101,
12020,
10524,
2721,
10097,
10524,
10097,
16101,
16101,
10097,
3527,
16101,
3527,
12019,
12020,
16101,
12019,
12020,
12019,
4282,
2713,
10519,
16102,
2713,
16102,
10086,
10519,
3740,
12024,
10519,
12024,
16102,
16102,
12024,
4283,
16102,
4283,
12021,
10086,
16102,
12021,
10086,
12021,
3521,
3521,
12021,
16103,
3521,
16103,
10087,
12021,
4283,
12022,
12021,
12022,
16103,
16103,
12022,
3519,
16103,
3519,
10083,
10087,
16103,
10083,
10087,
10083,
2639,
4283,
12023,
16104,
4283,
16104,
12022,
12023,
3721,
10473,
12023,
10473,
16104,
16104,
10473,
2647,
16104,
2647,
10082,
12022,
16104,
10082,
12022,
10082,
3519,
3740,
10520,
16105,
3740,
16105,
12024,
10520,
2714,
10474,
10520,
10474,
16105,
16105,
10474,
3721,
16105,
3721,
12023,
12024,
16105,
12023,
12024,
12023,
4283,
2729,
10515,
16106,
2729,
16106,
10114,
10515,
3738,
12028,
10515,
12028,
16106,
16106,
12028,
4284,
16106,
4284,
12025,
10114,
16106,
12025,
10114,
12025,
3535,
3535,
12025,
16107,
3535,
16107,
10115,
12025,
4284,
12026,
12025,
12026,
16107,
16107,
12026,
3517,
16107,
3517,
10079,
10115,
16107,
10079,
10115,
10079,
2646,
4284,
12027,
16108,
4284,
16108,
12026,
12027,
3533,
10111,
12027,
10111,
16108,
16108,
10111,
2645,
16108,
2645,
10078,
12026,
16108,
10078,
12026,
10078,
3517,
3738,
10516,
16109,
3738,
16109,
12028,
10516,
2727,
10110,
10516,
10110,
16109,
16109,
10110,
3533,
16109,
3533,
12027,
12028,
16109,
12027,
12028,
12027,
4284,
2725,
10511,
16110,
2725,
16110,
10106,
10511,
3736,
12032,
10511,
12032,
16110,
16110,
12032,
4285,
16110,
4285,
12029,
10106,
16110,
12029,
10106,
12029,
3531,
3531,
12029,
16111,
3531,
16111,
10107,
12029,
4285,
12030,
12029,
12030,
16111,
16111,
12030,
3515,
16111,
3515,
10075,
10107,
16111,
10075,
10107,
10075,
2644,
4285,
12031,
16112,
4285,
16112,
12030,
12031,
3529,
10103,
12031,
10103,
16112,
16112,
10103,
2643,
16112,
2643,
10074,
12030,
16112,
10074,
12030,
10074,
3515,
3736,
10512,
16113,
3736,
16113,
12032,
10512,
2723,
10102,
10512,
10102,
16113,
16113,
10102,
3529,
16113,
3529,
12031,
12032,
16113,
12031,
12032,
12031,
4285,
2720,
10507,
16114,
2720,
16114,
10096,
10507,
3734,
12036,
10507,
12036,
16114,
16114,
12036,
4286,
16114,
4286,
12033,
10096,
16114,
12033,
10096,
12033,
3526,
3526,
12033,
16115,
3526,
16115,
10098,
12033,
4286,
12034,
12033,
12034,
16115,
16115,
12034,
3513,
16115,
3513,
10071,
10098,
16115,
10071,
10098,
10071,
2641,
4286,
12035,
16116,
4286,
16116,
12034,
12035,
3523,
10091,
12035,
10091,
16116,
16116,
10091,
2640,
16116,
2640,
10070,
12034,
16116,
10070,
12034,
10070,
3513,
3734,
10508,
16117,
3734,
16117,
12036,
10508,
2717,
10090,
10508,
10090,
16117,
16117,
10090,
3523,
16117,
3523,
12035,
12036,
16117,
12035,
12036,
12035,
4286,
3777,
10617,
16118,
3777,
16118,
12476,
10617,
2756,
10601,
10617,
10601,
16118,
16118,
10601,
3753,
16118,
3753,
12039,
12476,
16118,
12039,
12476,
12039,
4287,
3628,
12037,
16119,
3628,
16119,
10297,
12037,
4287,
12038,
12037,
12038,
16119,
16119,
12038,
3378,
16119,
3378,
9809,
10297,
16119,
9809,
10297,
9809,
2548,
4287,
12039,
16120,
4287,
16120,
12038,
12039,
3753,
10550,
12039,
10550,
16120,
16120,
10550,
2546,
16120,
2546,
9811,
12038,
16120,
9811,
12038,
9811,
3378,
2753,
10614,
16121,
2753,
16121,
10544,
10614,
3776,
12481,
10614,
12481,
16121,
16121,
12481,
4272,
16121,
4272,
11978,
10544,
16121,
11978,
10544,
11978,
3627,
2714,
10503,
16122,
2714,
16122,
10474,
10503,
3732,
12043,
10503,
12043,
16122,
16122,
12043,
4288,
16122,
4288,
12040,
10474,
16122,
12040,
10474,
12040,
3721,
3721,
12040,
16123,
3721,
16123,
10473,
12040,
4288,
12041,
12040,
12041,
16123,
16123,
12041,
3518,
16123,
3518,
10081,
10473,
16123,
10081,
10473,
10081,
2647,
4288,
12042,
16124,
4288,
16124,
12041,
12042,
3535,
10115,
12042,
10115,
16124,
16124,
10115,
2646,
16124,
2646,
10080,
12041,
16124,
10080,
12041,
10080,
3518,
3732,
10504,
16125,
3732,
16125,
12043,
10504,
2729,
10114,
10504,
10114,
16125,
16125,
10114,
3535,
16125,
3535,
12042,
12043,
16125,
12042,
12043,
12042,
4288,
2772,
10112,
16126,
2772,
16126,
10694,
10112,
3534,
12047,
10112,
12047,
16126,
16126,
12047,
4289,
16126,
4289,
12044,
10694,
16126,
12044,
10694,
12044,
3818,
3818,
12044,
16127,
3818,
16127,
10693,
12044,
4289,
12045,
12044,
12045,
16127,
16127,
12045,
3810,
16127,
3810,
10678,
10693,
16127,
10678,
10693,
10678,
2774,
4289,
12046,
16128,
4289,
16128,
12045,
12046,
3418,
9890,
12046,
9890,
16128,
16128,
9890,
2587,
16128,
2587,
10677,
12045,
16128,
10677,
12045,
10677,
3810,
3534,
10113,
16129,
3534,
16129,
12047,
10113,
2585,
9892,
10113,
9892,
16129,
16129,
9892,
3418,
16129,
3418,
12046,
12047,
16129,
12046,
12047,
12046,
4289,
2770,
10104,
16130,
2770,
16130,
10692,
10104,
3530,
12051,
10104,
12051,
16130,
16130,
12051,
4290,
16130,
4290,
12048,
10692,
16130,
12048,
10692,
12048,
3817,
3817,
12048,
16131,
3817,
16131,
10691,
12048,
4290,
12049,
12048,
12049,
16131,
16131,
12049,
3532,
16131,
3532,
10108,
10691,
16131,
10108,
10691,
10108,
2771,
4290,
12050,
16132,
4290,
16132,
12049,
12050,
3414,
9882,
12050,
9882,
16132,
16132,
9882,
2583,
16132,
2583,
10109,
12049,
16132,
10109,
12049,
10109,
3532,
3530,
10105,
16133,
3530,
16133,
12051,
10105,
2581,
9884,
10105,
9884,
16133,
16133,
9884,
3414,
16133,
3414,
12050,
12051,
16133,
12050,
12051,
12050,
4290,
2774,
10678,
16134,
2774,
16134,
10690,
10678,
3810,
12055,
10678,
12055,
16134,
16134,
12055,
4291,
16134,
4291,
12052,
10690,
16134,
12052,
10690,
12052,
3816,
3816,
12052,
16135,
3816,
16135,
10689,
12052,
4291,
12053,
12052,
12053,
16135,
16135,
12053,
3809,
16135,
3809,
10676,
10689,
16135,
10676,
10689,
10676,
2773,
4291,
12054,
16136,
4291,
16136,
12053,
12054,
3420,
9894,
12054,
9894,
16136,
16136,
9894,
2571,
16136,
2571,
10675,
12053,
16136,
10675,
12053,
10675,
3809,
3810,
10677,
16137,
3810,
16137,
12055,
10677,
2587,
9896,
10677,
9896,
16137,
16137,
9896,
3420,
16137,
3420,
12054,
12055,
16137,
12054,
12055,
12054,
4291,
2771,
10108,
16138,
2771,
16138,
10688,
10108,
3532,
12059,
10108,
12059,
16138,
16138,
12059,
4292,
16138,
4292,
12056,
10688,
16138,
12056,
10688,
12056,
3815,
3815,
12056,
16139,
3815,
16139,
10687,
12056,
4292,
12057,
12056,
12057,
16139,
16139,
12057,
3534,
16139,
3534,
10112,
10687,
16139,
10112,
10687,
10112,
2772,
4292,
12058,
16140,
4292,
16140,
12057,
12058,
3416,
9886,
12058,
9886,
16140,
16140,
9886,
2585,
16140,
2585,
10113,
12057,
16140,
10113,
12057,
10113,
3534,
3532,
10109,
16141,
3532,
16141,
12059,
10109,
2583,
9888,
10109,
9888,
16141,
16141,
9888,
3416,
16141,
3416,
12058,
12059,
16141,
12058,
12059,
12058,
4292,
2769,
10100,
16142,
2769,
16142,
10686,
10100,
3528,
12063,
10100,
12063,
16142,
16142,
12063,
4293,
16142,
4293,
12060,
10686,
16142,
12060,
10686,
12060,
3814,
3814,
12060,
16143,
3814,
16143,
10685,
12060,
4293,
12061,
12060,
12061,
16143,
16143,
12061,
3530,
16143,
3530,
10104,
10685,
16143,
10104,
10685,
10104,
2770,
4293,
12062,
16144,
4293,
16144,
12061,
12062,
3413,
9879,
12062,
9879,
16144,
16144,
9879,
2581,
16144,
2581,
10105,
12061,
16144,
10105,
12061,
10105,
3530,
3528,
10101,
16145,
3528,
16145,
12063,
10101,
2580,
9881,
10101,
9881,
16145,
16145,
9881,
3413,
16145,
3413,
12062,
12063,
16145,
12062,
12063,
12062,
4293,
2768,
10093,
16146,
2768,
16146,
10684,
10093,
3525,
12067,
10093,
12067,
16146,
16146,
12067,
4294,
16146,
4294,
12064,
10684,
16146,
12064,
10684,
12064,
3813,
3813,
12064,
16147,
3813,
16147,
10683,
12064,
4294,
12065,
12064,
12065,
16147,
16147,
12065,
3528,
16147,
3528,
10100,
10683,
16147,
10100,
10683,
10100,
2769,
4294,
12066,
16148,
4294,
16148,
12065,
12066,
3411,
9875,
12066,
9875,
16148,
16148,
9875,
2580,
16148,
2580,
10101,
12065,
16148,
10101,
12065,
10101,
3528,
3525,
10095,
16149,
3525,
16149,
12067,
10095,
2578,
9877,
10095,
9877,
16149,
16149,
9877,
3411,
16149,
3411,
12066,
12067,
16149,
12066,
12067,
12066,
4294,
2586,
9887,
16150,
2586,
16150,
9923,
9887,
3417,
12071,
9887,
12071,
16150,
16150,
12071,
4295,
16150,
4295,
12068,
9923,
16150,
12068,
9923,
12068,
3434,
3434,
12068,
16151,
3434,
16151,
9922,
12068,
4295,
12069,
12068,
12069,
16151,
16151,
12069,
3430,
16151,
3430,
9914,
9922,
16151,
9914,
9922,
9914,
2596,
4295,
12070,
16152,
4295,
16152,
12069,
12070,
3433,
9921,
12070,
9921,
16152,
16152,
9921,
2595,
16152,
2595,
9915,
12069,
16152,
9915,
12069,
9915,
3430,
3417,
9889,
16153,
3417,
16153,
12071,
9889,
2584,
9920,
9889,
9920,
16153,
16153,
9920,
3433,
16153,
3433,
12070,
12071,
16153,
12070,
12071,
12070,
4295,
2582,
9878,
16154,
2582,
16154,
9927,
9878,
3412,
12075,
9878,
12075,
16154,
16154,
12075,
4296,
16154,
4296,
12072,
9927,
16154,
12072,
9927,
12072,
3436,
3436,
12072,
16155,
3436,
16155,
9926,
12072,
4296,
12073,
12072,
12073,
16155,
16155,
12073,
3428,
16155,
3428,
9910,
9926,
16155,
9910,
9926,
9910,
2594,
4296,
12074,
16156,
4296,
16156,
12073,
12074,
3435,
9925,
12074,
9925,
16156,
16156,
9925,
2593,
16156,
2593,
9911,
12073,
16156,
9911,
12073,
9911,
3428,
3412,
9880,
16157,
3412,
16157,
12075,
9880,
2579,
9924,
9880,
9924,
16157,
16157,
9924,
3435,
16157,
3435,
12074,
12075,
16157,
12074,
12075,
12074,
4296,
2575,
9870,
16158,
2575,
16158,
9932,
9870,
3408,
12079,
9870,
12079,
16158,
16158,
12079,
4297,
16158,
4297,
12076,
9932,
16158,
12076,
9932,
12076,
3438,
3438,
12076,
16159,
3438,
16159,
9930,
12076,
4297,
12077,
12076,
12077,
16159,
16159,
12077,
3426,
16159,
3426,
9906,
9930,
16159,
9906,
9930,
9906,
2591,
4297,
12078,
16160,
4297,
16160,
12077,
12078,
3437,
9929,
12078,
9929,
16160,
16160,
9929,
2590,
16160,
2590,
9907,
12077,
16160,
9907,
12077,
9907,
3426,
3408,
9872,
16161,
3408,
16161,
12079,
9872,
2573,
9928,
9872,
9928,
16161,
16161,
9928,
3437,
16161,
3437,
12078,
12079,
16161,
12078,
12079,
12078,
4297,
2588,
9891,
16162,
2588,
16162,
9935,
9891,
3419,
12083,
9891,
12083,
16162,
16162,
12083,
4298,
16162,
4298,
12080,
9935,
16162,
12080,
9935,
12080,
3440,
3440,
12080,
16163,
3440,
16163,
9934,
12080,
4298,
12081,
12080,
12081,
16163,
16163,
12081,
3431,
16163,
3431,
9916,
9934,
16163,
9916,
9934,
9916,
2597,
4298,
12082,
16164,
4298,
16164,
12081,
12082,
3434,
9922,
12082,
9922,
16164,
16164,
9922,
2596,
16164,
2596,
9917,
12081,
16164,
9917,
12081,
9917,
3431,
3419,
9893,
16165,
3419,
16165,
12083,
9893,
2586,
9923,
9893,
9923,
16165,
16165,
9923,
3434,
16165,
3434,
12082,
12083,
16165,
12082,
12083,
12082,
4298,
2584,
9883,
16166,
2584,
16166,
9920,
9883,
3415,
12087,
9883,
12087,
16166,
16166,
12087,
4299,
16166,
4299,
12084,
9920,
16166,
12084,
9920,
12084,
3433,
3433,
12084,
16167,
3433,
16167,
9921,
12084,
4299,
12085,
12084,
12085,
16167,
16167,
12085,
3429,
16167,
3429,
9912,
9921,
16167,
9912,
9921,
9912,
2595,
4299,
12086,
16168,
4299,
16168,
12085,
12086,
3436,
9926,
12086,
9926,
16168,
16168,
9926,
2594,
16168,
2594,
9913,
12085,
16168,
9913,
12085,
9913,
3429,
3415,
9885,
16169,
3415,
16169,
12087,
9885,
2582,
9927,
9885,
9927,
16169,
16169,
9927,
3436,
16169,
3436,
12086,
12087,
16169,
12086,
12087,
12086,
4299,
2579,
9874,
16170,
2579,
16170,
9924,
9874,
3410,
12091,
9874,
12091,
16170,
16170,
12091,
4300,
16170,
4300,
12088,
9924,
16170,
12088,
9924,
12088,
3435,
3435,
12088,
16171,
3435,
16171,
9925,
12088,
4300,
12089,
12088,
12089,
16171,
16171,
12089,
3427,
16171,
3427,
9908,
9925,
16171,
9908,
9925,
9908,
2593,
4300,
12090,
16172,
4300,
16172,
12089,
12090,
3439,
9931,
12090,
9931,
16172,
16172,
9931,
2592,
16172,
2592,
9909,
12089,
16172,
9909,
12089,
9909,
3427,
3410,
9876,
16173,
3410,
16173,
12091,
9876,
2576,
9933,
9876,
9933,
16173,
16173,
9933,
3439,
16173,
3439,
12090,
12091,
16173,
12090,
12091,
12090,
4300,
2573,
9866,
16174,
2573,
16174,
9928,
9866,
3406,
12095,
9866,
12095,
16174,
16174,
12095,
4301,
16174,
4301,
12092,
9928,
16174,
12092,
9928,
12092,
3437,
3437,
12092,
16175,
3437,
16175,
9929,
12092,
4301,
12093,
12092,
12093,
16175,
16175,
12093,
3425,
16175,
3425,
9904,
9929,
16175,
9904,
9929,
9904,
2590,
4301,
12094,
16176,
4301,
16176,
12093,
12094,
3441,
9937,
12094,
9937,
16176,
16176,
9937,
2589,
16176,
2589,
9905,
12093,
16176,
9905,
12093,
9905,
3425,
3406,
9868,
16177,
3406,
16177,
12095,
9868,
2572,
9936,
9868,
9936,
16177,
16177,
9936,
3441,
16177,
3441,
12094,
12095,
16177,
12094,
12095,
12094,
4301,
2572,
9895,
16178,
2572,
16178,
9936,
9895,
3421,
12099,
9895,
12099,
16178,
16178,
12099,
4302,
16178,
4302,
12096,
9936,
16178,
12096,
9936,
12096,
3441,
3441,
12096,
16179,
3441,
16179,
9937,
12096,
4302,
12097,
12096,
12097,
16179,
16179,
12097,
3432,
16179,
3432,
9918,
9937,
16179,
9918,
9937,
9918,
2589,
4302,
12098,
16180,
4302,
16180,
12097,
12098,
3440,
9934,
12098,
9934,
16180,
16180,
9934,
2597,
16180,
2597,
9919,
12097,
16180,
9919,
12097,
9919,
3432,
3421,
9897,
16181,
3421,
16181,
12099,
9897,
2588,
9935,
9897,
9935,
16181,
16181,
9935,
3440,
16181,
3440,
12098,
12099,
16181,
12098,
12099,
12098,
4302,
2589,
9939,
16182,
2589,
16182,
9905,
9939,
3442,
12103,
9939,
12103,
16182,
16182,
12103,
4303,
16182,
4303,
12100,
9905,
16182,
12100,
9905,
12100,
3425,
3425,
12100,
16183,
3425,
16183,
9904,
12100,
4303,
12101,
12100,
12101,
16183,
16183,
12101,
3443,
16183,
3443,
9940,
9904,
16183,
9940,
9904,
9940,
2590,
4303,
12102,
16184,
4303,
16184,
12101,
12102,
2930,
8963,
12102,
8963,
16184,
16184,
8963,
2261,
16184,
2261,
9941,
12101,
16184,
9941,
12101,
9941,
3443,
3442,
9938,
16185,
3442,
16185,
12103,
9938,
2252,
8962,
9938,
8962,
16185,
16185,
8962,
2930,
16185,
2930,
12102,
12103,
16185,
12102,
12103,
12102,
4303,
2590,
9940,
16186,
2590,
16186,
9907,
9940,
3443,
12107,
9940,
12107,
16186,
16186,
12107,
4304,
16186,
4304,
12104,
9907,
16186,
12104,
9907,
12104,
3426,
3426,
12104,
16187,
3426,
16187,
9906,
12104,
4304,
12105,
12104,
12105,
16187,
16187,
12105,
3444,
16187,
3444,
9942,
9906,
16187,
9942,
9906,
9942,
2591,
4304,
12106,
16188,
4304,
16188,
12105,
12106,
2937,
8977,
12106,
8977,
16188,
16188,
8977,
2268,
16188,
2268,
9944,
12105,
16188,
9944,
12105,
9944,
3444,
3443,
9941,
16189,
3443,
16189,
12107,
9941,
2261,
8976,
9941,
8976,
16189,
16189,
8976,
2937,
16189,
2937,
12106,
12107,
16189,
12106,
12107,
12106,
4304,
2592,
9943,
16190,
2592,
16190,
9909,
9943,
3445,
12111,
9943,
12111,
16190,
16190,
12111,
4305,
16190,
4305,
12108,
9909,
16190,
12108,
9909,
12108,
3427,
3427,
12108,
16191,
3427,
16191,
9908,
12108,
4305,
12109,
12108,
12109,
16191,
16191,
12109,
3446,
16191,
3446,
9946,
9908,
16191,
9946,
9908,
9946,
2593,
4305,
12110,
16192,
4305,
16192,
12109,
12110,
2944,
8991,
12110,
8991,
16192,
16192,
8991,
2260,
16192,
2260,
9947,
12109,
16192,
9947,
12109,
9947,
3446,
3445,
9945,
16193,
3445,
16193,
12111,
9945,
2269,
8990,
9945,
8990,
16193,
16193,
8990,
2944,
16193,
2944,
12110,
12111,
16193,
12110,
12111,
12110,
4305,
2593,
9946,
16194,
2593,
16194,
9911,
9946,
3446,
12115,
9946,
12115,
16194,
16194,
12115,
4306,
16194,
4306,
12112,
9911,
16194,
12112,
9911,
12112,
3428,
3428,
12112,
16195,
3428,
16195,
9910,
12112,
4306,
12113,
12112,
12113,
16195,
16195,
12113,
3447,
16195,
3447,
9948,
9910,
16195,
9948,
9910,
9948,
2594,
4306,
12114,
16196,
4306,
16196,
12113,
12114,
2902,
8921,
12114,
8921,
16196,
16196,
8921,
2250,
16196,
2250,
9949,
12113,
16196,
9949,
12113,
9949,
3447,
3446,
9947,
16197,
3446,
16197,
12115,
9947,
2260,
8920,
9947,
8920,
16197,
16197,
8920,
2902,
16197,
2902,
12114,
12115,
16197,
12114,
12115,
12114,
4306,
2594,
9948,
16198,
2594,
16198,
9913,
9948,
3447,
12119,
9948,
12119,
16198,
16198,
12119,
4307,
16198,
4307,
12116,
9913,
16198,
12116,
9913,
12116,
3429,
3429,
12116,
16199,
3429,
16199,
9912,
12116,
4307,
12117,
12116,
12117,
16199,
16199,
12117,
3448,
16199,
3448,
9950,
9912,
16199,
9950,
9912,
9950,
2595,
4307,
12118,
16200,
4307,
16200,
12117,
12118,
2921,
8947,
12118,
8947,
16200,
16200,
8947,
2281,
16200,
2281,
9951,
12117,
16200,
9951,
12117,
9951,
3448,
3447,
9949,
16201,
3447,
16201,
12119,
9949,
2250,
8946,
9949,
8946,
16201,
16201,
8946,
2921,
16201,
2921,
12118,
12119,
16201,
12118,
12119,
12118,
4307,
2595,
9950,
16202,
2595,
16202,
9915,
9950,
3448,
12123,
9950,
12123,
16202,
16202,
12123,
4308,
16202,
4308,
12120,
9915,
16202,
12120,
9915,
12120,
3430,
3430,
12120,
16203,
3430,
16203,
9914,
12120,
4308,
12121,
12120,
12121,
16203,
16203,
12121,
3449,
16203,
3449,
9952,
9914,
16203,
9952,
9914,
9952,
2596,
4308,
12122,
16204,
4308,
16204,
12121,
12122,
2920,
8945,
12122,
8945,
16204,
16204,
8945,
2257,
16204,
2257,
9953,
12121,
16204,
9953,
12121,
9953,
3449,
3448,
9951,
16205,
3448,
16205,
12123,
9951,
2281,
8944,
9951,
8944,
16205,
16205,
8944,
2920,
16205,
2920,
12122,
12123,
16205,
12122,
12123,
12122,
4308,
2596,
9952,
16206,
2596,
16206,
9917,
9952,
3449,
12127,
9952,
12127,
16206,
16206,
12127,
4309,
16206,
4309,
12124,
9917,
16206,
12124,
9917,
12124,
3431,
3431,
12124,
16207,
3431,
16207,
9916,
12124,
4309,
12125,
12124,
12125,
16207,
16207,
12125,
3450,
16207,
3450,
9954,
9916,
16207,
9954,
9916,
9954,
2597,
4309,
12126,
16208,
4309,
16208,
12125,
12126,
2963,
9029,
12126,
9029,
16208,
16208,
9029,
2283,
16208,
2283,
9955,
12125,
16208,
9955,
12125,
9955,
3450,
3449,
9953,
16209,
3449,
16209,
12127,
9953,
2257,
9028,
9953,
9028,
16209,
16209,
9028,
2963,
16209,
2963,
12126,
12127,
16209,
12126,
12127,
12126,
4309,
2597,
9954,
16210,
2597,
16210,
9919,
9954,
3450,
12131,
9954,
12131,
16210,
16210,
12131,
4310,
16210,
4310,
12128,
9919,
16210,
12128,
9919,
12128,
3432,
3432,
12128,
16211,
3432,
16211,
9918,
12128,
4310,
12129,
12128,
12129,
16211,
16211,
12129,
3442,
16211,
3442,
9939,
9918,
16211,
9939,
9918,
9939,
2589,
4310,
12130,
16212,
4310,
16212,
12129,
12130,
2900,
8917,
12130,
8917,
16212,
16212,
8917,
2252,
16212,
2252,
9938,
12129,
16212,
9938,
12129,
9938,
3442,
3450,
9955,
16213,
3450,
16213,
12131,
9955,
2283,
8916,
9955,
8916,
16213,
16213,
8916,
2900,
16213,
2900,
12130,
12131,
16213,
12130,
12131,
12130,
4310,
2604,
9967,
16214,
2604,
16214,
10348,
9967,
3456,
12135,
9967,
12135,
16214,
16214,
12135,
4311,
16214,
4311,
12132,
10348,
16214,
12132,
10348,
12132,
3656,
3656,
12132,
16215,
3656,
16215,
10349,
12132,
4311,
12133,
12132,
12133,
16215,
16215,
12133,
3564,
16215,
3564,
10172,
10349,
16215,
10172,
10349,
10172,
2672,
4311,
12134,
16216,
4311,
16216,
12133,
12134,
3337,
9732,
12134,
9732,
16216,
16216,
9732,
2507,
16216,
2507,
10173,
12133,
16216,
10173,
12133,
10173,
3564,
3456,
9966,
16217,
3456,
16217,
12135,
9966,
2607,
9733,
9966,
9733,
16217,
16217,
9733,
3337,
16217,
3337,
12134,
12135,
16217,
12134,
12135,
12134,
4311,
2675,
10205,
16218,
2675,
16218,
10233,
10205,
3580,
12139,
10205,
12139,
16218,
16218,
12139,
4312,
16218,
4312,
12136,
10233,
16218,
12136,
10233,
12136,
3594,
3594,
12136,
16219,
3594,
16219,
10232,
12136,
4312,
12137,
12136,
12137,
16219,
16219,
12137,
3579,
16219,
3579,
10203,
10232,
16219,
10203,
10232,
10203,
2674,
4312,
12138,
16220,
4312,
16220,
12137,
12138,
3546,
10138,
12138,
10138,
16220,
16220,
10138,
2655,
16220,
2655,
10202,
12137,
16220,
10202,
12137,
10202,
3579,
3580,
10204,
16221,
3580,
16221,
12139,
10204,
2658,
10136,
10204,
10136,
16221,
16221,
10136,
3546,
16221,
3546,
12138,
12139,
16221,
12138,
12139,
12138,
4312,
2673,
10201,
16222,
2673,
16222,
10127,
10201,
3578,
12143,
10201,
12143,
16222,
16222,
12143,
4313,
16222,
4313,
12140,
10127,
16222,
12140,
10127,
12140,
3541,
3541,
12140,
16223,
3541,
16223,
10126,
12140,
4313,
12141,
12140,
12141,
16223,
16223,
12141,
3338,
16223,
3338,
9734,
10126,
16223,
9734,
10126,
9734,
2606,
4313,
12142,
16224,
4313,
16224,
12141,
12142,
3553,
10151,
12142,
10151,
16224,
16224,
10151,
2657,
16224,
2657,
9735,
12141,
16224,
9735,
12141,
9735,
3338,
3578,
10200,
16225,
3578,
16225,
12143,
10200,
2652,
10148,
10200,
10148,
16225,
16225,
10148,
3553,
16225,
3553,
12142,
12143,
16225,
12142,
12143,
12142,
4313,
2657,
10185,
16226,
2657,
16226,
9735,
10185,
3571,
12147,
10185,
12147,
16226,
16226,
12147,
4314,
16226,
4314,
12144,
9735,
16226,
12144,
9735,
12144,
3338,
3338,
12144,
16227,
3338,
16227,
9734,
12144,
4314,
12145,
12144,
12145,
16227,
16227,
12145,
3540,
16227,
3540,
10123,
9734,
16227,
10123,
9734,
10123,
2606,
4314,
12146,
16228,
4314,
16228,
12145,
12146,
3589,
10221,
12146,
10221,
16228,
16228,
10221,
2566,
16228,
2566,
10125,
12145,
16228,
10125,
12145,
10125,
3540,
3571,
10187,
16229,
3571,
16229,
12147,
10187,
2666,
10223,
10187,
10223,
16229,
16229,
10223,
3589,
16229,
3589,
12146,
12147,
16229,
12146,
12147,
12146,
4314,
2663,
10118,
16230,
2663,
16230,
10153,
10118,
3537,
12151,
10118,
12151,
16230,
16230,
12151,
4315,
16230,
4315,
12148,
10153,
16230,
12148,
10153,
12148,
3554,
3554,
12148,
16231,
3554,
16231,
10152,
12148,
4315,
12149,
12148,
12149,
16231,
16231,
12149,
3719,
16231,
3719,
10469,
10152,
16231,
10469,
10152,
10469,
2662,
4315,
12150,
16232,
4315,
16232,
12149,
12150,
3713,
10458,
12150,
10458,
16232,
16232,
10458,
2710,
16232,
2710,
10468,
12149,
16232,
10468,
12149,
10468,
3719,
3537,
10119,
16233,
3537,
16233,
12151,
10119,
2648,
10456,
10119,
10456,
16233,
16233,
10456,
3713,
16233,
3713,
12150,
12151,
16233,
12150,
12151,
12150,
4315,
2661,
10198,
16234,
2661,
16234,
10157,
10198,
3577,
12155,
10198,
12155,
16234,
16234,
12155,
4316,
16234,
4316,
12152,
10157,
16234,
12152,
10157,
12152,
3556,
3556,
12152,
16235,
3556,
16235,
10155,
12152,
4316,
12153,
12152,
12153,
16235,
16235,
12153,
3583,
16235,
3583,
10209,
10155,
16235,
10209,
10155,
10209,
2668,
4316,
12154,
16236,
4316,
16236,
12153,
12154,
3592,
10229,
12154,
10229,
16236,
16236,
10229,
2677,
16236,
2677,
10211,
12153,
16236,
10211,
12153,
10211,
3583,
3577,
10199,
16237,
3577,
16237,
12155,
10199,
2507,
10228,
10199,
10228,
16237,
16237,
10228,
3592,
16237,
3592,
12154,
12155,
16237,
12154,
12155,
12154,
4316,
2609,
10454,
16238,
2609,
16238,
9971,
10454,
3712,
12159,
10454,
12159,
16238,
16238,
12159,
4317,
16238,
4317,
12156,
9971,
16238,
12156,
9971,
12156,
3458,
3458,
12156,
16239,
3458,
16239,
9970,
12156,
4317,
12157,
12156,
12157,
16239,
16239,
12157,
3714,
16239,
3714,
10457,
9970,
16239,
10457,
9970,
10457,
2649,
4317,
12158,
16240,
4317,
16240,
12157,
12158,
3711,
10453,
12158,
10453,
16240,
16240,
10453,
2711,
16240,
2711,
10459,
12157,
16240,
10459,
12157,
10459,
3714,
3712,
10455,
16241,
3712,
16241,
12159,
10455,
2706,
10452,
10455,
10452,
16241,
16241,
10452,
3711,
16241,
3711,
12158,
12159,
16241,
12158,
12159,
12158,
4317,
2507,
10199,
16242,
2507,
16242,
10197,
10199,
3577,
12163,
10199,
12163,
16242,
16242,
12163,
4318,
16242,
4318,
12160,
10197,
16242,
12160,
10197,
12160,
3576,
3576,
12160,
16243,
3576,
16243,
10196,
12160,
4318,
12161,
12160,
12161,
16243,
16243,
12161,
3580,
16243,
3580,
10205,
10196,
16243,
10205,
10196,
10205,
2675,
4318,
12162,
16244,
4318,
16244,
12161,
12162,
3549,
10142,
12162,
10142,
16244,
16244,
10142,
2658,
16244,
2658,
10204,
12161,
16244,
10204,
12161,
10204,
3580,
3577,
10198,
16245,
3577,
16245,
12163,
10198,
2661,
10141,
10198,
10141,
16245,
16245,
10141,
3549,
16245,
3549,
12162,
12163,
16245,
12162,
12163,
12162,
4318,
2608,
10174,
16246,
2608,
16246,
9968,
10174,
3565,
12167,
10174,
12167,
16246,
16246,
12167,
4319,
16246,
4319,
12164,
9968,
16246,
12164,
9968,
12164,
3457,
3457,
12164,
16247,
3457,
16247,
9969,
12164,
4319,
12165,
12164,
12165,
16247,
16247,
12165,
3591,
16247,
3591,
10225,
9969,
16247,
10225,
9969,
10225,
2651,
4319,
12166,
16248,
4319,
16248,
12165,
12166,
3555,
10154,
12166,
10154,
16248,
16248,
10154,
2669,
16248,
2669,
10227,
12165,
16248,
10227,
12165,
10227,
3591,
3565,
10175,
16249,
3565,
16249,
12167,
10175,
2660,
10156,
10175,
10156,
16249,
16249,
10156,
3555,
16249,
3555,
12166,
12167,
16249,
12166,
12167,
12166,
4319,
2600,
10176,
16250,
2600,
16250,
10350,
10176,
3566,
12171,
10176,
12171,
16250,
16250,
12171,
4320,
16250,
4320,
12168,
10350,
16250,
12168,
10350,
12168,
3657,
3657,
12168,
16251,
3657,
16251,
10351,
12168,
4320,
12169,
12168,
12169,
16251,
16251,
12169,
3544,
16251,
3544,
10132,
10351,
16251,
10132,
10351,
10132,
2671,
4320,
12170,
16252,
4320,
16252,
12169,
12170,
3339,
9736,
12170,
9736,
16252,
16252,
9736,
2505,
16252,
2505,
10133,
12169,
16252,
10133,
12169,
10133,
3544,
3566,
10178,
16253,
3566,
16253,
12171,
10178,
2605,
9737,
10178,
9737,
16253,
16253,
9737,
3339,
16253,
3339,
12170,
12171,
16253,
12170,
12171,
12170,
4320,
2505,
9736,
16254,
2505,
16254,
10344,
9736,
3339,
12175,
9736,
12175,
16254,
16254,
12175,
4321,
16254,
4321,
12172,
10344,
16254,
12172,
10344,
12172,
3654,
3654,
12172,
16255,
3654,
16255,
10345,
12172,
4321,
12173,
12172,
12173,
16255,
16255,
12173,
3405,
16255,
3405,
9865,
10345,
16255,
9865,
10345,
9865,
2570,
4321,
12174,
16256,
4321,
16256,
12173,
12174,
3539,
10124,
12174,
10124,
16256,
16256,
10124,
2565,
16256,
2565,
9863,
12173,
16256,
9863,
12173,
9863,
3405,
3339,
9737,
16257,
3339,
16257,
12175,
9737,
2605,
10122,
9737,
10122,
16257,
16257,
10122,
3539,
16257,
3539,
12174,
12175,
16257,
12174,
12175,
12174,
4321,
2563,
10206,
16258,
2563,
16258,
9861,
10206,
3581,
12179,
10206,
12179,
16258,
16258,
12179,
4322,
16258,
4322,
12176,
9861,
16258,
12176,
9861,
12176,
3403,
3403,
12176,
16259,
3403,
16259,
9859,
12176,
4322,
12177,
12176,
12177,
16259,
16259,
12177,
3545,
16259,
3545,
10135,
9859,
16259,
10135,
9859,
10135,
2568,
4322,
12178,
16260,
4322,
16260,
12177,
12178,
3340,
9739,
12178,
9739,
16260,
16260,
9739,
2506,
16260,
2506,
10134,
12177,
16260,
10134,
12177,
10134,
3545,
3581,
10207,
16261,
3581,
16261,
12179,
10207,
2607,
9738,
10207,
9738,
16261,
16261,
9738,
3340,
16261,
3340,
12178,
12179,
16261,
12178,
12179,
12178,
4322,
2660,
10175,
16262,
2660,
16262,
10140,
10175,
3565,
12182,
10175,
12182,
16262,
16262,
12182,
4323,
16262,
4323,
12180,
10140,
16262,
12180,
10140,
12180,
3548,
2659,
10143,
16263,
2659,
16263,
10169,
10143,
3548,
12180,
10143,
12180,
16263,
16263,
12180,
4323,
16263,
4323,
12181,
10169,
16263,
12181,
10169,
12181,
3562,
2608,
10168,
16264,
2608,
16264,
10174,
10168,
3562,
12181,
10168,
12181,
16264,
16264,
12181,
4323,
16264,
4323,
12182,
10174,
16264,
12182,
10174,
12182,
3565,
2570,
9899,
16265,
2570,
16265,
10345,
9899,
3423,
12186,
9899,
12186,
16265,
16265,
12186,
4324,
16265,
4324,
12183,
10345,
16265,
12183,
10345,
12183,
3654,
3654,
12183,
16266,
3654,
16266,
10344,
12183,
4324,
12184,
12183,
12184,
16266,
16266,
12184,
3455,
16266,
3455,
9964,
10344,
16266,
9964,
10344,
9964,
2505,
4324,
12185,
16267,
4324,
16267,
12184,
12185,
3545,
10134,
12185,
10134,
16267,
16267,
10134,
2506,
16267,
2506,
9965,
12184,
16267,
9965,
12184,
9965,
3455,
3423,
9901,
16268,
3423,
16268,
12186,
9901,
2568,
10135,
9901,
10135,
16268,
16268,
10135,
3545,
16268,
3545,
12185,
12186,
16268,
12185,
12186,
12185,
4324,
2656,
10164,
16269,
2656,
16269,
10184,
10164,
3560,
12190,
10164,
12190,
16269,
16269,
12190,
4325,
16269,
4325,
12187,
10184,
16269,
12187,
10184,
12187,
3570,
3570,
12187,
16270,
3570,
16270,
10186,
12187,
4325,
12188,
12187,
12188,
16270,
16270,
12188,
3569,
16270,
3569,
10181,
10186,
16270,
10181,
10186,
10181,
2665,
4325,
12189,
16271,
4325,
16271,
12188,
12189,
3458,
9970,
12189,
9970,
16271,
16271,
9970,
2649,
16271,
2649,
10183,
12188,
16271,
10183,
12188,
10183,
3569,
3560,
10165,
16272,
3560,
16272,
12190,
10165,
2609,
9971,
10165,
9971,
16272,
16272,
9971,
3458,
16272,
3458,
12189,
12190,
16272,
12189,
12190,
12189,
4325,
2604,
9959,
16273,
2604,
16273,
9967,
9959,
3452,
12194,
9959,
12194,
16273,
16273,
12194,
4326,
16273,
4326,
12191,
9967,
16273,
12191,
9967,
12191,
3456,
3456,
12191,
16274,
3456,
16274,
9966,
12191,
4326,
12192,
12191,
12192,
16274,
16274,
12192,
3340,
16274,
3340,
9738,
9966,
16274,
9738,
9966,
9738,
2607,
4326,
12193,
16275,
4326,
16275,
12192,
12193,
3563,
10171,
12193,
10171,
16275,
16275,
10171,
2506,
16275,
2506,
9739,
12192,
16275,
9739,
12192,
9739,
3340,
3452,
9958,
16276,
3452,
16276,
12194,
9958,
2603,
10170,
9958,
10170,
16276,
16276,
10170,
3563,
16276,
3563,
12193,
12194,
16276,
12193,
12194,
12193,
4326,
2674,
10203,
16277,
2674,
16277,
10219,
10203,
3579,
12198,
10203,
12198,
16277,
16277,
12198,
4327,
16277,
4327,
12195,
10219,
16277,
12195,
10219,
12195,
3587,
3587,
12195,
16278,
3587,
16278,
10218,
12195,
4327,
12196,
12195,
12196,
16278,
16278,
12196,
3578,
16278,
3578,
10201,
10218,
16278,
10201,
10218,
10201,
2673,
4327,
12197,
16279,
4327,
16279,
12196,
12197,
3550,
10146,
12197,
10146,
16279,
16279,
10146,
2652,
16279,
2652,
10200,
12196,
16279,
10200,
12196,
10200,
3578,
3579,
10202,
16280,
3579,
16280,
12198,
10202,
2655,
10144,
10202,
10144,
16280,
16280,
10144,
3550,
16280,
3550,
12197,
12198,
16280,
12197,
12198,
12197,
4327,
2507,
9732,
16281,
2507,
16281,
10228,
9732,
3337,
12202,
9732,
12202,
16281,
16281,
12202,
4328,
16281,
4328,
12199,
10228,
16281,
12199,
10228,
12199,
3592,
3592,
12199,
16282,
3592,
16282,
10229,
12199,
4328,
12200,
12199,
12200,
16282,
16282,
12200,
3543,
16282,
3543,
10131,
10229,
16282,
10131,
10229,
10131,
2677,
4328,
12201,
16283,
4328,
16283,
12200,
12201,
3581,
10206,
12201,
10206,
16283,
16283,
10206,
2563,
16283,
2563,
10129,
12200,
16283,
10129,
12200,
10129,
3543,
3337,
9733,
16284,
3337,
16284,
12202,
9733,
2607,
10207,
9733,
10207,
16284,
16284,
10207,
3581,
16284,
3581,
12201,
12202,
16284,
12201,
12202,
12201,
4328,
2664,
10180,
16285,
2664,
16285,
10117,
10180,
3568,
12205,
10180,
12205,
16285,
16285,
12205,
4329,
16285,
4329,
12203,
10117,
16285,
12203,
10117,
12203,
3536,
2663,
10116,
16286,
2663,
16286,
10118,
10116,
3536,
12203,
10116,
12203,
16286,
16286,
12203,
4329,
16286,
4329,
12204,
10118,
16286,
12204,
10118,
12204,
3537,
2648,
10119,
16287,
2648,
16287,
10182,
10119,
3537,
12204,
10119,
12204,
16287,
16287,
12204,
4329,
16287,
4329,
12205,
10182,
16287,
12205,
10182,
12205,
3568,
2274,
9013,
16288,
2274,
16288,
9523,
9013,
2955,
12209,
9013,
12209,
16288,
16288,
12209,
4330,
16288,
4330,
12206,
9523,
16288,
12206,
9523,
12206,
3217,
3217,
12206,
16289,
3217,
16289,
9522,
12206,
4330,
12207,
12206,
12207,
16289,
16289,
12207,
3462,
16289,
3462,
9978,
9522,
16289,
9978,
9522,
9978,
2614,
4330,
12208,
16290,
4330,
16290,
12207,
12208,
3218,
9524,
12208,
9524,
16290,
16290,
9524,
2616,
16290,
2616,
9980,
12207,
16290,
9980,
12207,
9980,
3462,
2955,
9012,
16291,
2955,
16291,
12209,
9012,
2251,
9525,
9012,
9525,
16291,
16291,
9525,
3218,
16291,
3218,
12208,
12209,
16291,
12208,
12209,
12208,
4330,
2636,
9993,
16292,
2636,
16292,
9994,
9993,
3469,
12213,
9993,
12213,
16292,
16292,
12213,
4331,
16292,
4331,
12210,
9994,
16292,
12210,
9994,
12210,
3470,
3470,
12210,
16293,
3470,
16293,
9995,
12210,
4331,
12211,
12210,
12211,
16293,
16293,
12211,
3471,
16293,
3471,
9996,
9995,
16293,
9996,
9995,
9996,
2621,
4331,
12212,
16294,
4331,
16294,
12211,
12212,
3472,
9998,
12212,
9998,
16294,
16294,
9998,
2622,
16294,
2622,
9997,
12211,
16294,
9997,
12211,
9997,
3471,
3469,
9992,
16295,
3469,
16295,
12213,
9992,
2635,
9999,
9992,
9999,
16295,
16295,
9999,
3472,
16295,
3472,
12212,
12213,
16295,
12212,
12213,
12212,
4331,
2638,
10001,
16296,
2638,
16296,
10002,
10001,
3473,
12217,
10001,
12217,
16296,
16296,
12217,
4332,
16296,
4332,
12214,
10002,
16296,
12214,
10002,
12214,
3474,
3474,
12214,
16297,
3474,
16297,
10003,
12214,
4332,
12215,
12214,
12215,
16297,
16297,
12215,
3475,
16297,
3475,
10004,
10003,
16297,
10004,
10003,
10004,
2625,
4332,
12216,
16298,
4332,
16298,
12215,
12216,
3476,
10006,
12216,
10006,
16298,
16298,
10006,
2626,
16298,
2626,
10005,
12215,
16298,
10005,
12215,
10005,
3475,
3473,
10000,
16299,
3473,
16299,
12217,
10000,
2637,
10007,
10000,
10007,
16299,
16299,
10007,
3476,
16299,
3476,
12216,
12217,
16299,
12216,
12217,
12216,
4332,
2632,
10011,
16300,
2632,
16300,
10012,
10011,
3478,
12221,
10011,
12221,
16300,
16300,
12221,
4333,
16300,
4333,
12218,
10012,
16300,
12218,
10012,
12218,
3479,
3479,
12218,
16301,
3479,
16301,
10013,
12218,
4333,
12219,
12218,
12219,
16301,
16301,
12219,
3480,
16301,
3480,
10014,
10013,
16301,
10014,
10013,
10014,
2623,
4333,
12220,
16302,
4333,
16302,
12219,
12220,
3481,
10016,
12220,
10016,
16302,
16302,
10016,
2624,
16302,
2624,
10015,
12219,
16302,
10015,
12219,
10015,
3480,
3478,
10009,
16303,
3478,
16303,
12221,
10009,
2630,
10017,
10009,
10017,
16303,
16303,
10017,
3481,
16303,
3481,
12220,
12221,
16303,
12220,
12221,
12220,
4333,
2634,
10019,
16304,
2634,
16304,
10020,
10019,
3482,
12225,
10019,
12225,
16304,
16304,
12225,
4334,
16304,
4334,
12222,
10020,
16304,
12222,
10020,
12222,
3483,
3483,
12222,
16305,
3483,
16305,
10021,
12222,
4334,
12223,
12222,
12223,
16305,
16305,
12223,
3471,
16305,
3471,
9997,
10021,
16305,
9997,
10021,
9997,
2622,
4334,
12224,
16306,
4334,
16306,
12223,
12224,
3484,
10022,
12224,
10022,
16306,
16306,
10022,
2621,
16306,
2621,
9996,
12223,
16306,
9996,
12223,
9996,
3471,
3482,
10018,
16307,
3482,
16307,
12225,
10018,
2633,
10023,
10018,
10023,
16307,
16307,
10023,
3484,
16307,
3484,
12224,
12225,
16307,
12224,
12225,
12224,
4334,
2628,
10025,
16308,
2628,
16308,
10026,
10025,
3485,
12229,
10025,
12229,
16308,
16308,
12229,
4335,
16308,
4335,
12226,
10026,
16308,
12226,
10026,
12226,
3486,
3486,
12226,
16309,
3486,
16309,
10027,
12226,
4335,
12227,
12226,
12227,
16309,
16309,
12227,
3477,
16309,
3477,
10010,
10027,
16309,
10010,
10027,
10010,
2631,
4335,
12228,
16310,
4335,
16310,
12227,
12228,
3487,
10028,
12228,
10028,
16310,
16310,
10028,
2629,
16310,
2629,
10008,
12227,
16310,
10008,
12227,
10008,
3477,
3485,
10024,
16311,
3485,
16311,
12229,
10024,
2627,
10029,
10024,
10029,
16311,
16311,
10029,
3487,
16311,
3487,
12228,
12229,
16311,
12228,
12229,
12228,
4335,
2625,
10004,
16312,
2625,
16312,
10030,
10004,
3475,
12233,
10004,
12233,
16312,
16312,
12233,
4336,
16312,
4336,
12230,
10030,
16312,
12230,
10030,
12230,
3488,
3488,
12230,
16313,
3488,
16313,
10031,
12230,
4336,
12231,
12230,
12231,
16313,
16313,
12231,
3482,
16313,
3482,
10019,
10031,
16313,
10019,
10031,
10019,
2634,
4336,
12232,
16314,
4336,
16314,
12231,
12232,
3489,
10032,
12232,
10032,
16314,
16314,
10032,
2633,
16314,
2633,
10018,
12231,
16314,
10018,
12231,
10018,
3482,
3475,
10005,
16315,
3475,
16315,
12233,
10005,
2626,
10033,
10005,
10033,
16315,
16315,
10033,
3489,
16315,
3489,
12232,
12233,
16315,
12232,
12233,
12232,
4336,
2623,
10014,
16316,
2623,
16316,
10034,
10014,
3480,
12237,
10014,
12237,
16316,
16316,
12237,
4337,
16316,
4337,
12234,
10034,
16316,
12234,
10034,
12234,
3490,
3490,
12234,
16317,
3490,
16317,
10035,
12234,
4337,
12235,
12234,
12235,
16317,
16317,
12235,
3469,
16317,
3469,
9993,
10035,
16317,
9993,
10035,
9993,
2636,
4337,
12236,
16318,
4337,
16318,
12235,
12236,
3491,
10036,
12236,
10036,
16318,
16318,
10036,
2635,
16318,
2635,
9992,
12235,
16318,
9992,
12235,
9992,
3469,
3480,
10015,
16319,
3480,
16319,
12237,
10015,
2624,
10037,
10015,
10037,
16319,
16319,
10037,
3491,
16319,
3491,
12236,
12237,
16319,
12236,
12237,
12236,
4337,
2627,
10024,
16320,
2627,
16320,
10038,
10024,
3485,
12241,
10024,
12241,
16320,
16320,
12241,
4338,
16320,
4338,
12238,
10038,
16320,
12238,
10038,
12238,
3492,
3492,
12238,
16321,
3492,
16321,
10039,
12238,
4338,
12239,
12238,
12239,
16321,
16321,
12239,
3473,
16321,
3473,
10001,
10039,
16321,
10001,
10039,
10001,
2638,
4338,
12240,
16322,
4338,
16322,
12239,
12240,
3493,
10040,
12240,
10040,
16322,
16322,
10040,
2637,
16322,
2637,
10000,
12239,
16322,
10000,
12239,
10000,
3473,
3485,
10025,
16323,
3485,
16323,
12241,
10025,
2628,
10041,
10025,
10041,
16323,
16323,
10041,
3493,
16323,
3493,
12240,
12241,
16323,
12240,
12241,
12240,
4338,
2766,
10084,
16324,
2766,
16324,
10682,
10084,
3520,
12245,
10084,
12245,
16324,
16324,
12245,
4339,
16324,
4339,
12242,
10682,
16324,
12242,
10682,
12242,
3812,
3812,
12242,
16325,
3812,
16325,
10681,
12242,
4339,
12243,
12242,
12243,
16325,
16325,
12243,
3524,
16325,
3524,
10092,
10681,
16325,
10092,
10681,
10092,
2767,
4339,
12244,
16326,
4339,
16326,
12243,
12244,
3409,
9871,
12244,
9871,
16326,
16326,
9871,
2577,
16326,
2577,
10094,
12243,
16326,
10094,
12243,
10094,
3524,
3520,
10085,
16327,
3520,
16327,
12245,
10085,
2574,
9873,
10085,
9873,
16327,
16327,
9873,
3409,
16327,
3409,
12244,
12245,
16327,
12244,
12245,
12244,
4339,
2662,
10466,
16328,
2662,
16328,
10191,
10466,
3718,
12249,
10466,
12249,
16328,
16328,
12249,
4340,
16328,
4340,
12246,
10191,
16328,
12246,
10191,
12246,
3573,
3573,
12246,
16329,
3573,
16329,
10190,
12246,
4340,
12247,
12246,
12247,
16329,
16329,
12247,
3584,
16329,
3584,
10212,
10190,
16329,
10212,
10190,
10212,
2670,
4340,
12248,
16330,
4340,
16330,
12247,
12248,
3716,
10464,
12248,
10464,
16330,
16330,
10464,
2650,
16330,
2650,
10213,
12247,
16330,
10213,
12247,
10213,
3584,
3718,
10467,
16331,
3718,
16331,
12249,
10467,
2708,
10462,
10467,
10462,
16331,
16331,
10462,
3716,
16331,
3716,
12248,
12249,
16331,
12248,
12249,
12248,
4340,
2676,
10130,
16332,
2676,
16332,
10210,
10130,
3542,
12253,
10130,
12253,
16332,
16332,
12253,
4341,
16332,
4341,
12250,
10210,
16332,
12250,
10210,
12250,
3582,
3582,
12250,
16333,
3582,
16333,
10208,
12250,
4341,
12251,
12250,
12251,
16333,
16333,
12251,
3593,
16333,
3593,
10230,
10208,
16333,
10230,
10208,
10230,
2667,
4341,
12252,
16334,
4341,
16334,
12251,
12252,
3585,
10215,
12252,
10215,
16334,
16334,
10215,
2670,
16334,
2670,
10231,
12251,
16334,
10231,
12251,
10231,
3593,
3542,
10128,
16335,
3542,
16335,
12253,
10128,
2562,
10214,
10128,
10214,
16335,
16335,
10214,
3585,
16335,
3585,
12252,
12253,
16335,
12252,
12253,
12252,
4341,
2653,
10147,
16336,
2653,
16336,
10158,
10147,
3551,
12257,
10147,
12257,
16336,
16336,
12257,
4342,
16336,
4342,
12254,
10158,
16336,
12254,
10158,
12254,
3557,
3557,
12254,
16337,
3557,
16337,
10159,
12254,
4342,
12255,
12254,
12255,
16337,
16337,
12255,
3712,
16337,
3712,
10454,
10159,
16337,
10454,
10159,
10454,
2609,
4342,
12256,
16338,
4342,
16338,
12255,
12256,
3572,
10188,
12256,
10188,
16338,
16338,
10188,
2706,
16338,
2706,
10455,
12255,
16338,
10455,
12255,
10455,
3712,
3551,
10145,
16339,
3551,
16339,
12257,
10145,
2654,
10189,
10145,
10189,
16339,
16339,
10189,
3572,
16339,
3572,
12256,
12257,
16339,
12256,
12257,
12256,
4342,
2670,
10212,
16340,
2670,
16340,
10231,
10212,
3584,
12260,
10212,
12260,
16340,
16340,
12260,
4343,
16340,
4343,
12258,
10231,
16340,
12258,
10231,
12258,
3593,
2667,
10230,
16341,
2667,
16341,
10226,
10230,
3593,
12258,
10230,
12258,
16341,
16341,
12258,
4343,
16341,
4343,
12259,
10226,
16341,
12259,
10226,
12259,
3590,
2650,
10224,
16342,
2650,
16342,
10213,
10224,
3590,
12259,
10224,
12259,
16342,
16342,
12259,
4343,
16342,
4343,
12260,
10213,
16342,
12260,
10213,
12260,
3584,
2567,
10216,
16343,
2567,
16343,
9858,
10216,
3586,
12264,
10216,
12264,
16343,
16343,
12264,
4344,
16343,
4344,
12261,
9858,
16343,
12261,
9858,
12261,
3402,
3402,
12261,
16344,
3402,
16344,
9860,
12261,
4344,
12262,
12261,
12262,
16344,
16344,
12262,
3585,
16344,
3585,
10214,
9860,
16344,
10214,
9860,
10214,
2562,
4344,
12263,
16345,
4344,
16345,
12262,
12263,
3573,
10190,
12263,
10190,
16345,
16345,
10190,
2670,
16345,
2670,
10215,
12262,
16345,
10215,
12262,
10215,
3585,
3586,
10217,
16346,
3586,
16346,
12264,
10217,
2662,
10191,
10217,
10191,
16346,
16346,
10191,
3573,
16346,
3573,
12263,
12264,
16346,
12263,
12264,
12263,
4344,
2569,
10120,
16347,
2569,
16347,
9898,
10120,
3538,
12268,
10120,
12268,
16347,
16347,
12268,
4345,
16347,
4345,
12265,
9898,
16347,
12265,
9898,
12265,
3422,
3422,
12265,
16348,
3422,
16348,
9900,
12265,
4345,
12266,
12265,
12266,
16348,
16348,
12266,
3586,
16348,
3586,
10216,
9900,
16348,
10216,
9900,
10216,
2567,
4345,
12267,
16349,
4345,
16349,
12266,
12267,
3554,
10152,
12267,
10152,
16349,
16349,
10152,
2662,
16349,
2662,
10217,
12266,
16349,
10217,
12266,
10217,
3586,
3538,
10121,
16350,
3538,
16350,
12268,
10121,
2663,
10153,
10121,
10153,
16350,
16350,
10153,
3554,
16350,
3554,
12267,
12268,
16350,
12267,
12268,
12267,
4345,
2653,
10158,
16351,
2653,
16351,
10149,
10158,
3557,
12271,
10158,
12271,
16351,
16351,
12271,
4346,
16351,
4346,
12269,
10149,
16351,
12269,
10149,
12269,
3552,
2656,
10150,
16352,
2656,
16352,
10164,
10150,
3552,
12269,
10150,
12269,
16352,
16352,
12269,
4346,
16352,
4346,
12270,
10164,
16352,
12270,
10164,
12270,
3560,
2609,
10165,
16353,
2609,
16353,
10159,
10165,
3560,
12270,
10165,
12270,
16353,
16353,
12270,
4346,
16353,
4346,
12271,
10159,
16353,
12271,
10159,
12271,
3557,
2506,
10171,
16354,
2506,
16354,
9965,
10171,
3563,
12275,
10171,
12275,
16354,
16354,
12275,
4347,
16354,
4347,
12272,
9965,
16354,
12272,
9965,
12272,
3455,
3455,
12272,
16355,
3455,
16355,
9964,
12272,
4347,
12273,
12272,
12273,
16355,
16355,
12273,
3544,
16355,
3544,
10133,
9964,
16355,
10133,
9964,
10133,
2505,
4347,
12274,
16356,
4347,
16356,
12273,
12274,
3659,
10354,
12274,
10354,
16356,
16356,
10354,
2671,
16356,
2671,
10132,
12273,
16356,
10132,
12273,
10132,
3544,
3563,
10170,
16357,
3563,
16357,
12275,
10170,
2603,
10355,
10170,
10355,
16357,
16357,
10355,
3659,
16357,
3659,
12274,
12275,
16357,
12274,
12275,
12274,
4347,
2598,
10163,
16358,
2598,
16358,
9956,
10163,
3559,
12279,
10163,
12279,
16358,
16358,
12279,
4348,
16358,
4348,
12276,
9956,
16358,
12276,
9956,
12276,
3451,
3451,
12276,
16359,
3451,
16359,
9957,
12276,
4348,
12277,
12276,
12277,
16359,
16359,
12277,
3558,
16359,
3558,
10161,
9957,
16359,
10161,
9957,
10161,
2602,
4348,
12278,
16360,
4348,
16360,
12277,
12278,
3587,
10218,
12278,
10218,
16360,
16360,
10218,
2673,
16360,
2673,
10160,
12277,
16360,
10160,
12277,
10160,
3558,
3559,
10162,
16361,
3559,
16361,
12279,
10162,
2674,
10219,
10162,
10219,
16361,
16361,
10219,
3587,
16361,
3587,
12278,
12279,
16361,
12278,
12279,
12278,
4348,
2672,
10172,
16362,
2672,
16362,
10352,
10172,
3564,
12283,
10172,
12283,
16362,
16362,
12283,
4349,
16362,
4349,
12280,
10352,
16362,
12280,
10352,
12280,
3658,
3658,
12280,
16363,
3658,
16363,
10353,
12280,
4349,
12281,
12280,
12281,
16363,
16363,
12281,
3561,
16363,
3561,
10167,
10353,
16363,
10167,
10353,
10167,
2599,
4349,
12282,
16364,
4349,
16364,
12281,
12282,
3576,
10196,
12282,
10196,
16364,
16364,
10196,
2675,
16364,
2675,
10166,
12281,
16364,
10166,
12281,
10166,
3561,
3564,
10173,
16365,
3564,
16365,
12283,
10173,
2507,
10197,
10173,
10197,
16365,
16365,
10197,
3576,
16365,
3576,
12282,
12283,
16365,
12282,
12283,
12282,
4349,
2602,
10161,
16366,
2602,
16366,
9960,
10161,
3558,
12287,
10161,
12287,
16366,
16366,
12287,
4350,
16366,
4350,
12284,
9960,
16366,
12284,
9960,
12284,
3453,
3453,
12284,
16367,
3453,
16367,
9961,
12284,
4350,
12285,
12284,
12285,
16367,
16367,
12285,
3567,
16367,
3567,
10177,
9961,
16367,
10177,
9961,
10177,
2601,
4350,
12286,
16368,
4350,
16368,
12285,
12286,
3541,
10126,
12286,
10126,
16368,
16368,
10126,
2606,
16368,
2606,
10179,
12285,
16368,
10179,
12285,
10179,
3567,
3558,
10160,
16369,
3558,
16369,
12287,
10160,
2673,
10127,
10160,
10127,
16369,
16369,
10127,
3541,
16369,
3541,
12286,
12287,
16369,
12286,
12287,
12286,
4350,
2599,
10167,
16370,
2599,
16370,
9962,
10167,
3561,
12291,
10167,
12291,
16370,
16370,
12291,
4351,
16370,
4351,
12288,
9962,
16370,
12288,
9962,
12288,
3454,
3454,
12288,
16371,
3454,
16371,
9963,
12288,
4351,
12289,
12288,
12289,
16371,
16371,
12289,
3559,
16371,
3559,
10163,
9963,
16371,
10163,
9963,
10163,
2598,
4351,
12290,
16372,
4351,
16372,
12289,
12290,
3594,
10232,
12290,
10232,
16372,
16372,
10232,
2674,
16372,
2674,
10162,
12289,
16372,
10162,
12289,
10162,
3559,
3561,
10166,
16373,
3561,
16373,
12291,
10166,
2675,
10233,
10166,
10233,
16373,
16373,
10233,
3594,
16373,
3594,
12290,
12291,
16373,
12290,
12291,
12290,
4351,
4002,
11022,
16374,
4002,
16374,
12292,
11022,
2831,
11009,
11022,
11009,
16374,
16374,
11009,
2683,
16374,
2683,
10278,
12292,
16374,
10278,
12292,
10278,
3616,
2681,
11007,
16375,
2681,
16375,
10275,
11007,
2829,
11017,
11007,
11017,
16375,
16375,
11017,
4000,
16375,
4000,
12408,
10275,
16375,
12408,
10275,
12408,
3615,
2833,
11012,
16376,
2833,
16376,
11020,
11012,
3996,
12296,
11012,
12296,
16376,
16376,
12296,
4352,
16376,
4352,
12293,
11020,
16376,
12293,
11020,
12293,
4001,
4001,
12293,
16377,
4001,
16377,
11019,
12293,
4352,
12294,
12293,
12294,
16377,
16377,
12294,
3599,
16377,
3599,
10240,
11019,
16377,
10240,
11019,
10240,
2832,
4352,
12295,
16378,
4352,
16378,
12294,
12295,
2947,
8996,
12295,
8996,
16378,
16378,
8996,
2284,
16378,
2284,
10241,
12294,
16378,
10241,
12294,
10241,
3599,
3996,
11011,
16379,
3996,
16379,
12296,
11011,
2272,
8997,
11011,
8997,
16379,
16379,
8997,
2947,
16379,
2947,
12295,
12296,
16379,
12295,
12296,
12295,
4352,
2486,
9611,
16380,
2486,
16380,
9627,
9611,
3268,
12300,
9611,
12300,
16380,
16380,
12300,
4353,
16380,
4353,
12297,
9627,
16380,
12297,
9627,
12297,
3276,
3276,
12297,
16381,
3276,
16381,
9626,
12297,
4353,
12298,
12297,
12298,
16381,
16381,
12298,
3267,
16381,
3267,
9609,
9626,
16381,
9609,
9626,
9609,
2485,
4353,
12299,
16382,
4353,
16382,
12298,
12299,
3609,
10263,
12299,
10263,
16382,
16382,
10263,
2679,
16382,
2679,
9608,
12298,
16382,
9608,
12298,
9608,
3267,
3268,
9610,
16383,
3268,
16383,
12300,
9610,
2680,
10264,
9610,
10264,
16383,
16383,
10264,
3609,
16383,
3609,
12299,
12300,
16383,
12299,
12300,
12299,
4353,
2482,
10259,
16384,
2482,
16384,
9625,
10259,
3607,
12304,
10259,
12304,
16384,
16384,
12304,
4354,
16384,
4354,
12301,
9625,
16384,
12301,
9625,
12301,
3275,
3275,
12301,
16385,
3275,
16385,
9624,
12301,
4354,
12302,
12301,
12302,
16385,
16385,
12302,
3604,
16385,
3604,
10255,
9624,
16385,
10255,
9624,
10255,
2480,
4354,
12303,
16386,
4354,
16386,
12302,
12303,
3610,
10265,
12303,
10265,
16386,
16386,
10265,
2681,
16386,
2681,
10256,
12302,
16386,
10256,
12302,
10256,
3604,
3607,
10260,
16387,
3607,
16387,
12304,
10260,
2683,
10266,
10260,
10266,
16387,
16387,
10266,
3610,
16387,
3610,
12303,
12304,
16387,
12303,
12304,
12303,
4354,
2483,
10261,
16388,
2483,
16388,
9623,
10261,
3608,
12308,
10261,
12308,
16388,
16388,
12308,
4355,
16388,
4355,
12305,
9623,
16388,
12305,
9623,
12305,
3274,
3274,
12305,
16389,
3274,
16389,
9622,
12305,
4355,
12306,
12305,
12306,
16389,
16389,
12306,
3605,
16389,
3605,
10257,
9622,
16389,
10257,
9622,
10257,
2481,
4355,
12307,
16390,
4355,
16390,
12306,
12307,
3611,
10267,
12307,
10267,
16390,
16390,
10267,
2682,
16390,
2682,
10258,
12306,
16390,
10258,
12306,
10258,
3605,
3608,
10262,
16391,
3608,
16391,
12308,
10262,
2684,
10268,
10262,
10268,
16391,
16391,
10268,
3611,
16391,
3611,
12307,
12308,
16391,
12307,
12308,
12307,
4355,
2481,
10257,
16392,
2481,
16392,
9621,
10257,
3605,
12312,
10257,
12312,
16392,
16392,
12312,
4356,
16392,
4356,
12309,
9621,
16392,
12309,
9621,
12309,
3273,
3273,
12309,
16393,
3273,
16393,
9620,
12309,
4356,
12310,
12309,
12310,
16393,
16393,
12310,
3606,
16393,
3606,
5989,
9620,
16393,
5989,
9620,
5989,
2878,
4356,
12311,
16394,
4356,
16394,
12310,
12311,
3612,
10269,
12311,
10269,
16394,
16394,
10269,
2881,
16394,
2881,
5990,
12310,
16394,
5990,
12310,
5990,
3606,
3605,
10258,
16395,
3605,
16395,
12312,
10258,
2682,
10270,
10258,
10270,
16395,
16395,
10270,
3612,
16395,
3612,
12311,
12312,
16395,
12311,
12312,
12311,
4356,
2879,
5331,
16396,
2879,
16396,
9619,
5331,
3266,
12316,
5331,
12316,
16396,
16396,
12316,
4357,
16396,
4357,
12313,
9619,
16396,
12313,
9619,
12313,
3272,
3272,
12313,
16397,
3272,
16397,
9618,
12313,
4357,
12314,
12313,
12314,
16397,
16397,
12314,
3268,
16397,
3268,
9611,
9618,
16397,
9611,
9618,
9611,
2486,
4357,
12315,
16398,
4357,
16398,
12314,
12315,
3613,
10271,
12315,
10271,
16398,
16398,
10271,
2680,
16398,
2680,
9610,
12314,
16398,
9610,
12314,
9610,
3268,
3266,
5330,
16399,
3266,
16399,
12316,
5330,
2880,
10272,
5330,
10272,
16399,
16399,
10272,
3613,
16399,
3613,
12315,
12316,
16399,
12315,
12316,
12315,
4357,
2484,
9607,
16400,
2484,
16400,
9617,
9607,
3265,
12320,
9607,
12320,
16400,
16400,
12320,
4358,
16400,
4358,
12317,
9617,
16400,
12317,
9617,
12317,
3271,
3271,
12317,
16401,
3271,
16401,
9616,
12317,
4358,
12318,
12317,
12318,
16401,
16401,
12318,
3608,
16401,
3608,
10261,
9616,
16401,
10261,
9616,
10261,
2483,
4358,
12319,
16402,
4358,
16402,
12318,
12319,
3614,
10273,
12319,
10273,
16402,
16402,
10273,
2684,
16402,
2684,
10262,
12318,
16402,
10262,
12318,
10262,
3608,
3265,
9606,
16403,
3265,
16403,
12320,
9606,
2678,
10274,
9606,
10274,
16403,
16403,
10274,
3614,
16403,
3614,
12319,
12320,
16403,
12319,
12320,
12319,
4358,
2804,
10919,
16404,
2804,
16404,
10933,
10919,
3952,
12323,
10919,
12323,
16404,
16404,
12323,
4359,
16404,
4359,
12321,
10933,
16404,
12321,
10933,
12321,
3961,
2476,
10934,
16405,
2476,
16405,
10279,
10934,
3961,
12321,
10934,
12321,
16405,
16405,
12321,
4359,
16405,
4359,
12322,
10279,
16405,
12322,
10279,
12322,
3617,
2471,
10280,
16406,
2471,
16406,
10917,
10280,
3617,
12322,
10280,
12322,
16406,
16406,
12322,
4359,
16406,
4359,
12323,
10917,
16406,
12323,
10917,
12323,
3952,
2475,
10286,
16407,
2475,
16407,
10944,
10286,
3620,
12326,
10286,
12326,
16407,
16407,
12326,
4360,
16407,
4360,
12324,
10944,
16407,
12324,
10944,
12324,
3967,
2801,
10942,
16408,
2801,
16408,
10921,
10942,
3967,
12324,
10942,
12324,
16408,
16408,
12324,
4360,
16408,
4360,
12325,
10921,
16408,
12325,
10921,
12325,
3954,
2467,
10923,
16409,
2467,
16409,
10285,
10923,
3954,
12325,
10923,
12325,
16409,
16409,
12325,
4360,
16409,
4360,
12326,
10285,
16409,
12326,
10285,
12326,
3620,
2475,
10943,
16410,
2475,
16410,
9595,
10943,
3966,
12329,
10943,
12329,
16410,
16410,
12329,
4361,
16410,
4361,
12327,
9595,
16410,
12327,
9595,
12327,
3259,
2477,
9594,
16411,
2477,
16411,
10953,
9594,
3259,
12327,
9594,
12327,
16411,
16411,
12327,
4361,
16411,
4361,
12328,
10953,
16411,
12328,
10953,
12328,
3972,
2801,
10954,
16412,
2801,
16412,
10941,
10954,
3972,
12328,
10954,
12328,
16412,
16412,
12328,
4361,
16412,
4361,
12329,
10941,
16412,
12329,
10941,
12329,
3966,
2766,
10679,
16413,
2766,
16413,
10084,
10679,
3811,
12333,
10679,
12333,
16413,
16413,
12333,
4362,
16413,
4362,
12330,
10084,
16413,
12330,
10084,
12330,
3520,
3520,
12330,
16414,
3520,
16414,
10085,
12330,
4362,
12331,
12330,
12331,
16414,
16414,
12331,
3407,
16414,
3407,
9867,
10085,
16414,
9867,
10085,
9867,
2574,
4362,
12332,
16415,
4362,
16415,
12331,
12332,
3809,
10675,
12332,
10675,
16415,
16415,
10675,
2571,
16415,
2571,
9869,
12331,
16415,
9869,
12331,
9869,
3407,
3811,
10680,
16416,
3811,
16416,
12333,
10680,
2773,
10676,
10680,
10676,
16416,
16416,
10676,
3809,
16416,
3809,
12332,
12333,
16416,
12332,
12333,
12332,
4362,
4240,
11869,
16417,
4240,
16417,
13141,
11869,
3317,
13128,
11869,
13128,
16417,
16417,
13128,
2406,
16417,
2406,
9381,
13141,
16417,
9381,
13141,
9381,
3144,
2692,
13132,
16418,
2692,
16418,
10375,
13132,
3677,
12336,
13132,
12336,
16418,
16418,
12336,
4363,
16418,
4363,
13142,
10375,
16418,
13142,
10375,
13142,
3669,
4592,
13100,
16419,
4592,
16419,
13111,
13100,
3689,
10408,
13100,
10408,
16419,
16419,
10408,
2694,
16419,
2694,
13091,
13111,
16419,
13091,
13111,
13091,
4583,
4582,
13090,
16420,
4582,
16420,
13110,
13090,
2418,
10409,
13090,
10409,
16420,
16420,
10409,
3689,
16420,
3689,
13100,
13110,
16420,
13100,
13110,
13100,
4592,
2796,
9988,
16421,
2796,
16421,
10868,
9988,
3467,
12340,
9988,
12340,
16421,
16421,
12340,
4364,
16421,
4364,
12337,
10868,
16421,
12337,
10868,
12337,
3924,
3924,
12337,
16422,
3924,
16422,
10867,
12337,
4364,
12338,
12337,
12338,
16422,
16422,
12338,
3923,
16422,
3923,
10866,
10867,
16422,
10866,
10867,
10866,
2797,
4364,
12339,
16423,
4364,
16423,
12338,
12339,
3127,
9346,
12339,
9346,
16423,
16423,
9346,
2441,
16423,
2441,
10865,
12338,
16423,
10865,
12338,
10865,
3923,
3467,
9989,
16424,
3467,
16424,
12340,
9989,
2393,
9347,
9989,
9347,
16424,
16424,
9347,
3127,
16424,
3127,
12339,
12340,
16424,
12339,
12340,
12339,
4364,
2316,
9101,
16425,
2316,
16425,
9141,
9101,
3000,
12344,
9101,
12344,
16425,
16425,
12344,
4365,
16425,
4365,
12341,
9141,
16425,
12341,
9141,
12341,
3019,
3019,
12341,
16426,
3019,
16426,
9140,
12341,
4365,
12342,
12341,
12342,
16426,
16426,
12342,
3004,
16426,
3004,
9111,
9140,
16426,
9111,
9140,
9111,
2327,
4365,
12343,
16427,
4365,
16427,
12342,
12343,
2978,
9058,
12343,
9058,
16427,
16427,
9058,
2287,
16427,
2287,
9110,
12342,
16427,
9110,
12342,
9110,
3004,
3000,
9103,
16428,
3000,
16428,
12344,
9103,
2298,
9060,
9103,
9060,
16428,
16428,
9060,
2978,
16428,
2978,
12343,
12344,
16428,
12343,
12344,
12343,
4365,
4580,
13109,
16429,
4580,
16429,
13088,
13109,
4593,
12347,
13109,
12347,
16429,
16429,
12347,
4366,
16429,
4366,
12345,
13088,
16429,
12345,
13088,
12345,
3673,
3669,
13142,
16430,
3669,
16430,
10374,
13142,
4363,
12334,
13142,
12334,
16430,
16430,
12334,
3678,
16430,
3678,
13133,
10374,
16430,
13133,
10374,
13133,
2693,
3673,
12345,
16431,
3673,
16431,
13130,
12345,
4366,
13143,
12345,
13143,
16431,
16431,
13143,
3141,
16431,
3141,
9374,
13130,
16431,
9374,
13130,
9374,
2403,
4593,
13108,
16432,
4593,
16432,
12347,
13108,
4581,
13089,
13108,
13089,
16432,
16432,
13089,
3675,
16432,
3675,
12346,
12347,
16432,
12346,
12347,
12346,
4366,
3829,
12628,
16433,
3829,
16433,
10737,
12628,
4432,
12717,
12628,
12717,
16433,
16433,
12717,
4460,
16433,
4460,
12718,
10737,
16433,
12718,
10737,
12718,
3855,
3831,
10716,
16434,
3831,
16434,
12626,
10716,
3500,
12350,
10716,
12350,
16434,
16434,
12350,
4367,
16434,
4367,
12625,
12626,
16434,
12625,
12626,
12625,
4431,
4367,
12349,
16435,
4367,
16435,
12348,
12349,
3490,
10035,
12349,
10035,
16435,
16435,
10035,
2636,
16435,
2636,
10714,
12348,
16435,
10714,
12348,
10714,
3829,
3500,
10051,
16436,
3500,
16436,
12350,
10051,
2623,
10034,
10051,
10034,
16436,
16436,
10034,
3490,
16436,
3490,
12349,
12350,
16436,
12349,
12350,
12349,
4367,
2340,
9188,
16437,
2340,
16437,
9220,
9188,
3043,
12354,
9188,
12354,
16437,
16437,
12354,
4368,
16437,
4368,
12351,
9220,
16437,
12351,
9220,
12351,
3059,
3059,
12351,
16438,
3059,
16438,
9221,
12351,
4368,
12352,
12351,
12352,
16438,
16438,
12352,
3023,
16438,
3023,
9148,
9221,
16438,
9148,
9221,
9148,
2325,
4368,
12353,
16439,
4368,
16439,
12352,
12353,
3060,
9222,
12353,
9222,
16439,
16439,
9222,
2331,
16439,
2331,
9149,
12352,
16439,
9149,
12352,
9149,
3023,
3043,
9190,
16440,
3043,
16440,
12354,
9190,
2342,
9223,
9190,
9223,
16440,
16440,
9223,
3060,
16440,
3060,
12353,
12354,
16440,
12353,
12354,
12353,
4368,
2717,
10499,
16441,
2717,
16441,
10090,
10499,
3730,
12358,
10499,
12358,
16441,
16441,
12358,
4369,
16441,
4369,
12355,
10090,
16441,
12355,
10090,
12355,
3523,
3523,
12355,
16442,
3523,
16442,
10091,
12355,
4369,
12356,
12355,
12356,
16442,
16442,
12356,
3512,
16442,
3512,
10069,
10091,
16442,
10069,
10091,
10069,
2640,
4369,
12357,
16443,
4369,
16443,
12356,
12357,
3521,
10087,
12357,
10087,
16443,
16443,
10087,
2639,
16443,
2639,
10068,
12356,
16443,
10068,
12356,
10068,
3512,
3730,
10500,
16444,
3730,
16444,
12358,
10500,
2713,
10086,
10500,
10086,
16444,
16444,
10086,
3521,
16444,
3521,
12357,
12358,
16444,
12357,
12358,
12357,
4369,
2564,
10220,
16445,
2564,
16445,
9862,
10220,
3588,
12362,
10220,
12362,
16445,
16445,
12362,
4370,
16445,
4370,
12359,
9862,
16445,
12359,
9862,
12359,
3404,
3404,
12359,
16446,
3404,
16446,
9864,
12359,
4370,
12360,
12359,
12360,
16446,
16446,
12360,
3538,
16446,
3538,
10120,
9864,
16446,
10120,
9864,
10120,
2569,
4370,
12361,
16447,
4370,
16447,
12360,
12361,
3536,
10116,
12361,
10116,
16447,
16447,
10116,
2663,
16447,
2663,
10121,
12360,
16447,
10121,
12360,
10121,
3538,
3588,
10222,
16448,
3588,
16448,
12362,
10222,
2664,
10117,
10222,
10117,
16448,
16448,
10117,
3536,
16448,
3536,
12361,
12362,
16448,
12361,
12362,
12361,
4370,
2707,
10460,
16449,
2707,
16449,
10451,
10460,
3715,
12366,
10460,
12366,
16449,
16449,
12366,
4371,
16449,
4371,
12363,
10451,
16449,
12363,
10451,
12363,
3710,
3710,
12363,
16450,
3710,
16450,
10450,
12363,
4371,
12364,
12363,
12364,
16450,
16450,
12364,
3717,
16450,
3717,
10463,
10450,
16450,
10463,
10450,
10463,
2709,
4371,
12365,
16451,
4371,
16451,
12364,
12365,
3457,
9969,
12365,
9969,
16451,
16451,
9969,
2651,
16451,
2651,
10465,
12364,
16451,
10465,
12364,
10465,
3717,
3715,
10461,
16452,
3715,
16452,
12366,
10461,
2608,
9968,
10461,
9968,
16452,
16452,
9968,
3457,
16452,
3457,
12365,
12366,
16452,
12365,
12366,
12365,
4371,
2688,
10847,
16453,
2688,
16453,
10387,
10847,
3914,
12369,
10847,
12369,
16453,
16453,
12369,
4372,
16453,
4372,
12367,
10387,
16453,
12367,
10387,
12367,
3676,
2704,
10386,
16454,
2704,
16454,
10381,
10386,
3676,
12367,
10386,
12367,
16454,
16454,
12367,
4372,
16454,
4372,
12368,
10381,
16454,
12368,
10381,
12368,
3672,
2702,
10380,
16455,
2702,
16455,
10848,
10380,
3672,
12368,
10380,
12368,
16455,
16455,
12368,
4372,
16455,
4372,
12369,
10848,
16455,
12369,
10848,
12369,
3914,
2703,
10849,
16456,
2703,
16456,
10384,
10849,
3915,
12372,
10849,
12372,
16456,
16456,
12372,
4373,
16456,
4373,
12370,
10384,
16456,
12370,
10384,
12370,
3674,
2704,
10383,
16457,
2704,
16457,
10386,
10383,
3674,
12370,
10383,
12370,
16457,
16457,
12370,
4373,
16457,
4373,
12371,
10386,
16457,
12371,
10386,
12371,
3676,
2688,
10387,
16458,
2688,
16458,
10850,
10387,
3676,
12371,
10387,
12371,
16458,
16458,
12371,
4373,
16458,
4373,
12372,
10850,
16458,
12372,
10850,
12372,
3915,
2698,
10440,
16459,
2698,
16459,
10362,
10440,
3705,
12375,
10440,
12375,
16459,
16459,
12375,
4374,
16459,
4374,
12373,
10362,
16459,
12373,
10362,
12373,
3663,
2695,
10363,
16460,
2695,
16460,
9404,
10363,
3663,
12373,
10363,
12373,
16460,
16460,
12373,
4374,
16460,
4374,
12374,
9404,
16460,
12374,
9404,
12374,
3156,
2421,
9405,
16461,
2421,
16461,
10441,
9405,
3156,
12374,
9405,
12374,
16461,
16461,
12374,
4374,
16461,
4374,
12375,
10441,
16461,
12375,
10441,
12375,
3705,
2489,
10372,
16462,
2489,
16462,
10378,
10372,
3668,
12379,
10372,
12379,
16462,
16462,
12379,
4375,
16462,
4375,
12376,
10378,
16462,
12376,
10378,
12376,
3671,
3671,
12376,
16463,
3671,
16463,
10379,
12376,
4375,
12377,
12376,
12377,
16463,
16463,
12377,
3672,
16463,
3672,
10380,
10379,
16463,
10380,
10379,
10380,
2702,
4375,
12378,
16464,
4375,
16464,
12377,
12378,
3277,
9628,
12378,
9628,
16464,
16464,
9628,
2704,
16464,
2704,
10381,
12377,
16464,
10381,
12377,
10381,
3672,
3668,
10373,
16465,
3668,
16465,
12379,
10373,
2488,
9629,
10373,
9629,
16465,
16465,
9629,
3277,
16465,
3277,
12378,
12379,
16465,
12378,
12379,
12378,
4375,
2487,
9712,
16466,
2487,
16466,
10365,
9712,
3322,
12383,
9712,
12383,
16466,
16466,
12383,
4376,
16466,
4376,
12380,
10365,
16466,
12380,
10365,
12380,
3664,
3664,
12380,
16467,
3664,
16467,
10364,
12380,
4376,
12381,
12380,
12381,
16467,
16467,
12381,
3321,
16467,
3321,
9710,
10364,
16467,
9710,
10364,
9710,
2493,
4376,
12382,
16468,
4376,
16468,
12381,
12382,
3684,
10398,
12382,
10398,
16468,
16468,
10398,
2407,
16468,
2407,
9711,
12381,
16468,
9711,
12381,
9711,
3321,
3322,
9713,
16469,
3322,
16469,
12383,
9713,
2402,
10399,
9713,
10399,
16469,
16469,
10399,
3684,
16469,
3684,
12382,
12383,
16469,
12382,
12383,
12382,
4376,
2703,
9382,
16470,
2703,
16470,
10397,
9382,
3145,
12387,
9382,
12387,
16470,
16470,
12387,
4377,
16470,
4377,
12384,
10397,
16470,
12384,
10397,
12384,
3683,
3683,
12384,
16471,
3683,
16471,
10396,
12384,
4377,
12385,
12384,
12385,
16471,
16471,
12385,
3147,
16471,
3147,
9386,
10396,
16471,
9386,
10396,
9386,
2498,
4377,
12386,
16472,
4377,
16472,
12385,
12386,
3664,
10364,
12386,
10364,
16472,
16472,
10364,
2493,
16472,
2493,
9387,
12385,
16472,
9387,
12385,
9387,
3147,
3145,
9383,
16473,
3145,
16473,
12387,
9383,
2487,
10365,
9383,
10365,
16473,
16473,
10365,
3664,
16473,
3664,
12386,
12387,
16473,
12386,
12387,
12386,
4377,
4577,
13107,
16474,
4577,
16474,
13085,
13107,
4594,
12390,
13107,
12390,
16474,
16474,
12390,
4378,
16474,
4378,
12388,
13085,
16474,
12388,
13085,
12388,
3316,
4366,
12346,
16475,
4366,
16475,
13143,
12346,
3675,
13131,
12346,
13131,
16475,
16475,
13131,
2402,
16475,
2402,
9375,
13143,
16475,
9375,
13143,
9375,
3141,
3316,
12388,
16476,
3316,
16476,
13127,
12388,
4378,
13144,
12388,
13144,
16476,
16476,
13144,
3139,
16476,
3139,
9370,
13127,
16476,
9370,
13127,
9370,
2405,
4594,
13106,
16477,
4594,
16477,
12390,
13106,
4582,
10388,
13106,
10388,
16477,
16477,
10388,
3677,
16477,
3677,
12389,
12390,
16477,
12389,
12390,
12389,
4378,
4378,
12389,
16478,
4378,
16478,
13144,
12389,
3677,
13132,
12389,
13132,
16478,
16478,
13132,
2692,
16478,
2692,
9371,
13144,
16478,
9371,
13144,
9371,
3139,
2402,
13131,
16479,
2402,
16479,
10399,
13131,
3675,
12393,
13131,
12393,
16479,
16479,
12393,
4379,
16479,
4379,
13145,
10399,
16479,
13145,
10399,
13145,
3684,
4595,
13103,
16480,
4595,
16480,
13105,
13103,
3685,
10400,
13103,
10400,
16480,
16480,
10400,
2412,
16480,
2412,
9696,
13105,
16480,
9696,
13105,
9696,
4576,
4581,
10385,
16481,
4581,
16481,
13104,
10385,
2695,
10401,
10385,
10401,
16481,
16481,
10401,
3685,
16481,
3685,
13103,
13104,
16481,
13103,
13104,
13103,
4595,
2693,
10404,
16482,
2693,
16482,
9384,
10404,
3687,
12397,
10404,
12397,
16482,
16482,
12397,
4380,
16482,
4380,
12394,
9384,
16482,
12394,
9384,
12394,
3146,
3146,
12394,
16483,
3146,
16483,
9385,
12394,
4380,
12395,
12394,
12395,
16483,
16483,
12395,
3668,
16483,
3668,
10372,
9385,
16483,
10372,
9385,
10372,
2489,
4380,
12396,
16484,
4380,
16484,
12395,
12396,
3326,
9720,
12396,
9720,
16484,
16484,
9720,
2488,
16484,
2488,
10373,
12395,
16484,
10373,
12395,
10373,
3668,
3687,
10405,
16485,
3687,
16485,
12397,
10405,
2403,
9721,
10405,
9721,
16485,
16485,
9721,
3326,
16485,
3326,
12396,
12397,
16485,
12396,
12397,
12396,
4380,
2498,
9699,
16486,
2498,
16486,
10396,
9699,
3314,
12401,
9699,
12401,
16486,
16486,
12401,
4381,
16486,
4381,
12398,
10396,
16486,
12398,
10396,
12398,
3683,
3683,
12398,
16487,
3683,
16487,
10397,
12398,
4381,
12399,
12398,
12399,
16487,
16487,
12399,
3918,
16487,
3918,
10856,
10397,
16487,
10856,
10397,
10856,
2703,
4381,
12400,
16488,
4381,
16488,
12399,
12400,
3124,
9341,
12400,
9341,
16488,
16488,
9341,
2376,
16488,
2376,
10855,
12399,
16488,
10855,
12399,
10855,
3918,
3314,
9700,
16489,
3314,
16489,
12401,
9700,
2390,
9340,
9700,
9340,
16489,
16489,
9340,
3124,
16489,
3124,
12400,
12401,
16489,
12400,
12401,
12400,
4381,
2372,
10414,
16490,
2372,
16490,
9344,
10414,
3692,
12404,
10414,
12404,
16490,
16490,
12404,
4382,
16490,
4382,
12402,
9344,
16490,
12402,
9344,
12402,
3126,
2391,
9345,
16491,
2391,
16491,
10412,
9345,
3126,
12402,
9345,
12402,
16491,
16491,
12402,
4382,
16491,
4382,
12403,
10412,
16491,
12403,
10412,
12403,
3691,
2705,
10413,
16492,
2705,
16492,
10415,
10413,
3691,
12403,
10413,
12403,
16492,
16492,
12403,
4382,
16492,
4382,
12404,
10415,
16492,
12404,
10415,
12404,
3692,
2384,
10411,
16493,
2384,
16493,
9316,
10411,
3690,
12407,
10411,
12407,
16493,
16493,
12407,
4383,
16493,
4383,
12405,
9316,
16493,
12405,
9316,
12405,
3112,
2372,
9318,
16494,
2372,
16494,
10414,
9318,
3112,
12405,
9318,
12405,
16494,
16494,
12405,
4383,
16494,
4383,
12406,
10414,
16494,
12406,
10414,
12406,
3692,
2705,
10415,
16495,
2705,
16495,
10410,
10415,
3692,
12406,
10415,
12406,
16495,
16495,
12406,
4383,
16495,
4383,
12407,
10410,
16495,
12407,
10410,
12407,
3690,
4000,
11018,
16496,
4000,
16496,
12408,
11018,
2833,
10252,
11018,
10252,
16496,
16496,
10252,
2678,
16496,
2678,
10276,
12408,
16496,
10276,
12408,
10276,
3615,
2684,
10273,
16497,
2684,
16497,
11010,
10273,
3614,
12930,
10273,
12930,
16497,
16497,
12930,
4001,
16497,
4001,
11019,
11010,
16497,
11019,
11010,
11019,
2832,
2694,
9407,
16498,
2694,
16498,
10360,
9407,
3157,
12411,
9407,
12411,
16498,
16498,
12411,
4384,
16498,
4384,
12409,
10360,
16498,
12409,
10360,
12409,
3662,
2698,
10361,
16499,
2698,
16499,
10438,
10361,
3662,
12409,
10361,
12409,
16499,
16499,
12409,
4384,
16499,
4384,
12410,
10438,
16499,
12410,
10438,
12410,
3704,
2433,
10439,
16500,
2433,
16500,
9406,
10439,
3704,
12410,
10439,
12410,
16500,
16500,
12410,
4384,
16500,
4384,
12411,
9406,
16500,
12411,
9406,
12411,
3157,
2698,
10442,
16501,
2698,
16501,
10440,
10442,
3706,
12414,
10442,
12414,
16501,
16501,
12414,
4385,
16501,
4385,
12412,
10440,
16501,
12412,
10440,
12412,
3705,
2421,
10441,
16502,
2421,
16502,
9402,
10441,
3705,
12412,
10441,
12412,
16502,
16502,
12412,
4385,
16502,
4385,
12413,
9402,
16502,
12413,
9402,
12413,
3155,
2696,
9403,
16503,
2696,
16503,
10443,
9403,
3155,
12413,
9403,
12413,
16503,
16503,
12413,
4385,
16503,
4385,
12414,
10443,
16503,
12414,
10443,
12414,
3706,
2433,
9391,
16504,
2433,
16504,
10439,
9391,
3149,
12417,
9391,
12417,
16504,
16504,
12417,
4386,
16504,
4386,
12415,
10439,
16504,
12415,
10439,
12415,
3704,
2698,
10438,
16505,
2698,
16505,
10442,
10438,
3704,
12415,
10438,
12415,
16505,
16505,
12415,
4386,
16505,
4386,
12416,
10442,
16505,
12416,
10442,
12416,
3706,
2696,
10443,
16506,
2696,
16506,
9390,
10443,
3706,
12416,
10443,
12416,
16506,
16506,
12416,
4386,
16506,
4386,
12417,
9390,
16506,
12417,
9390,
12417,
3149,
2654,
9902,
16507,
2654,
16507,
10189,
9902,
3424,
12420,
9902,
12420,
16507,
16507,
12420,
4387,
16507,
4387,
12418,
10189,
16507,
12418,
10189,
12418,
3572,
2706,
10188,
16508,
2706,
16508,
10444,
10188,
3572,
12418,
10188,
12418,
16508,
16508,
12418,
4387,
16508,
4387,
12419,
10444,
16508,
12419,
10444,
12419,
3707,
2707,
10445,
16509,
2707,
16509,
9903,
10445,
3707,
12419,
10445,
12419,
16509,
16509,
12419,
4387,
16509,
4387,
12420,
9903,
16509,
12420,
9903,
12420,
3424,
2708,
10467,
16510,
2708,
16510,
10446,
10467,
3718,
12423,
10467,
12423,
16510,
16510,
12423,
4388,
16510,
4388,
12421,
10446,
16510,
12421,
10446,
12421,
3708,
2710,
10448,
16511,
2710,
16511,
10468,
10448,
3708,
12421,
10448,
12421,
16511,
16511,
12421,
4388,
16511,
4388,
12422,
10468,
16511,
12422,
10468,
12422,
3719,
2662,
10469,
16512,
2662,
16512,
10466,
10469,
3719,
12422,
10469,
12422,
16512,
16512,
12422,
4388,
16512,
4388,
12423,
10466,
16512,
12423,
10466,
12423,
3718,
2709,
10447,
16513,
2709,
16513,
10450,
10447,
3709,
12427,
10447,
12427,
16513,
16513,
12427,
4389,
16513,
4389,
12424,
10450,
16513,
12424,
10450,
12424,
3710,
3710,
12424,
16514,
3710,
16514,
10451,
12424,
4389,
12425,
12424,
12425,
16514,
16514,
12425,
3707,
16514,
3707,
10445,
10451,
16514,
10445,
10451,
10445,
2707,
4389,
12426,
16515,
4389,
16515,
12425,
12426,
3711,
10452,
12426,
10452,
16515,
16515,
10452,
2706,
16515,
2706,
10444,
12425,
16515,
10444,
12425,
10444,
3707,
3709,
10449,
16516,
3709,
16516,
12427,
10449,
2711,
10453,
10449,
10453,
16516,
16516,
10453,
3711,
16516,
3711,
12426,
12427,
16516,
12426,
12427,
12426,
4389,
2659,
10169,
16517,
2659,
16517,
10137,
10169,
3562,
12431,
10169,
12431,
16517,
16517,
12431,
4390,
16517,
4390,
12428,
10137,
16517,
12428,
10137,
12428,
3547,
3547,
12428,
16518,
3547,
16518,
10139,
12428,
4390,
12429,
12428,
12429,
16518,
16518,
12429,
3424,
16518,
3424,
9902,
10139,
16518,
9902,
10139,
9902,
2654,
4390,
12430,
16519,
4390,
16519,
12429,
12430,
3715,
10460,
12430,
10460,
16519,
16519,
10460,
2707,
16519,
2707,
9903,
12429,
16519,
9903,
12429,
9903,
3424,
3562,
10168,
16520,
3562,
16520,
12431,
10168,
2608,
10461,
10168,
10461,
16520,
16520,
10461,
3715,
16520,
3715,
12430,
12431,
16520,
12430,
12431,
12430,
4390,
2554,
9824,
16521,
2554,
16521,
10476,
9824,
3385,
12435,
9824,
12435,
16521,
16521,
12435,
4391,
16521,
4391,
12432,
10476,
16521,
12432,
10476,
12432,
3722,
3722,
12432,
16522,
3722,
16522,
10477,
12432,
4391,
12433,
12432,
12433,
16522,
16522,
12433,
3729,
16522,
3729,
10497,
10477,
16522,
10497,
10477,
10497,
2716,
4391,
12434,
16523,
4391,
16523,
12433,
12434,
3720,
10471,
12434,
10471,
16523,
16523,
10471,
2712,
16523,
2712,
10498,
12433,
16523,
10498,
12433,
10498,
3729,
3385,
9825,
16524,
3385,
16524,
12435,
9825,
2553,
10470,
9825,
10470,
16524,
16524,
10470,
3720,
16524,
3720,
12434,
12435,
16524,
12434,
12435,
12434,
4391,
3769,
10592,
16525,
3769,
16525,
12436,
10592,
2739,
10472,
10592,
10472,
16525,
16525,
10472,
2713,
16525,
2713,
10500,
12436,
16525,
10500,
12436,
10500,
3730,
2714,
10569,
16526,
2714,
16526,
10503,
10569,
2740,
10589,
10569,
10589,
16526,
16526,
10589,
3768,
16526,
3768,
12441,
10503,
16526,
12441,
10503,
12441,
3732,
2561,
9836,
16527,
2561,
16527,
10089,
9836,
3391,
12440,
9836,
12440,
16527,
16527,
12440,
4392,
16527,
4392,
12437,
10089,
16527,
12437,
10089,
12437,
3522,
3522,
12437,
16528,
3522,
16528,
10088,
12437,
4392,
12438,
12437,
12438,
16528,
16528,
12438,
3731,
16528,
3731,
10501,
10088,
16528,
10501,
10088,
10501,
2715,
4392,
12439,
16529,
4392,
16529,
12438,
12439,
3728,
10495,
12439,
10495,
16529,
16529,
10495,
2728,
16529,
2728,
10502,
12438,
16529,
10502,
12438,
10502,
3731,
3391,
9837,
16530,
3391,
16530,
12440,
9837,
2560,
10494,
9837,
10494,
16530,
16530,
10494,
3728,
16530,
3728,
12439,
12440,
16530,
12439,
12440,
12439,
4392,
3768,
10590,
16531,
3768,
16531,
12441,
10590,
2747,
10496,
10590,
10496,
16531,
16531,
10496,
2729,
16531,
2729,
10504,
12441,
16531,
10504,
12441,
10504,
3732,
2742,
10587,
16532,
2742,
16532,
10483,
10587,
3767,
12446,
10587,
12446,
16532,
16532,
12446,
3734,
16532,
3734,
10507,
10483,
16532,
10507,
10483,
10507,
2720,
2555,
9826,
16533,
2555,
16533,
10479,
9826,
3386,
12445,
9826,
12445,
16533,
16533,
12445,
4393,
16533,
4393,
12442,
10479,
16533,
12442,
10479,
12442,
3723,
3723,
12442,
16534,
3723,
16534,
10481,
12442,
4393,
12443,
12442,
12443,
16534,
16534,
12443,
3733,
16534,
3733,
10505,
10481,
16534,
10505,
10481,
10505,
2718,
4393,
12444,
16535,
4393,
16535,
12443,
12444,
3722,
10477,
12444,
10477,
16535,
16535,
10477,
2716,
16535,
2716,
10506,
12443,
16535,
10506,
12443,
10506,
3733,
3386,
9827,
16536,
3386,
16536,
12445,
9827,
2554,
10476,
9827,
10476,
16536,
16536,
10476,
3722,
16536,
3722,
12444,
12445,
16536,
12444,
12445,
12444,
4393,
3767,
10588,
16537,
3767,
16537,
12446,
10588,
2741,
10478,
10588,
10478,
16537,
16537,
10478,
2717,
16537,
2717,
10508,
12446,
16537,
10508,
12446,
10508,
3734,
2745,
10585,
16538,
2745,
16538,
10490,
10585,
3766,
12451,
10585,
12451,
16538,
16538,
12451,
3736,
16538,
3736,
10511,
10490,
16538,
10511,
10490,
10511,
2725,
2558,
9830,
16539,
2558,
16539,
10488,
9830,
3388,
12450,
9830,
12450,
16539,
16539,
12450,
4394,
16539,
4394,
12447,
10488,
16539,
12447,
10488,
12447,
3726,
3726,
12447,
16540,
3726,
16540,
10489,
12447,
4394,
12448,
12447,
12448,
16540,
16540,
12448,
3735,
16540,
3735,
10509,
10489,
16540,
10509,
10489,
10509,
2724,
4394,
12449,
16541,
4394,
16541,
12448,
12449,
3725,
10486,
12449,
10486,
16541,
16541,
10486,
2722,
16541,
2722,
10510,
12448,
16541,
10510,
12448,
10510,
3735,
3388,
9831,
16542,
3388,
16542,
12450,
9831,
2557,
10485,
9831,
10485,
16542,
16542,
10485,
3725,
16542,
3725,
12449,
12450,
16542,
12449,
12450,
12449,
4394,
3766,
10586,
16543,
3766,
16543,
12451,
10586,
2744,
10487,
10586,
10487,
16543,
16543,
10487,
2723,
16543,
2723,
10512,
12451,
16543,
10512,
12451,
10512,
3736,
2747,
10583,
16544,
2747,
16544,
10496,
10583,
3765,
12456,
10583,
12456,
16544,
16544,
12456,
3738,
16544,
3738,
10515,
10496,
16544,
10515,
10496,
10515,
2729,
2560,
9834,
16545,
2560,
16545,
10494,
9834,
3390,
12455,
9834,
12455,
16545,
16545,
12455,
4395,
16545,
4395,
12452,
10494,
16545,
12452,
10494,
12452,
3728,
3728,
12452,
16546,
3728,
16546,
10495,
12452,
4395,
12453,
12452,
12453,
16546,
16546,
12453,
3737,
16546,
3737,
10513,
10495,
16546,
10513,
10495,
10513,
2728,
4395,
12454,
16547,
4395,
16547,
12453,
12454,
3727,
10492,
12454,
10492,
16547,
16547,
10492,
2726,
16547,
2726,
10514,
12453,
16547,
10514,
12453,
10514,
3737,
3390,
9835,
16548,
3390,
16548,
12455,
9835,
2559,
10491,
9835,
10491,
16548,
16548,
10491,
3727,
16548,
3727,
12454,
12455,
16548,
12454,
12455,
12454,
4395,
3765,
10584,
16549,
3765,
16549,
12456,
10584,
2746,
10493,
10584,
10493,
16549,
16549,
10493,
2727,
16549,
2727,
10516,
12456,
16549,
10516,
12456,
10516,
3738,
2739,
10581,
16550,
2739,
16550,
10472,
10581,
3764,
12461,
10581,
12461,
16550,
16550,
12461,
3740,
16550,
3740,
10519,
10472,
16550,
10519,
10472,
10519,
2713,
2553,
9838,
16551,
2553,
16551,
10470,
9838,
3392,
12460,
9838,
12460,
16551,
16551,
12460,
4396,
16551,
4396,
12457,
10470,
16551,
12457,
10470,
12457,
3720,
3720,
12457,
16552,
3720,
16552,
10471,
12457,
4396,
12458,
12457,
12458,
16552,
16552,
12458,
3739,
16552,
3739,
10517,
10471,
16552,
10517,
10471,
10517,
2712,
4396,
12459,
16553,
4396,
16553,
12458,
12459,
3522,
10088,
12459,
10088,
16553,
16553,
10088,
2715,
16553,
2715,
10518,
12458,
16553,
10518,
12458,
10518,
3739,
3392,
9839,
16554,
3392,
16554,
12460,
9839,
2561,
10089,
9839,
10089,
16554,
16554,
10089,
3522,
16554,
3522,
12459,
12460,
16554,
12459,
12460,
12459,
4396,
3764,
10582,
16555,
3764,
16555,
12461,
10582,
2740,
10569,
10582,
10569,
16555,
16555,
10569,
2714,
16555,
2714,
10520,
12461,
16555,
10520,
12461,
10520,
3740,
2744,
10579,
16556,
2744,
16556,
10487,
10579,
3763,
12466,
10579,
12466,
16556,
16556,
12466,
3742,
16556,
3742,
10523,
10487,
16556,
10523,
10487,
10523,
2723,
2557,
9828,
16557,
2557,
16557,
10485,
9828,
3387,
12465,
9828,
12465,
16557,
16557,
12465,
4397,
16557,
4397,
12462,
10485,
16557,
12462,
10485,
12462,
3725,
3725,
12462,
16558,
3725,
16558,
10486,
12462,
4397,
12463,
12462,
12463,
16558,
16558,
12463,
3741,
16558,
3741,
10521,
10486,
16558,
10521,
10486,
10521,
2722,
4397,
12464,
16559,
4397,
16559,
12463,
12464,
3724,
10482,
12464,
10482,
16559,
16559,
10482,
2719,
16559,
2719,
10522,
12463,
16559,
10522,
12463,
10522,
3741,
3387,
9829,
16560,
3387,
16560,
12465,
9829,
2556,
10480,
9829,
10480,
16560,
16560,
10480,
3724,
16560,
3724,
12464,
12465,
16560,
12464,
12465,
12464,
4397,
3763,
10580,
16561,
3763,
16561,
12466,
10580,
2743,
10484,
10580,
10484,
16561,
16561,
10484,
2721,
16561,
2721,
10524,
12466,
16561,
10524,
12466,
10524,
3742,
2746,
10577,
16562,
2746,
16562,
10493,
10577,
3762,
12471,
10577,
12471,
16562,
16562,
12471,
3744,
16562,
3744,
10527,
10493,
16562,
10527,
10493,
10527,
2727,
2559,
9832,
16563,
2559,
16563,
10491,
9832,
3389,
12470,
9832,
12470,
16563,
16563,
12470,
4398,
16563,
4398,
12467,
10491,
16563,
12467,
10491,
12467,
3727,
3727,
12467,
16564,
3727,
16564,
10492,
12467,
4398,
12468,
12467,
12468,
16564,
16564,
12468,
3743,
16564,
3743,
10525,
10492,
16564,
10525,
10492,
10525,
2726,
4398,
12469,
16565,
4398,
16565,
12468,
12469,
3726,
10489,
12469,
10489,
16565,
16565,
10489,
2724,
16565,
2724,
10526,
12468,
16565,
10526,
12468,
10526,
3743,
3389,
9833,
16566,
3389,
16566,
12470,
9833,
2558,
10488,
9833,
10488,
16566,
16566,
10488,
3726,
16566,
3726,
12469,
12470,
16566,
12469,
12470,
12469,
4398,
3762,
10578,
16567,
3762,
16567,
12471,
10578,
2745,
10490,
10578,
10490,
16567,
16567,
10490,
2725,
16567,
2725,
10528,
12471,
16567,
10528,
12471,
10528,
3744,
2532,
9780,
16568,
2532,
16568,
10545,
9780,
3361,
12475,
9780,
12475,
16568,
16568,
12475,
4399,
16568,
4399,
12472,
10545,
16568,
12472,
10545,
12472,
3751,
3751,
12472,
16569,
3751,
16569,
10546,
12472,
4399,
12473,
12472,
12473,
16569,
16569,
12473,
3754,
16569,
3754,
10552,
10546,
16569,
10552,
10546,
10552,
2736,
4399,
12474,
16570,
4399,
16570,
12473,
12474,
3630,
10300,
12474,
10300,
16570,
16570,
10300,
2738,
16570,
2738,
10553,
12473,
16570,
10553,
12473,
10553,
3754,
3361,
9781,
16571,
3361,
16571,
12475,
9781,
2531,
10301,
9781,
10301,
16571,
16571,
10301,
3630,
16571,
3630,
12474,
12475,
16571,
12474,
12475,
12474,
4399,
2534,
9784,
16572,
2534,
16572,
10542,
9784,
3363,
12480,
9784,
12480,
16572,
16572,
12480,
4400,
16572,
4400,
12477,
10542,
16572,
12477,
10542,
12477,
3750,
3750,
12477,
16573,
3750,
16573,
10543,
12477,
4400,
12478,
12477,
12478,
16573,
16573,
12478,
3755,
16573,
3755,
10554,
10543,
16573,
10554,
10543,
10554,
2735,
4400,
12479,
16574,
4400,
16574,
12478,
12479,
3629,
10298,
12479,
10298,
16574,
16574,
10298,
2737,
16574,
2737,
10555,
12478,
16574,
10555,
12478,
10555,
3755,
3363,
9785,
16575,
3363,
16575,
12480,
9785,
2533,
10299,
9785,
10299,
16575,
16575,
10299,
3629,
16575,
3629,
12479,
12480,
16575,
12479,
12480,
12479,
4400,
2528,
9774,
16576,
2528,
16576,
10529,
9774,
3358,
12485,
9774,
12485,
16576,
16576,
12485,
4401,
16576,
4401,
12482,
10529,
16576,
12482,
10529,
12482,
3745,
3745,
12482,
16577,
3745,
16577,
10531,
12482,
4401,
12483,
12482,
12483,
16577,
16577,
12483,
3756,
16577,
3756,
10556,
10531,
16577,
10556,
10531,
10556,
2730,
4401,
12484,
16578,
4401,
16578,
12483,
12484,
3626,
10294,
12484,
10294,
16578,
16578,
10294,
2734,
16578,
2734,
10557,
12483,
16578,
10557,
12483,
10557,
3756,
3358,
9775,
16579,
3358,
16579,
12485,
9775,
2527,
10295,
9775,
10295,
16579,
16579,
10295,
3626,
16579,
3626,
12484,
12485,
16579,
12484,
12485,
12484,
4401,
2531,
9778,
16580,
2531,
16580,
10301,
9778,
3360,
12490,
9778,
12490,
16580,
16580,
12490,
4402,
16580,
4402,
12487,
10301,
16580,
12487,
10301,
12487,
3630,
3630,
12487,
16581,
3630,
16581,
10300,
12487,
4402,
12488,
12487,
12488,
16581,
16581,
12488,
3757,
16581,
3757,
10558,
10300,
16581,
10558,
10300,
10558,
2738,
4402,
12489,
16582,
4402,
16582,
12488,
12489,
3624,
10291,
12489,
10291,
16582,
16582,
10291,
2732,
16582,
2732,
10559,
12488,
16582,
10559,
12488,
10559,
3757,
3360,
9779,
16583,
3360,
16583,
12490,
9779,
2530,
10292,
9779,
10292,
16583,
16583,
10292,
3624,
16583,
3624,
12489,
12490,
16583,
12489,
12490,
12489,
4402,
2533,
9782,
16584,
2533,
16584,
10299,
9782,
3362,
12495,
9782,
12495,
16584,
16584,
12495,
4403,
16584,
4403,
12492,
10299,
16584,
12492,
10299,
12492,
3629,
3629,
12492,
16585,
3629,
16585,
10298,
12492,
4403,
12493,
12492,
12493,
16585,
16585,
12493,
3758,
16585,
3758,
10560,
10298,
16585,
10560,
10298,
10560,
2737,
4403,
12494,
16586,
4403,
16586,
12493,
12494,
3751,
10546,
12494,
10546,
16586,
16586,
10546,
2736,
16586,
2736,
10561,
12493,
16586,
10561,
12493,
10561,
3758,
3362,
9783,
16587,
3362,
16587,
12495,
9783,
2532,
10545,
9783,
10545,
16587,
16587,
10545,
3751,
16587,
3751,
12494,
12495,
16587,
12494,
12495,
12494,
4403,
2526,
9786,
16588,
2526,
16588,
10537,
9786,
3364,
12500,
9786,
12500,
16588,
16588,
12500,
4404,
16588,
4404,
12497,
10537,
16588,
12497,
10537,
12497,
3748,
3748,
12497,
16589,
3748,
16589,
10538,
12497,
4404,
12498,
12497,
12498,
16589,
16589,
12498,
3759,
16589,
3759,
10562,
10538,
16589,
10562,
10538,
10562,
2733,
4404,
12499,
16590,
4404,
16590,
12498,
12499,
3750,
10543,
12499,
10543,
16590,
16590,
10543,
2735,
16590,
2735,
10563,
12498,
16590,
10563,
12498,
10563,
3759,
3364,
9787,
16591,
3364,
16591,
12500,
9787,
2534,
10542,
9787,
10542,
16591,
16591,
10542,
3750,
16591,
3750,
12499,
12500,
16591,
12499,
12500,
12499,
4404,
2527,
9772,
16592,
2527,
16592,
10295,
9772,
3357,
12505,
9772,
12505,
16592,
16592,
12505,
4405,
16592,
4405,
12502,
10295,
16592,
12502,
10295,
12502,
3626,
3626,
12502,
16593,
3626,
16593,
10294,
12502,
4405,
12503,
12502,
12503,
16593,
16593,
12503,
3760,
16593,
3760,
10564,
10294,
16593,
10564,
10294,
10564,
2734,
4405,
12504,
16594,
4405,
16594,
12503,
12504,
3748,
10538,
12504,
10538,
16594,
16594,
10538,
2733,
16594,
2733,
10565,
12503,
16594,
10565,
12503,
10565,
3760,
3357,
9773,
16595,
3357,
16595,
12505,
9773,
2526,
10537,
9773,
10537,
16595,
16595,
10537,
3748,
16595,
3748,
12504,
12505,
16595,
12504,
12505,
12504,
4405,
2530,
9776,
16596,
2530,
16596,
10292,
9776,
3359,
12510,
9776,
12510,
16596,
16596,
12510,
4406,
16596,
4406,
12507,
10292,
16596,
12507,
10292,
12507,
3624,
3624,
12507,
16597,
3624,
16597,
10291,
12507,
4406,
12508,
12507,
12508,
16597,
16597,
12508,
3761,
16597,
3761,
10566,
10291,
16597,
10566,
10291,
10566,
2732,
4406,
12509,
16598,
4406,
16598,
12508,
12509,
3746,
10532,
12509,
10532,
16598,
16598,
10532,
2731,
16598,
2731,
10567,
12508,
16598,
10567,
12508,
10567,
3761,
3359,
9777,
16599,
3359,
16599,
12510,
9777,
2529,
10530,
9777,
10530,
16599,
16599,
10530,
3746,
16599,
3746,
12509,
12510,
16599,
12509,
12510,
12509,
4406,
2726,
10525,
16600,
2726,
16600,
10575,
10525,
3743,
12512,
10525,
12512,
16600,
16600,
12512,
3762,
16600,
3762,
10577,
10575,
16600,
10577,
10575,
10577,
2746,
3743,
10526,
16601,
3743,
16601,
12512,
10526,
2724,
10574,
10526,
10574,
16601,
16601,
10574,
2745,
16601,
2745,
10578,
12512,
16601,
10578,
12512,
10578,
3762,
2722,
10521,
16602,
2722,
16602,
10573,
10521,
3741,
12513,
10521,
12513,
16602,
16602,
12513,
3763,
16602,
3763,
10579,
10573,
16602,
10579,
10573,
10579,
2744,
3741,
10522,
16603,
3741,
16603,
12513,
10522,
2719,
10572,
10522,
10572,
16603,
16603,
10572,
2743,
16603,
2743,
10580,
12513,
16603,
10580,
12513,
10580,
3763,
2712,
10517,
16604,
2712,
16604,
10568,
10517,
3739,
12514,
10517,
12514,
16604,
16604,
12514,
3764,
16604,
3764,
10581,
10568,
16604,
10581,
10568,
10581,
2739,
3739,
10518,
16605,
3739,
16605,
12514,
10518,
2715,
10475,
10518,
10475,
16605,
16605,
10475,
2740,
16605,
2740,
10582,
12514,
16605,
10582,
12514,
10582,
3764,
2728,
10513,
16606,
2728,
16606,
10576,
10513,
3737,
12515,
10513,
12515,
16606,
16606,
12515,
3765,
16606,
3765,
10583,
10576,
16606,
10583,
10576,
10583,
2747,
3737,
10514,
16607,
3737,
16607,
12515,
10514,
2726,
10575,
10514,
10575,
16607,
16607,
10575,
2746,
16607,
2746,
10584,
12515,
16607,
10584,
12515,
10584,
3765,
2724,
10509,
16608,
2724,
16608,
10574,
10509,
3735,
12516,
10509,
12516,
16608,
16608,
12516,
3766,
16608,
3766,
10585,
10574,
16608,
10585,
10574,
10585,
2745,
3735,
10510,
16609,
3735,
16609,
12516,
10510,
2722,
10573,
10510,
10573,
16609,
16609,
10573,
2744,
16609,
2744,
10586,
12516,
16609,
10586,
12516,
10586,
3766,
2718,
10505,
16610,
2718,
16610,
10571,
10505,
3733,
12517,
10505,
12517,
16610,
16610,
12517,
3767,
16610,
3767,
10587,
10571,
16610,
10587,
10571,
10587,
2742,
3733,
10506,
16611,
3733,
16611,
12517,
10506,
2716,
10570,
10506,
10570,
16611,
16611,
10570,
2741,
16611,
2741,
10588,
12517,
16611,
10588,
12517,
10588,
3767,
2740,
10475,
16612,
2740,
16612,
10589,
10475,
2715,
10501,
10475,
10501,
16612,
16612,
10501,
3731,
16612,
3731,
12518,
10589,
16612,
12518,
10589,
12518,
3768,
3731,
10502,
16613,
3731,
16613,
12518,
10502,
2728,
10576,
10502,
10576,
16613,
16613,
10576,
2747,
16613,
2747,
10590,
12518,
16613,
10590,
12518,
10590,
3768,
2716,
10497,
16614,
2716,
16614,
10570,
10497,
3729,
12519,
10497,
12519,
16614,
16614,
12519,
3769,
16614,
3769,
10591,
10570,
16614,
10591,
10570,
10591,
2741,
3729,
10498,
16615,
3729,
16615,
12519,
10498,
2712,
10568,
10498,
10568,
16615,
16615,
10568,
2739,
16615,
2739,
10592,
12519,
16615,
10592,
12519,
10592,
3769,
2750,
10536,
16616,
2750,
16616,
10602,
10536,
2732,
10566,
10536,
10566,
16616,
16616,
10566,
3761,
16616,
3761,
12520,
10602,
16616,
12520,
10602,
12520,
3770,
3761,
10567,
16617,
3761,
16617,
12520,
10567,
2731,
10594,
10567,
10594,
16617,
16617,
10594,
2749,
16617,
2749,
10603,
12520,
16617,
10603,
12520,
10603,
3770,
2752,
10541,
16618,
2752,
16618,
10604,
10541,
2734,
10564,
10541,
10564,
16618,
16618,
10564,
3760,
16618,
3760,
12521,
10604,
16618,
12521,
10604,
12521,
3771,
3760,
10565,
16619,
3760,
16619,
12521,
10565,
2733,
10596,
10565,
10596,
16619,
16619,
10596,
2751,
16619,
2751,
10605,
12521,
16619,
10605,
12521,
10605,
3771,
2733,
10562,
16620,
2733,
16620,
10596,
10562,
3759,
12522,
10562,
12522,
16620,
16620,
12522,
3772,
16620,
3772,
10606,
10596,
16620,
10606,
10596,
10606,
2751,
3759,
10563,
16621,
3759,
16621,
12522,
10563,
2735,
10598,
10563,
10598,
16621,
16621,
10598,
2753,
16621,
2753,
10607,
12522,
16621,
10607,
12522,
10607,
3772,
2755,
10549,
16622,
2755,
16622,
10608,
10549,
2737,
10560,
10549,
10560,
16622,
16622,
10560,
3758,
16622,
3758,
12523,
10608,
16622,
12523,
10608,
12523,
3773,
3758,
10561,
16623,
3758,
16623,
12523,
10561,
2736,
10599,
10561,
10599,
16623,
16623,
10599,
2754,
16623,
2754,
10609,
12523,
16623,
10609,
12523,
10609,
3773,
2756,
10551,
16624,
2756,
16624,
10610,
10551,
2738,
10558,
10551,
10558,
16624,
16624,
10558,
3757,
16624,
3757,
12524,
10610,
16624,
12524,
10610,
12524,
3774,
3757,
10559,
16625,
3757,
16625,
12524,
10559,
2732,
10536,
10559,
10536,
16625,
16625,
10536,
2750,
16625,
2750,
10611,
12524,
16625,
10611,
12524,
10611,
3774,
2730,
10556,
16626,
2730,
16626,
10593,
10556,
3756,
12525,
10556,
12525,
16626,
16626,
12525,
3775,
16626,
3775,
10612,
10593,
16626,
10612,
10593,
10612,
2748,
3756,
10557,
16627,
3756,
16627,
12525,
10557,
2734,
10541,
10557,
10541,
16627,
16627,
10541,
2752,
16627,
2752,
10613,
12525,
16627,
10613,
12525,
10613,
3775,
2735,
10554,
16628,
2735,
16628,
10598,
10554,
3755,
12526,
10554,
12526,
16628,
16628,
12526,
3776,
16628,
3776,
10614,
10598,
16628,
10614,
10598,
10614,
2753,
3755,
10555,
16629,
3755,
16629,
12526,
10555,
2737,
10549,
10555,
10549,
16629,
16629,
10549,
2755,
16629,
2755,
10615,
12526,
16629,
10615,
12526,
10615,
3776,
2736,
10552,
16630,
2736,
16630,
10599,
10552,
3754,
12527,
10552,
12527,
16630,
16630,
12527,
3777,
16630,
3777,
10616,
10599,
16630,
10616,
10599,
10616,
2754,
3754,
10553,
16631,
3754,
16631,
12527,
10553,
2738,
10551,
10553,
10551,
16631,
16631,
10551,
2756,
16631,
2756,
10617,
12527,
16631,
10617,
12527,
10617,
3777,
3512,
10068,
16632,
3512,
16632,
12623,
10068,
2639,
10618,
10068,
10618,
16632,
16632,
10618,
3778,
16632,
3778,
12622,
12623,
16632,
12622,
12623,
12622,
4430,
3513,
12528,
16633,
3513,
16633,
10071,
12528,
4429,
12617,
12528,
12617,
16633,
16633,
12617,
3822,
16633,
3822,
10701,
10071,
16633,
10701,
10071,
10701,
2641,
4429,
12528,
16634,
4429,
16634,
12619,
12528,
3513,
10070,
12528,
10070,
16634,
16634,
10070,
2640,
16634,
2640,
10699,
12619,
16634,
10699,
12619,
10699,
3821,
3514,
12529,
16635,
3514,
16635,
10073,
12529,
4428,
12614,
12529,
12614,
16635,
16635,
12614,
3824,
16635,
3824,
10705,
10073,
16635,
10705,
10073,
10705,
2643,
4428,
12529,
16636,
4428,
16636,
12616,
12529,
3514,
10072,
12529,
10072,
16636,
16636,
10072,
2642,
16636,
2642,
10702,
12616,
16636,
10702,
12616,
10702,
3823,
3515,
12530,
16637,
3515,
16637,
10075,
12530,
4427,
12611,
12530,
12611,
16637,
16637,
12611,
3825,
16637,
3825,
10707,
10075,
16637,
10707,
10075,
10707,
2644,
4427,
12530,
16638,
4427,
16638,
12613,
12530,
3515,
10074,
12530,
10074,
16638,
16638,
10074,
2643,
16638,
2643,
10705,
12613,
16638,
10705,
12613,
10705,
3824,
3517,
12531,
16639,
3517,
16639,
10079,
12531,
4426,
12608,
12531,
12608,
16639,
16639,
12608,
3827,
16639,
3827,
10711,
10079,
16639,
10711,
10079,
10711,
2646,
4426,
12531,
16640,
4426,
16640,
12610,
12531,
3517,
10078,
12531,
10078,
16640,
16640,
10078,
2645,
16640,
2645,
10709,
12610,
16640,
10709,
12610,
10709,
3826,
3519,
12532,
16641,
3519,
16641,
10083,
12532,
4425,
12605,
12532,
12605,
16641,
16641,
12605,
3778,
16641,
3778,
10618,
10083,
16641,
10618,
10083,
10618,
2639,
4425,
12532,
16642,
4425,
16642,
12607,
12532,
3519,
10082,
12532,
10082,
16642,
16642,
10082,
2647,
16642,
2647,
10619,
12607,
16642,
10619,
12607,
10619,
3779,
3516,
12533,
16643,
3516,
16643,
10077,
12533,
4424,
12602,
12533,
12602,
16643,
16643,
12602,
3826,
16643,
3826,
10709,
10077,
16643,
10709,
10077,
10709,
2645,
4424,
12533,
16644,
4424,
16644,
12604,
12533,
3516,
10076,
12533,
10076,
16644,
16644,
10076,
2644,
16644,
2644,
10707,
12604,
16644,
10707,
12604,
10707,
3825,
3518,
12534,
16645,
3518,
16645,
10081,
12534,
4423,
12599,
12534,
12599,
16645,
16645,
12599,
3779,
16645,
3779,
10619,
10081,
16645,
10619,
10081,
10619,
2647,
4423,
12534,
16646,
4423,
16646,
12601,
12534,
3518,
10080,
12534,
10080,
16646,
16646,
10080,
2646,
16646,
2646,
10711,
12601,
16646,
10711,
12601,
10711,
3827,
4265,
12535,
16647,
4265,
16647,
11959,
12535,
3342,
9743,
12535,
9743,
16647,
16647,
9743,
2509,
16647,
2509,
10622,
11959,
16647,
10622,
11959,
10622,
3780,
2516,
9748,
16648,
2516,
16648,
10626,
9748,
3345,
12536,
9748,
12536,
16648,
16648,
12536,
4264,
16648,
4264,
11954,
10626,
16648,
11954,
10626,
11954,
3367,
4264,
12536,
16649,
4264,
16649,
11956,
12536,
3345,
9750,
12536,
9750,
16649,
16649,
9750,
2514,
16649,
2514,
10633,
11956,
16649,
10633,
11956,
10633,
3784,
2520,
9756,
16650,
2520,
16650,
10623,
9756,
3349,
12537,
9756,
12537,
16650,
16650,
12537,
4263,
16650,
4263,
11951,
10623,
16650,
11951,
10623,
11951,
3366,
4263,
12537,
16651,
4263,
16651,
11953,
12537,
3349,
9758,
12537,
9758,
16651,
16651,
9758,
2518,
16651,
2518,
10628,
11953,
16651,
10628,
11953,
10628,
3782,
2524,
9764,
16652,
2524,
16652,
10620,
9764,
3353,
12538,
9764,
12538,
16652,
16652,
12538,
4262,
16652,
4262,
11948,
10620,
16652,
11948,
10620,
11948,
3365,
4262,
12538,
16653,
4262,
16653,
11950,
12538,
3353,
9766,
12538,
9766,
16653,
16653,
9766,
2522,
16653,
2522,
10625,
11950,
16653,
10625,
11950,
10625,
3781,
2513,
9745,
16654,
2513,
16654,
10632,
9745,
3344,
12539,
9745,
12539,
16654,
16654,
12539,
4261,
16654,
4261,
11945,
10632,
16654,
11945,
10632,
11945,
3783,
4261,
12539,
16655,
4261,
16655,
11947,
12539,
3344,
9747,
12539,
9747,
16655,
16655,
9747,
2511,
16655,
2511,
10629,
11947,
16655,
10629,
11947,
10629,
3368,
2518,
9752,
16656,
2518,
16656,
10628,
9752,
3347,
12540,
9752,
12540,
16656,
16656,
12540,
4260,
16656,
4260,
11942,
10628,
16656,
11942,
10628,
11942,
3782,
4260,
12540,
16657,
4260,
16657,
11944,
12540,
3347,
9754,
12540,
9754,
16657,
16657,
9754,
2516,
16657,
2516,
10626,
11944,
16657,
10626,
11944,
10626,
3367,
2522,
9760,
16658,
2522,
16658,
10625,
9760,
3351,
12541,
9760,
12541,
16658,
16658,
12541,
4259,
16658,
4259,
11939,
10625,
16658,
11939,
10625,
11939,
3781,
4259,
12541,
16659,
4259,
16659,
11941,
12541,
3351,
9762,
12541,
9762,
16659,
16659,
9762,
2520,
16659,
2520,
10623,
11941,
16659,
10623,
11941,
10623,
3366,
2509,
9769,
16660,
2509,
16660,
10622,
9769,
3356,
12542,
9769,
12542,
16660,
16660,
12542,
4258,
16660,
4258,
11936,
10622,
16660,
11936,
10622,
11936,
3780,
4258,
12542,
16661,
4258,
16661,
11938,
12542,
3356,
9770,
12542,
9770,
16661,
16661,
9770,
2524,
16661,
2524,
10620,
11938,
16661,
10620,
11938,
10620,
3365,
2754,
10616,
16662,
2754,
16662,
10547,
10616,
3777,
12476,
10616,
12476,
16662,
16662,
12476,
4287,
16662,
4287,
12037,
10547,
16662,
12037,
10547,
12037,
3628,
2604,
10348,
16663,
2604,
16663,
10646,
10348,
3656,
12546,
10348,
12546,
16663,
16663,
12546,
4407,
16663,
4407,
12543,
10646,
16663,
12543,
10646,
12543,
3791,
3791,
12543,
16664,
3791,
16664,
10647,
12543,
4407,
12544,
12543,
12544,
16664,
16664,
12544,
3794,
16664,
3794,
10652,
10647,
16664,
10652,
10647,
10652,
2763,
4407,
12545,
16665,
4407,
16665,
12544,
12545,
3575,
10194,
12545,
10194,
16665,
16665,
10194,
2758,
16665,
2758,
10653,
12544,
16665,
10653,
12544,
10653,
3794,
3656,
10349,
16666,
3656,
16666,
12546,
10349,
2672,
10195,
10349,
10195,
16666,
16666,
10195,
3575,
16666,
3575,
12545,
12546,
16666,
12545,
12546,
12545,
4407,
2600,
10350,
16667,
2600,
16667,
10640,
10350,
3657,
12550,
10350,
12550,
16667,
16667,
12550,
4408,
16667,
4408,
12547,
10640,
16667,
12547,
10640,
12547,
3788,
3788,
12547,
16668,
3788,
16668,
10642,
12547,
4408,
12548,
12547,
12548,
16668,
16668,
12548,
3795,
16668,
3795,
10654,
10642,
16668,
10654,
10642,
10654,
2760,
4408,
12549,
16669,
4408,
16669,
12548,
12549,
3574,
10192,
12549,
10192,
16669,
16669,
10192,
2757,
16669,
2757,
10655,
12548,
16669,
10655,
12548,
10655,
3795,
3657,
10351,
16670,
3657,
16670,
12550,
10351,
2671,
10193,
10351,
10193,
16670,
16670,
10193,
3574,
16670,
3574,
12549,
12550,
16670,
12549,
12550,
12549,
4408,
2598,
9956,
16671,
2598,
16671,
10638,
9956,
3451,
12554,
9956,
12554,
16671,
16671,
12554,
4409,
16671,
4409,
12551,
10638,
16671,
12551,
10638,
12551,
3787,
3787,
12551,
16672,
3787,
16672,
10639,
12551,
4409,
12552,
12551,
12552,
16672,
16672,
12552,
3796,
16672,
3796,
10656,
10639,
16672,
10656,
10639,
10656,
2759,
4409,
12553,
16673,
4409,
16673,
12552,
12553,
3661,
10358,
12553,
10358,
16673,
16673,
10358,
2765,
16673,
2765,
10657,
12552,
16673,
10657,
12552,
10657,
3796,
3451,
9957,
16674,
3451,
16674,
12554,
9957,
2602,
10359,
9957,
10359,
16674,
16674,
10359,
3661,
16674,
3661,
12553,
12554,
16674,
12553,
12554,
12553,
4409,
2672,
10352,
16675,
2672,
16675,
10195,
10352,
3658,
12558,
10352,
12558,
16675,
16675,
12558,
4410,
16675,
4410,
12555,
10195,
16675,
12555,
10195,
12555,
3575,
3575,
12555,
16676,
3575,
16676,
10194,
12555,
4410,
12556,
12555,
12556,
16676,
16676,
12556,
3797,
16676,
3797,
10658,
10194,
16676,
10658,
10194,
10658,
2758,
4410,
12557,
16677,
4410,
16677,
12556,
12557,
3660,
10356,
12557,
10356,
16677,
16677,
10356,
2764,
16677,
2764,
10659,
12556,
16677,
10659,
12556,
10659,
3797,
3658,
10353,
16678,
3658,
16678,
12558,
10353,
2599,
10357,
10353,
10357,
16678,
16678,
10357,
3660,
16678,
3660,
12557,
12558,
16678,
12557,
12558,
12557,
4410,
2603,
9958,
16679,
2603,
16679,
10644,
9958,
3452,
12562,
9958,
12562,
16679,
16679,
12562,
4411,
16679,
4411,
12559,
10644,
16679,
12559,
10644,
12559,
3790,
3790,
12559,
16680,
3790,
16680,
10645,
12559,
4411,
12560,
12559,
12560,
16680,
16680,
12560,
3798,
16680,
3798,
10660,
10645,
16680,
10660,
10645,
10660,
2762,
4411,
12561,
16681,
4411,
16681,
12560,
12561,
3791,
10647,
12561,
10647,
16681,
16681,
10647,
2763,
16681,
2763,
10661,
12560,
16681,
10661,
12560,
10661,
3798,
3452,
9959,
16682,
3452,
16682,
12562,
9959,
2604,
10646,
9959,
10646,
16682,
16682,
10646,
3791,
16682,
3791,
12561,
12562,
16682,
12561,
12562,
12561,
4411,
2671,
10354,
16683,
2671,
16683,
10193,
10354,
3659,
12566,
10354,
12566,
16683,
16683,
12566,
4412,
16683,
4412,
12563,
10193,
16683,
12563,
10193,
12563,
3574,
3574,
12563,
16684,
3574,
16684,
10192,
12563,
4412,
12564,
12563,
12564,
16684,
16684,
12564,
3799,
16684,
3799,
10662,
10192,
16684,
10662,
10192,
10662,
2757,
4412,
12565,
16685,
4412,
16685,
12564,
12565,
3790,
10645,
12565,
10645,
16685,
16685,
10645,
2762,
16685,
2762,
10663,
12564,
16685,
10663,
12564,
10663,
3799,
3659,
10355,
16686,
3659,
16686,
12566,
10355,
2603,
10644,
10355,
10644,
16686,
16686,
10644,
3790,
16686,
3790,
12565,
12566,
16686,
12565,
12566,
12565,
4412,
2602,
9960,
16687,
2602,
16687,
10359,
9960,
3453,
12570,
9960,
12570,
16687,
16687,
12570,
4413,
16687,
4413,
12567,
10359,
16687,
12567,
10359,
12567,
3661,
3661,
12567,
16688,
3661,
16688,
10358,
12567,
4413,
12568,
12567,
12568,
16688,
16688,
12568,
3800,
16688,
3800,
10664,
10358,
16688,
10664,
10358,
10664,
2765,
4413,
12569,
16689,
4413,
16689,
12568,
12569,
3789,
10643,
12569,
10643,
16689,
16689,
10643,
2761,
16689,
2761,
10665,
12568,
16689,
10665,
12568,
10665,
3800,
3453,
9961,
16690,
3453,
16690,
12570,
9961,
2601,
10641,
9961,
10641,
16690,
16690,
10641,
3789,
16690,
3789,
12569,
12570,
16690,
12569,
12570,
12569,
4413,
2599,
9962,
16691,
2599,
16691,
10357,
9962,
3454,
12574,
9962,
12574,
16691,
16691,
12574,
4414,
16691,
4414,
12571,
10357,
16691,
12571,
10357,
12571,
3660,
3660,
12571,
16692,
3660,
16692,
10356,
12571,
4414,
12572,
12571,
12572,
16692,
16692,
12572,
3801,
16692,
3801,
10666,
10356,
16692,
10666,
10356,
10666,
2764,
4414,
12573,
16693,
4414,
16693,
12572,
12573,
3787,
10639,
12573,
10639,
16693,
16693,
10639,
2759,
16693,
2759,
10667,
12572,
16693,
10667,
12572,
10667,
3801,
3454,
9963,
16694,
3454,
16694,
12574,
9963,
2598,
10638,
9963,
10638,
16694,
16694,
10638,
3787,
16694,
3787,
12573,
12574,
16694,
12573,
12574,
12573,
4414,
4430,
12622,
16695,
4430,
16695,
12621,
12622,
3778,
10696,
12622,
10696,
16695,
16695,
10696,
3819,
16695,
3819,
12577,
12621,
16695,
12577,
12621,
12577,
4415,
3802,
12575,
16696,
3802,
16696,
10668,
12575,
4415,
12576,
12575,
12576,
16696,
16696,
12576,
3811,
16696,
3811,
10679,
10668,
16696,
10679,
10668,
10679,
2766,
4415,
12577,
16697,
4415,
16697,
12576,
12577,
3819,
10695,
12577,
10695,
16697,
16697,
10695,
2773,
16697,
2773,
10680,
12576,
16697,
10680,
12576,
10680,
3811,
3821,
12620,
16698,
3821,
16698,
10700,
12620,
4430,
12621,
12620,
12621,
16698,
16698,
12621,
4415,
16698,
4415,
12575,
10700,
16698,
12575,
10700,
12575,
3802,
3821,
10700,
16699,
3821,
16699,
12619,
10700,
3802,
12580,
10700,
12580,
16699,
16699,
12580,
4416,
16699,
4416,
12618,
12619,
16699,
12618,
12619,
12618,
4429,
4416,
12579,
16700,
4416,
16700,
12578,
12579,
3812,
10681,
12579,
10681,
16700,
16700,
10681,
2767,
16700,
2767,
10669,
12578,
16700,
10669,
12578,
10669,
3803,
3802,
10668,
16701,
3802,
16701,
12580,
10668,
2766,
10682,
10668,
10682,
16701,
16701,
10682,
3812,
16701,
3812,
12579,
12580,
16701,
12579,
12580,
12579,
4416,
4429,
12618,
16702,
4429,
16702,
12617,
12618,
4416,
12578,
12618,
12578,
16702,
16702,
12578,
3803,
16702,
3803,
10703,
12617,
16702,
10703,
12617,
10703,
3822,
3823,
10704,
16703,
3823,
16703,
12616,
10704,
3804,
12583,
10704,
12583,
16703,
16703,
12583,
4417,
16703,
4417,
12615,
12616,
16703,
12615,
12616,
12615,
4428,
4417,
12582,
16704,
4417,
16704,
12581,
12582,
3813,
10683,
12582,
10683,
16704,
16704,
10683,
2769,
16704,
2769,
10671,
12581,
16704,
10671,
12581,
10671,
3805,
3804,
10670,
16705,
3804,
16705,
12583,
10670,
2768,
10684,
10670,
10684,
16705,
16705,
10684,
3813,
16705,
3813,
12582,
12583,
16705,
12582,
12583,
12582,
4417,
4428,
12615,
16706,
4428,
16706,
12614,
12615,
4417,
12581,
12615,
12581,
16706,
16706,
12581,
3805,
16706,
3805,
10706,
12614,
16706,
10706,
12614,
10706,
3824,
3824,
10706,
16707,
3824,
16707,
12613,
10706,
3805,
12586,
10706,
12586,
16707,
16707,
12586,
4418,
16707,
4418,
12612,
12613,
16707,
12612,
12613,
12612,
4427,
4418,
12585,
16708,
4418,
16708,
12584,
12585,
3814,
10685,
12585,
10685,
16708,
16708,
10685,
2770,
16708,
2770,
10672,
12584,
16708,
10672,
12584,
10672,
3806,
3805,
10671,
16709,
3805,
16709,
12586,
10671,
2769,
10686,
10671,
10686,
16709,
16709,
10686,
3814,
16709,
3814,
12585,
12586,
16709,
12585,
12586,
12585,
4418,
4427,
12612,
16710,
4427,
16710,
12611,
12612,
4418,
12584,
12612,
12584,
16710,
16710,
12584,
3806,
16710,
3806,
10708,
12611,
16710,
10708,
12611,
10708,
3825,
3826,
10710,
16711,
3826,
16711,
12610,
10710,
3807,
12589,
10710,
12589,
16711,
16711,
12589,
4419,
16711,
4419,
12609,
12610,
16711,
12609,
12610,
12609,
4426,
4419,
12588,
16712,
4419,
16712,
12587,
12588,
3815,
10687,
12588,
10687,
16712,
16712,
10687,
2772,
16712,
2772,
10674,
12587,
16712,
10674,
12587,
10674,
3808,
3807,
10673,
16713,
3807,
16713,
12589,
10673,
2771,
10688,
10673,
10688,
16713,
16713,
10688,
3815,
16713,
3815,
12588,
12589,
16713,
12588,
12589,
12588,
4419,
4426,
12609,
16714,
4426,
16714,
12608,
12609,
4419,
12587,
12609,
12587,
16714,
16714,
12587,
3808,
16714,
3808,
10712,
12608,
16714,
10712,
12608,
10712,
3827,
3779,
10698,
16715,
3779,
16715,
12607,
10698,
3820,
12592,
10698,
12592,
16715,
16715,
12592,
4420,
16715,
4420,
12606,
12607,
16715,
12606,
12607,
12606,
4425,
4420,
12591,
16716,
4420,
16716,
12590,
12591,
3816,
10689,
12591,
10689,
16716,
16716,
10689,
2773,
16716,
2773,
10695,
12590,
16716,
10695,
12590,
10695,
3819,
3820,
10697,
16717,
3820,
16717,
12592,
10697,
2774,
10690,
10697,
10690,
16717,
16717,
10690,
3816,
16717,
3816,
12591,
12592,
16717,
12591,
12592,
12591,
4420,
4425,
12606,
16718,
4425,
16718,
12605,
12606,
4420,
12590,
12606,
12590,
16718,
16718,
12590,
3819,
16718,
3819,
10696,
12605,
16718,
10696,
12605,
10696,
3778,
3825,
10708,
16719,
3825,
16719,
12604,
10708,
3806,
12595,
10708,
12595,
16719,
16719,
12595,
4421,
16719,
4421,
12603,
12604,
16719,
12603,
12604,
12603,
4424,
4421,
12594,
16720,
4421,
16720,
12593,
12594,
3817,
10691,
12594,
10691,
16720,
16720,
10691,
2771,
16720,
2771,
10673,
12593,
16720,
10673,
12593,
10673,
3807,
3806,
10672,
16721,
3806,
16721,
12595,
10672,
2770,
10692,
10672,
10692,
16721,
16721,
10692,
3817,
16721,
3817,
12594,
12595,
16721,
12594,
12595,
12594,
4421,
4424,
12603,
16722,
4424,
16722,
12602,
12603,
4421,
12593,
12603,
12593,
16722,
16722,
12593,
3807,
16722,
3807,
10710,
12602,
16722,
10710,
12602,
10710,
3826,
3827,
10712,
16723,
3827,
16723,
12601,
10712,
3808,
12598,
10712,
12598,
16723,
16723,
12598,
4422,
16723,
4422,
12600,
12601,
16723,
12600,
12601,
12600,
4423,
4422,
12597,
16724,
4422,
16724,
12596,
12597,
3818,
10693,
12597,
10693,
16724,
16724,
10693,
2774,
16724,
2774,
10697,
12596,
16724,
10697,
12596,
10697,
3820,
3808,
10674,
16725,
3808,
16725,
12598,
10674,
2772,
10694,
10674,
10694,
16725,
16725,
10694,
3818,
16725,
3818,
12597,
12598,
16725,
12597,
12598,
12597,
4422,
4460,
12719,
16726,
4460,
16726,
12718,
12719,
4243,
11878,
12719,
11878,
16726,
16726,
11878,
3495,
16726,
3495,
10738,
12718,
16726,
10738,
12718,
10738,
3855,
3862,
10752,
16727,
3862,
16727,
12716,
10752,
3831,
12626,
10752,
12626,
16727,
16727,
12626,
4431,
16727,
4431,
12715,
12716,
16727,
12715,
12716,
12715,
4459,
2621,
10042,
16728,
2621,
16728,
9995,
10042,
3494,
12629,
10042,
12629,
16728,
16728,
12629,
4432,
16728,
4432,
12627,
9995,
16728,
12627,
9995,
12627,
3470,
3470,
12627,
16729,
3470,
16729,
9994,
12627,
4432,
12628,
12627,
12628,
16729,
16729,
12628,
3829,
16729,
3829,
10714,
9994,
16729,
10714,
9994,
10714,
2636,
4432,
12629,
16730,
4432,
16730,
12717,
12629,
3494,
10713,
12629,
10713,
16730,
16730,
10713,
3828,
16730,
3828,
12720,
12717,
16730,
12720,
12717,
12720,
4460,
4433,
12631,
16731,
4433,
16731,
12630,
12631,
4242,
11875,
12631,
11875,
16731,
16731,
11875,
3836,
16731,
3836,
10745,
12630,
16731,
10745,
12630,
10745,
3859,
4459,
12715,
16732,
4459,
16732,
12714,
12715,
4431,
12624,
12715,
12624,
16732,
16732,
12624,
3855,
16732,
3855,
10738,
12714,
16732,
10738,
12714,
10738,
3495,
3863,
10754,
16733,
3863,
16733,
12712,
10754,
3834,
12632,
10754,
12632,
16733,
16733,
12632,
4433,
16733,
4433,
12711,
12712,
16733,
12711,
12712,
12711,
4458,
4458,
12711,
16734,
4458,
16734,
12710,
12711,
4433,
12630,
12711,
12630,
16734,
16734,
12630,
3859,
16734,
3859,
10746,
12710,
16734,
10746,
12710,
10746,
3510,
3510,
10746,
16735,
3510,
16735,
12708,
10746,
3859,
12635,
10746,
12635,
16735,
16735,
12635,
4434,
16735,
4434,
12707,
12708,
16735,
12707,
12708,
12707,
4457,
4457,
12707,
16736,
4457,
16736,
12706,
12707,
4434,
12633,
12707,
12633,
16736,
16736,
12633,
3856,
16736,
3856,
10741,
12706,
16736,
10741,
12706,
10741,
3501,
3861,
10750,
16737,
3861,
16737,
12704,
10750,
3830,
12638,
10750,
12638,
16737,
16737,
12638,
4435,
16737,
4435,
12703,
12704,
16737,
12703,
12704,
12703,
4456,
4456,
12703,
16738,
4456,
16738,
12702,
12703,
4435,
12636,
12703,
12636,
16738,
16738,
12636,
3858,
16738,
3858,
10744,
12702,
16738,
10744,
12702,
10744,
3507,
3860,
10748,
16739,
3860,
16739,
12700,
10748,
3828,
12641,
10748,
12641,
16739,
16739,
12641,
4436,
16739,
4436,
12699,
12700,
16739,
12699,
12700,
12699,
4455,
2623,
10051,
16740,
2623,
16740,
10013,
10051,
3500,
12644,
10051,
12644,
16740,
16740,
12644,
4437,
16740,
4437,
12642,
10013,
16740,
12642,
10013,
12642,
3479,
3479,
12642,
16741,
3479,
16741,
10012,
12642,
4437,
12643,
12642,
12643,
16741,
16741,
12643,
3833,
16741,
3833,
10718,
10012,
16741,
10718,
10012,
10718,
2632,
4437,
12644,
16742,
4437,
16742,
12721,
12644,
3500,
10716,
12644,
10716,
16742,
16742,
10716,
3831,
16742,
3831,
12724,
12721,
16742,
12724,
12721,
12724,
4461,
3835,
12646,
16743,
3835,
16743,
10743,
12646,
4438,
12725,
12646,
12725,
16743,
16743,
12725,
4462,
16743,
4462,
12726,
10743,
16743,
12726,
10743,
12726,
3858,
2637,
10060,
16744,
2637,
16744,
10007,
10060,
3506,
12647,
10060,
12647,
16744,
16744,
12647,
4438,
16744,
4438,
12645,
10007,
16744,
12645,
10007,
12645,
3476,
3476,
12645,
16745,
3476,
16745,
10006,
12645,
4438,
12646,
12645,
12646,
16745,
16745,
12646,
3835,
16745,
3835,
10720,
10006,
16745,
10720,
10006,
10720,
2626,
4438,
12647,
16746,
4438,
16746,
12725,
12647,
3506,
10719,
12647,
10719,
16746,
16746,
10719,
3834,
16746,
3834,
12728,
12725,
16746,
12728,
12725,
12728,
4462,
4447,
12671,
16747,
4447,
16747,
12670,
12671,
4446,
12667,
12671,
12667,
16747,
16747,
12667,
3837,
16747,
3837,
10732,
12670,
16747,
10732,
12670,
10732,
3851,
4455,
12699,
16748,
4455,
16748,
12698,
12699,
4436,
12639,
12699,
12639,
16748,
16748,
12639,
3830,
16748,
3830,
10750,
12698,
16748,
10750,
12698,
10750,
3861,
3853,
10735,
16749,
3853,
16749,
12696,
10735,
3839,
12649,
10735,
12649,
16749,
16749,
12649,
4439,
16749,
4439,
12695,
12696,
16749,
12695,
12696,
12695,
4454,
4439,
12649,
16750,
4439,
16750,
12971,
12649,
3839,
11077,
12649,
11077,
16750,
16750,
11077,
4032,
16750,
4032,
12974,
12971,
16750,
12974,
12971,
12974,
4523,
4440,
12651,
16751,
4440,
16751,
12650,
12651,
4142,
11500,
12651,
11500,
16751,
16751,
11500,
3844,
16751,
3844,
10728,
12650,
16751,
10728,
12650,
10728,
3849,
4454,
12695,
16752,
4454,
16752,
12694,
12695,
4439,
12648,
12695,
12648,
16752,
16752,
12648,
3850,
16752,
3850,
10731,
12694,
16752,
10731,
12694,
10731,
3336,
3854,
10736,
16753,
3854,
16753,
12692,
10736,
3840,
12652,
10736,
12652,
16753,
16753,
12652,
4440,
16753,
4440,
12691,
12692,
16753,
12691,
12692,
12691,
4453,
4453,
12691,
16754,
4453,
16754,
12690,
12691,
4440,
12650,
12691,
12650,
16754,
16754,
12650,
3849,
16754,
3849,
10729,
12690,
16754,
10729,
12690,
10729,
3335,
3336,
10731,
16755,
3336,
16755,
12689,
10731,
3850,
12655,
10731,
12655,
16755,
16755,
12655,
4441,
16755,
4441,
12688,
12689,
16755,
12688,
12689,
12688,
4452,
4452,
12688,
16756,
4452,
16756,
12687,
12688,
4441,
12653,
12688,
12653,
16756,
16756,
12653,
3840,
16756,
3840,
10736,
12687,
16756,
10736,
12687,
10736,
3854,
3852,
10734,
16757,
3852,
16757,
12686,
10734,
3838,
12658,
10734,
12658,
16757,
16757,
12658,
4442,
16757,
4442,
12685,
12686,
16757,
12685,
12686,
12685,
4451,
4451,
12685,
16758,
4451,
16758,
12684,
12685,
4442,
12656,
12685,
12656,
16758,
16758,
12656,
3839,
16758,
3839,
10735,
12684,
16758,
10735,
12684,
10735,
3853,
3335,
10729,
16759,
3335,
16759,
12683,
10729,
3849,
12660,
10729,
12660,
16759,
16759,
12660,
4443,
16759,
4443,
12682,
12683,
16759,
12682,
12683,
12682,
4450,
4479,
12794,
16760,
4479,
16760,
12793,
12794,
4443,
12660,
12794,
12660,
16760,
16760,
12660,
3849,
16760,
3849,
10728,
12793,
16760,
10728,
12793,
10728,
3844,
4444,
12662,
16761,
4444,
16761,
12661,
12662,
4146,
11510,
12662,
11510,
16761,
16761,
11510,
3843,
16761,
3843,
10725,
12661,
16761,
10725,
12661,
10725,
3848,
4450,
12682,
16762,
4450,
16762,
12681,
12682,
4443,
12659,
12682,
12659,
16762,
16762,
12659,
3846,
16762,
3846,
10723,
12681,
16762,
10723,
12681,
10723,
3332,
3851,
10732,
16763,
3851,
16763,
12679,
10732,
3837,
12663,
10732,
12663,
16763,
16763,
12663,
4444,
16763,
4444,
12678,
12679,
16763,
12678,
12679,
12678,
4449,
4449,
12678,
16764,
4449,
16764,
12677,
12678,
4444,
12661,
12678,
12661,
16764,
16764,
12661,
3848,
16764,
3848,
10727,
12677,
16764,
10727,
12677,
10727,
3334,
3333,
10726,
16765,
3333,
16765,
12675,
10726,
3847,
12666,
10726,
12666,
16765,
16765,
12666,
4445,
16765,
4445,
12674,
12675,
16765,
12674,
12675,
12674,
4448,
4448,
12674,
16766,
4448,
16766,
12673,
12674,
4445,
12664,
12674,
12664,
16766,
16766,
12664,
3838,
16766,
3838,
10734,
12673,
16766,
10734,
12673,
10734,
3852,
3332,
10723,
16767,
3332,
16767,
12672,
10723,
3846,
12669,
10723,
12669,
16767,
16767,
12669,
4446,
16767,
4446,
12671,
12672,
16767,
12671,
12672,
12671,
4447,
4431,
12625,
16768,
4431,
16768,
12624,
12625,
4367,
12348,
12625,
12348,
16768,
16768,
12348,
3829,
16768,
3829,
10737,
12624,
16768,
10737,
12624,
10737,
3855,
3332,
12672,
16769,
3332,
16769,
10043,
12672,
4447,
12713,
12672,
12713,
16769,
16769,
12713,
4459,
16769,
4459,
12714,
10043,
16769,
12714,
10043,
12714,
3495,
4447,
12670,
16770,
4447,
16770,
12713,
12670,
3851,
10751,
12670,
10751,
16770,
16770,
10751,
3862,
16770,
3862,
12716,
12713,
16770,
12716,
12713,
12716,
4459,
3333,
12675,
16771,
3333,
16771,
10052,
12675,
4448,
12705,
12675,
12705,
16771,
16771,
12705,
4457,
16771,
4457,
12706,
10052,
16771,
12706,
10052,
12706,
3501,
3332,
10043,
16772,
3332,
16772,
12681,
10043,
3495,
11878,
10043,
11878,
16772,
16772,
11878,
4243,
16772,
4243,
12680,
12681,
16772,
12680,
12681,
12680,
4450,
3510,
10733,
16773,
3510,
16773,
12710,
10733,
3852,
12686,
10733,
12686,
16773,
16773,
12686,
4451,
16773,
4451,
12709,
12710,
16773,
12709,
12710,
12709,
4458,
4451,
12684,
16774,
4451,
16774,
12709,
12684,
3853,
10753,
12684,
10753,
16774,
16774,
10753,
3863,
16774,
3863,
12712,
12709,
16774,
12712,
12709,
12712,
4458,
3336,
12689,
16775,
3336,
16775,
10061,
12689,
4452,
12701,
12689,
12701,
16775,
16775,
12701,
4456,
16775,
4456,
12702,
10061,
16775,
12702,
10061,
12702,
3507,
4452,
12687,
16776,
4452,
16776,
12701,
12687,
3854,
10749,
12687,
10749,
16776,
16776,
10749,
3861,
16776,
3861,
12704,
12701,
16776,
12704,
12701,
12704,
4456,
3854,
12692,
16777,
3854,
16777,
10749,
12692,
4453,
12697,
12692,
12697,
16777,
16777,
12697,
4455,
16777,
4455,
12698,
10749,
16777,
12698,
10749,
12698,
3861,
2452,
10765,
16778,
2452,
16778,
9510,
10765,
3871,
12732,
10765,
12732,
16778,
16778,
12732,
4463,
16778,
4463,
12729,
9510,
16778,
12729,
9510,
12729,
3211,
3211,
12729,
16779,
3211,
16779,
9511,
12729,
4463,
12730,
12729,
12730,
16779,
16779,
12730,
3208,
16779,
3208,
9505,
9511,
16779,
9505,
9511,
9505,
2444,
4463,
12731,
16780,
4463,
16780,
12730,
12731,
3873,
10769,
12731,
10769,
16780,
16780,
10769,
2776,
16780,
2776,
9504,
12730,
16780,
9504,
12730,
9504,
3208,
3871,
10766,
16781,
3871,
16781,
12732,
10766,
2780,
10770,
10766,
10770,
16781,
16781,
10770,
3873,
16781,
3873,
12731,
12732,
16781,
12731,
12732,
12731,
4463,
2451,
10767,
16782,
2451,
16782,
9508,
10767,
3872,
12736,
10767,
12736,
16782,
16782,
12736,
4464,
16782,
4464,
12733,
9508,
16782,
12733,
9508,
12733,
3210,
3210,
12733,
16783,
3210,
16783,
9509,
12733,
4464,
12734,
12733,
12734,
16783,
16783,
12734,
3639,
16783,
3639,
10319,
9509,
16783,
10319,
9509,
10319,
2446,
4464,
12735,
16784,
4464,
16784,
12734,
12735,
3874,
10771,
12735,
10771,
16784,
16784,
10771,
2779,
16784,
2779,
10318,
12734,
16784,
10318,
12734,
10318,
3639,
3872,
10768,
16785,
3872,
16785,
12736,
10768,
2781,
10772,
10768,
10772,
16785,
16785,
10772,
3874,
16785,
3874,
12735,
12736,
16785,
12735,
12736,
12735,
4464,
2444,
9505,
16786,
2444,
16786,
9506,
9505,
3208,
12740,
9505,
12740,
16786,
16786,
12740,
4465,
16786,
4465,
12737,
9506,
16786,
12737,
9506,
12737,
3209,
3209,
12737,
16787,
3209,
16787,
9507,
12737,
4465,
12738,
12737,
12738,
16787,
16787,
12738,
3633,
16787,
3633,
10307,
9507,
16787,
10307,
9507,
10307,
2450,
4465,
12739,
16788,
4465,
16788,
12738,
12739,
3875,
10773,
12739,
10773,
16788,
16788,
10773,
2777,
16788,
2777,
10306,
12738,
16788,
10306,
12738,
10306,
3633,
3208,
9504,
16789,
3208,
16789,
12740,
9504,
2776,
10774,
9504,
10774,
16789,
16789,
10774,
3875,
16789,
3875,
12739,
12740,
16789,
12739,
12740,
12739,
4465,
2445,
10761,
16790,
2445,
16790,
9502,
10761,
3869,
12744,
10761,
12744,
16790,
16790,
12744,
4466,
16790,
4466,
12741,
9502,
16790,
12741,
9502,
12741,
3207,
3207,
12741,
16791,
3207,
16791,
9503,
12741,
4466,
12742,
12741,
12742,
16791,
16791,
12742,
3872,
16791,
3872,
10767,
9503,
16791,
10767,
9503,
10767,
2451,
4466,
12743,
16792,
4466,
16792,
12742,
12743,
3876,
10775,
12743,
10775,
16792,
16792,
10775,
2781,
16792,
2781,
10768,
12742,
16792,
10768,
12742,
10768,
3872,
3869,
10762,
16793,
3869,
16793,
12744,
10762,
2778,
10776,
10762,
10776,
16793,
16793,
10776,
3876,
16793,
3876,
12743,
12744,
16793,
12743,
12744,
12743,
4466,
2863,
5205,
16794,
2863,
16794,
9496,
5205,
3203,
12748,
5205,
12748,
16794,
16794,
12748,
4467,
16794,
4467,
12745,
9496,
16794,
12745,
9496,
12745,
3204,
3204,
12745,
16795,
3204,
16795,
9497,
12745,
4467,
12746,
12745,
12746,
16795,
16795,
12746,
3200,
16795,
3200,
9491,
9497,
16795,
9491,
9497,
9491,
2449,
4467,
12747,
16796,
4467,
16796,
12746,
12747,
3877,
10777,
12747,
10777,
16796,
16796,
10777,
2775,
16796,
2775,
9490,
12746,
16796,
9490,
12746,
9490,
3200,
3203,
5204,
16797,
3203,
16797,
12748,
5204,
2883,
10778,
5204,
10778,
16797,
16797,
10778,
3877,
16797,
3877,
12747,
12748,
16797,
12747,
12748,
12747,
4467,
2446,
10319,
16798,
2446,
16798,
9494,
10319,
3639,
12752,
10319,
12752,
16798,
16798,
12752,
4468,
16798,
4468,
12749,
9494,
16798,
12749,
9494,
12749,
3202,
3202,
12749,
16799,
3202,
16799,
9495,
12749,
4468,
12750,
12749,
12750,
16799,
16799,
12750,
3871,
16799,
3871,
10765,
9495,
16799,
10765,
9495,
10765,
2452,
4468,
12751,
16800,
4468,
16800,
12750,
12751,
3878,
10779,
12751,
10779,
16800,
16800,
10779,
2780,
16800,
2780,
10766,
12750,
16800,
10766,
12750,
10766,
3871,
3639,
10318,
16801,
3639,
16801,
12752,
10318,
2779,
10780,
10318,
10780,
16801,
16801,
10780,
3878,
16801,
3878,
12751,
12752,
16801,
12751,
12752,
12751,
4468,
2449,
9491,
16802,
2449,
16802,
9492,
9491,
3200,
12756,
9491,
12756,
16802,
16802,
12756,
4469,
16802,
4469,
12753,
9492,
16802,
12753,
9492,
12753,
3201,
3201,
12753,
16803,
3201,
16803,
9493,
12753,
4469,
12754,
12753,
12754,
16803,
16803,
12754,
3869,
16803,
3869,
10761,
9493,
16803,
10761,
9493,
10761,
2445,
4469,
12755,
16804,
4469,
16804,
12754,
12755,
3879,
10781,
12755,
10781,
16804,
16804,
10781,
2778,
16804,
2778,
10762,
12754,
16804,
10762,
12754,
10762,
3869,
3200,
9490,
16805,
3200,
16805,
12756,
9490,
2775,
10782,
9490,
10782,
16805,
16805,
10782,
3879,
16805,
3879,
12755,
12756,
16805,
12755,
12756,
12755,
4469,
2450,
10307,
16806,
2450,
16806,
9488,
10307,
3633,
12760,
10307,
12760,
16806,
16806,
12760,
4470,
16806,
4470,
12757,
9488,
16806,
12757,
9488,
12757,
3198,
3198,
12757,
16807,
3198,
16807,
9489,
12757,
4470,
12758,
12757,
12758,
16807,
16807,
12758,
3864,
16807,
3864,
6491,
9489,
16807,
6491,
9489,
6491,
2868,
4470,
12759,
16808,
4470,
16808,
12758,
12759,
3880,
10783,
12759,
10783,
16808,
16808,
10783,
2882,
16808,
2882,
6492,
12758,
16808,
6492,
12758,
6492,
3864,
3633,
10306,
16809,
3633,
16809,
12760,
10306,
2777,
10784,
10306,
10784,
16809,
16809,
10784,
3880,
16809,
3880,
12759,
12760,
16809,
12759,
12760,
12759,
4470,
2780,
10787,
16810,
2780,
16810,
10770,
10787,
3883,
12764,
10787,
12764,
16810,
16810,
12764,
4471,
16810,
4471,
12761,
10770,
16810,
12761,
10770,
12761,
3873,
3873,
12761,
16811,
3873,
16811,
10769,
12761,
4471,
12762,
12761,
12762,
16811,
16811,
12762,
3867,
16811,
3867,
10758,
10769,
16811,
10758,
10769,
10758,
2776,
4471,
12763,
16812,
4471,
16812,
12762,
12763,
3890,
10799,
12763,
10799,
16812,
16812,
10799,
2786,
16812,
2786,
10757,
12762,
16812,
10757,
12762,
10757,
3867,
3883,
10788,
16813,
3883,
16813,
12764,
10788,
2783,
10800,
10788,
10800,
16813,
16813,
10800,
3890,
16813,
3890,
12763,
12764,
16813,
12763,
12764,
12763,
4471,
2781,
10789,
16814,
2781,
16814,
10772,
10789,
3884,
12768,
10789,
12768,
16814,
16814,
12768,
4472,
16814,
4472,
12765,
10772,
16814,
12765,
10772,
12765,
3874,
3874,
12765,
16815,
3874,
16815,
10771,
12765,
4472,
12766,
12765,
12766,
16815,
16815,
12766,
3870,
16815,
3870,
10764,
10771,
16815,
10764,
10771,
10764,
2779,
4472,
12767,
16816,
4472,
16816,
12766,
12767,
3891,
10801,
12767,
10801,
16816,
16816,
10801,
2788,
16816,
2788,
10763,
12766,
16816,
10763,
12766,
10763,
3870,
3884,
10790,
16817,
3884,
16817,
12768,
10790,
2784,
10802,
10790,
10802,
16817,
16817,
10802,
3891,
16817,
3891,
12767,
12768,
16817,
12767,
12768,
12767,
4472,
2776,
10758,
16818,
2776,
16818,
10774,
10758,
3867,
12772,
10758,
12772,
16818,
16818,
12772,
4473,
16818,
4473,
12769,
10774,
16818,
12769,
10774,
12769,
3875,
3875,
12769,
16819,
3875,
16819,
10773,
12769,
4473,
12770,
12769,
12770,
16819,
16819,
12770,
3868,
16819,
3868,
10760,
10773,
16819,
10760,
10773,
10760,
2777,
4473,
12771,
16820,
4473,
16820,
12770,
12771,
3892,
10803,
12771,
10803,
16820,
16820,
10803,
2787,
16820,
2787,
10759,
12770,
16820,
10759,
12770,
10759,
3868,
3867,
10757,
16821,
3867,
16821,
12772,
10757,
2786,
10804,
10757,
10804,
16821,
16821,
10804,
3892,
16821,
3892,
12771,
12772,
16821,
12771,
12772,
12771,
4473,
2778,
10785,
16822,
2778,
16822,
10776,
10785,
3882,
12776,
10785,
12776,
16822,
16822,
12776,
4474,
16822,
4474,
12773,
10776,
16822,
12773,
10776,
12773,
3876,
3876,
12773,
16823,
3876,
16823,
10775,
12773,
4474,
12774,
12773,
12774,
16823,
16823,
12774,
3884,
16823,
3884,
10789,
10775,
16823,
10789,
10775,
10789,
2781,
4474,
12775,
16824,
4474,
16824,
12774,
12775,
3893,
10805,
12775,
10805,
16824,
16824,
10805,
2784,
16824,
2784,
10790,
12774,
16824,
10790,
12774,
10790,
3884,
3882,
10786,
16825,
3882,
16825,
12776,
10786,
2782,
10806,
10786,
10806,
16825,
16825,
10806,
3893,
16825,
3893,
12775,
12776,
16825,
12775,
12776,
12775,
4474,
2883,
6496,
16826,
2883,
16826,
10778,
6496,
3866,
12780,
6496,
12780,
16826,
16826,
12780,
4475,
16826,
4475,
12777,
10778,
16826,
12777,
10778,
12777,
3877,
3877,
12777,
16827,
3877,
16827,
10777,
12777,
4475,
12778,
12777,
12778,
16827,
16827,
12778,
3865,
16827,
3865,
10756,
10777,
16827,
10756,
10777,
10756,
2775,
4475,
12779,
16828,
4475,
16828,
12778,
12779,
3894,
10807,
12779,
10807,
16828,
16828,
10807,
2785,
16828,
2785,
10755,
12778,
16828,
10755,
12778,
10755,
3865,
3866,
6495,
16829,
3866,
16829,
12780,
6495,
2885,
10808,
6495,
10808,
16829,
16829,
10808,
3894,
16829,
3894,
12779,
12780,
16829,
12779,
12780,
12779,
4475,
2779,
10764,
16830,
2779,
16830,
10780,
10764,
3870,
12784,
10764,
12784,
16830,
16830,
12784,
4476,
16830,
4476,
12781,
10780,
16830,
12781,
10780,
12781,
3878,
3878,
12781,
16831,
3878,
16831,
10779,
12781,
4476,
12782,
12781,
12782,
16831,
16831,
12782,
3883,
16831,
3883,
10787,
10779,
16831,
10787,
10779,
10787,
2780,
4476,
12783,
16832,
4476,
16832,
12782,
12783,
3895,
10809,
12783,
10809,
16832,
16832,
10809,
2783,
16832,
2783,
10788,
12782,
16832,
10788,
12782,
10788,
3883,
3870,
10763,
16833,
3870,
16833,
12784,
10763,
2788,
10810,
10763,
10810,
16833,
16833,
10810,
3895,
16833,
3895,
12783,
12784,
16833,
12783,
12784,
12783,
4476,
2775,
10756,
16834,
2775,
16834,
10782,
10756,
3865,
12788,
10756,
12788,
16834,
16834,
12788,
4477,
16834,
4477,
12785,
10782,
16834,
12785,
10782,
12785,
3879,
3879,
12785,
16835,
3879,
16835,
10781,
12785,
4477,
12786,
12785,
12786,
16835,
16835,
12786,
3882,
16835,
3882,
10785,
10781,
16835,
10785,
10781,
10785,
2778,
4477,
12787,
16836,
4477,
16836,
12786,
12787,
3896,
10811,
12787,
10811,
16836,
16836,
10811,
2782,
16836,
2782,
10786,
12786,
16836,
10786,
12786,
10786,
3882,
3865,
10755,
16837,
3865,
16837,
12788,
10755,
2785,
10812,
10755,
10812,
16837,
16837,
10812,
3896,
16837,
3896,
12787,
12788,
16837,
12787,
12788,
12787,
4477,
2777,
10760,
16838,
2777,
16838,
10784,
10760,
3868,
12792,
10760,
12792,
16838,
16838,
12792,
4478,
16838,
4478,
12789,
10784,
16838,
12789,
10784,
12789,
3880,
3880,
12789,
16839,
3880,
16839,
10783,
12789,
4478,
12790,
12789,
12790,
16839,
16839,
12790,
3881,
16839,
3881,
6525,
10783,
16839,
6525,
10783,
6525,
2882,
4478,
12791,
16840,
4478,
16840,
12790,
12791,
3897,
10813,
12791,
10813,
16840,
16840,
10813,
2884,
16840,
2884,
6526,
12790,
16840,
6526,
12790,
6526,
3881,
3868,
10759,
16841,
3868,
16841,
12792,
10759,
2787,
10814,
10759,
10814,
16841,
16841,
10814,
3897,
16841,
3897,
12791,
12792,
16841,
12791,
12792,
12791,
4478,
4525,
12981,
16842,
4525,
16842,
12980,
12981,
4146,
11509,
12981,
11509,
16842,
16842,
11509,
4030,
16842,
4030,
11074,
12980,
16842,
11074,
12980,
11074,
4008,
4025,
11064,
16843,
4025,
16843,
12978,
11064,
3841,
12795,
11064,
12795,
16843,
16843,
12795,
4479,
16843,
4479,
12977,
12978,
16843,
12977,
12978,
12977,
4524,
2701,
9678,
16844,
2701,
16844,
10407,
9678,
3302,
12799,
9678,
12799,
16844,
16844,
12799,
4480,
16844,
4480,
12796,
10407,
16844,
12796,
10407,
12796,
3688,
3688,
12796,
16845,
3688,
16845,
10406,
12796,
4480,
12797,
12796,
12797,
16845,
16845,
12797,
3309,
16845,
3309,
9689,
10406,
16845,
9689,
10406,
9689,
2495,
4480,
12798,
16846,
4480,
16846,
12797,
12798,
3296,
9666,
12798,
9666,
16846,
16846,
9666,
2503,
16846,
2503,
9691,
12797,
16846,
9691,
12797,
9691,
3309,
3302,
9679,
16847,
3302,
16847,
12799,
9679,
2497,
9667,
9679,
9667,
16847,
16847,
9667,
3296,
16847,
3296,
12798,
12799,
16847,
12798,
12799,
12798,
4480,
2389,
9337,
16848,
2389,
16848,
9479,
9337,
3122,
12802,
9337,
12802,
16848,
16848,
12802,
4481,
16848,
4481,
12800,
9479,
16848,
12800,
9479,
12800,
3194,
2437,
9481,
16849,
2437,
16849,
10816,
9481,
3194,
12800,
9481,
12800,
16849,
16849,
12800,
4481,
16849,
4481,
12801,
10816,
16849,
12801,
10816,
12801,
3899,
2790,
10818,
16850,
2790,
16850,
9336,
10818,
3899,
12801,
10818,
12801,
16850,
16850,
12801,
4481,
16850,
4481,
12802,
9336,
16850,
12802,
9336,
12802,
3122,
2791,
10823,
16851,
2791,
16851,
10822,
10823,
3902,
12805,
10823,
12805,
16851,
16851,
12805,
4482,
16851,
4482,
12803,
10822,
16851,
12803,
10822,
12803,
3901,
2497,
10821,
16852,
2497,
16852,
10819,
10821,
3901,
12803,
10821,
12803,
16852,
16852,
12803,
4482,
16852,
4482,
12804,
10819,
16852,
12804,
10819,
12804,
3900,
2790,
10820,
16853,
2790,
16853,
10825,
10820,
3900,
12804,
10820,
12804,
16853,
16853,
12804,
4482,
16853,
4482,
12805,
10825,
16853,
12805,
10825,
12805,
3902,
2392,
9334,
16854,
2392,
16854,
9683,
9334,
3121,
12809,
9334,
12809,
16854,
16854,
12809,
4483,
16854,
4483,
12806,
9683,
16854,
12806,
9683,
12806,
3305,
3305,
12806,
16855,
3305,
16855,
9684,
12806,
4483,
12807,
12806,
12807,
16855,
16855,
12807,
3904,
16855,
3904,
10827,
9684,
16855,
10827,
9684,
10827,
2496,
4483,
12808,
16856,
4483,
16856,
12807,
12808,
3304,
9681,
12808,
9681,
16856,
16856,
9681,
2791,
16856,
2791,
10828,
12807,
16856,
10828,
12807,
10828,
3904,
3121,
9335,
16857,
3121,
16857,
12809,
9335,
2391,
9682,
9335,
9682,
16857,
16857,
9682,
3304,
16857,
3304,
12808,
12809,
16857,
12808,
12809,
12808,
4483,
2789,
10826,
16858,
2789,
16858,
10817,
10826,
3903,
12812,
10826,
12812,
16858,
16858,
12812,
4484,
16858,
4484,
12810,
10817,
16858,
12810,
10817,
12810,
3898,
2437,
10815,
16859,
2437,
16859,
10830,
10815,
3898,
12810,
10815,
12810,
16859,
16859,
12810,
4484,
16859,
4484,
12811,
10830,
16859,
12811,
10830,
12811,
3906,
2792,
10832,
16860,
2792,
16860,
10824,
10832,
3906,
12811,
10832,
12811,
16860,
16860,
12811,
4484,
16860,
4484,
12812,
10824,
16860,
12812,
10824,
12812,
3903,
2437,
10829,
16861,
2437,
16861,
9474,
10829,
3905,
12816,
10829,
12816,
16861,
16861,
12816,
4485,
16861,
4485,
12813,
9474,
16861,
12813,
9474,
12813,
3191,
3191,
12813,
16862,
3191,
16862,
9475,
12813,
4485,
12814,
12813,
12814,
16862,
16862,
12814,
3192,
16862,
3192,
9476,
9475,
16862,
9476,
9475,
9476,
2438,
4485,
12815,
16863,
4485,
16863,
12814,
12815,
3304,
9682,
12815,
9682,
16863,
16863,
9682,
2391,
16863,
2391,
9477,
12814,
16863,
9477,
12814,
9477,
3192,
3905,
10831,
16864,
3905,
16864,
12816,
10831,
2791,
9681,
10831,
9681,
16864,
16864,
9681,
3304,
16864,
3304,
12815,
12816,
16864,
12815,
12816,
12815,
4485,
2372,
9344,
16865,
2372,
16865,
9310,
9344,
3126,
12819,
9344,
12819,
16865,
16865,
12819,
4486,
16865,
4486,
12817,
9310,
16865,
12817,
9310,
12817,
3108,
2386,
9308,
16866,
2386,
16866,
10833,
9308,
3108,
12817,
9308,
12817,
16866,
16866,
12817,
4486,
16866,
4486,
12818,
10833,
16866,
12818,
10833,
12818,
3907,
2391,
10834,
16867,
2391,
16867,
9345,
10834,
3907,
12818,
10834,
12818,
16867,
16867,
12818,
4486,
16867,
4486,
12819,
9345,
16867,
12819,
9345,
12819,
3126,
2391,
10412,
16868,
2391,
16868,
9477,
10412,
3691,
12822,
10412,
12822,
16868,
16868,
12822,
4487,
16868,
4487,
12820,
9477,
16868,
12820,
9477,
12820,
3192,
2438,
9476,
16869,
2438,
16869,
10835,
9476,
3192,
12820,
9476,
12820,
16869,
16869,
12820,
4487,
16869,
4487,
12821,
10835,
16869,
12821,
10835,
12821,
3908,
2705,
10836,
16870,
2705,
16870,
10413,
10836,
3908,
12821,
10836,
12821,
16870,
16870,
12821,
4487,
16870,
4487,
12822,
10413,
16870,
12822,
10413,
12822,
3691,
2438,
10835,
16871,
2438,
16871,
9468,
10835,
3908,
12825,
10835,
12825,
16871,
16871,
12825,
4488,
16871,
4488,
12823,
9468,
16871,
12823,
9468,
12823,
3188,
2440,
9469,
16872,
2440,
16872,
10837,
9469,
3188,
12823,
9469,
12823,
16872,
16872,
12823,
4488,
16872,
4488,
12824,
10837,
16872,
12824,
10837,
12824,
3909,
2705,
10838,
16873,
2705,
16873,
10836,
10838,
3909,
12824,
10838,
12824,
16873,
16873,
12824,
4488,
16873,
4488,
12825,
10836,
16873,
12825,
10836,
12825,
3908,
2415,
9460,
16874,
2415,
16874,
9393,
9460,
3184,
12828,
9460,
12828,
16874,
16874,
12828,
4489,
16874,
4489,
12826,
9393,
16874,
12826,
9393,
12826,
3150,
2414,
9392,
16875,
2414,
16875,
10839,
9392,
3150,
12826,
9392,
12826,
16875,
16875,
12826,
4489,
16875,
4489,
12827,
10839,
16875,
12827,
10839,
12827,
3910,
2430,
10840,
16876,
2430,
16876,
9461,
10840,
3910,
12827,
10840,
12827,
16876,
16876,
12827,
4489,
16876,
4489,
12828,
9461,
16876,
12828,
9461,
12828,
3184,
2428,
9443,
16877,
2428,
16877,
9462,
9443,
3175,
12831,
9443,
12831,
16877,
16877,
12831,
4490,
16877,
4490,
12829,
9462,
16877,
12829,
9462,
12829,
3185,
2413,
9464,
16878,
2413,
16878,
10841,
9464,
3185,
12829,
9464,
12829,
16878,
16878,
12829,
4490,
16878,
4490,
12830,
10841,
16878,
12830,
10841,
12830,
3911,
2431,
10842,
16879,
2431,
16879,
9442,
10842,
3911,
12830,
10842,
12830,
16879,
16879,
12830,
4490,
16879,
4490,
12831,
9442,
16879,
12831,
9442,
12831,
3175,
2424,
9416,
16880,
2424,
16880,
9433,
9416,
3162,
12834,
9416,
12834,
16880,
16880,
12834,
4491,
16880,
4491,
12832,
9433,
16880,
12832,
9433,
12832,
3170,
2417,
9431,
16881,
2417,
16881,
10843,
9431,
3170,
12832,
9431,
12832,
16881,
16881,
12832,
4491,
16881,
4491,
12833,
10843,
16881,
12833,
10843,
12833,
3912,
2420,
10844,
16882,
2420,
16882,
9417,
10844,
3912,
12833,
10844,
12833,
16882,
16882,
12833,
4491,
16882,
4491,
12834,
9417,
16882,
12834,
9417,
12834,
3162,
2412,
9435,
16883,
2412,
16883,
9398,
9435,
3171,
12837,
9435,
12837,
16883,
16883,
12837,
4492,
16883,
4492,
12835,
9398,
16883,
12835,
9398,
12835,
3153,
2416,
9399,
16884,
2416,
16884,
10845,
9399,
3153,
12835,
9399,
12835,
16884,
16884,
12835,
4492,
16884,
4492,
12836,
10845,
16884,
12836,
10845,
12836,
3913,
2422,
10846,
16885,
2422,
16885,
9434,
10846,
3913,
12836,
10846,
12836,
16885,
16885,
12836,
4492,
16885,
4492,
12837,
9434,
16885,
12837,
9434,
12837,
3171,
2418,
9457,
16886,
2418,
16886,
10409,
9457,
3182,
12840,
9457,
12840,
16886,
16886,
12840,
4493,
16886,
4493,
12838,
10409,
16886,
12838,
10409,
12838,
3689,
2694,
10408,
16887,
2694,
16887,
10851,
10408,
3689,
12838,
10408,
12838,
16887,
16887,
12838,
4493,
16887,
4493,
12839,
10851,
16887,
12839,
10851,
12839,
3916,
2431,
10852,
16888,
2431,
16888,
9456,
10852,
3916,
12839,
10852,
12839,
16888,
16888,
12839,
4493,
16888,
4493,
12840,
9456,
16888,
12840,
9456,
12840,
3182,
2386,
9343,
16889,
2386,
16889,
9330,
9343,
3125,
12843,
9343,
12843,
16889,
16889,
12843,
4494,
16889,
4494,
12841,
9330,
16889,
12841,
9330,
12841,
3118,
2374,
9328,
16890,
2374,
16890,
10392,
9328,
3118,
12841,
9328,
12841,
16890,
16890,
12841,
4494,
16890,
4494,
12842,
10392,
16890,
12842,
10392,
12842,
3681,
2392,
10393,
16891,
2392,
16891,
9342,
10393,
3681,
12842,
10393,
12842,
16891,
16891,
12842,
4494,
16891,
4494,
12843,
9342,
16891,
12843,
9342,
12843,
3125,
2440,
10863,
16892,
2440,
16892,
9469,
10863,
3922,
12847,
10863,
12847,
16892,
16892,
12847,
4495,
16892,
4495,
12844,
9469,
16892,
12844,
9469,
12844,
3188,
3188,
12844,
16893,
3188,
16893,
9468,
12844,
4495,
12845,
12844,
12845,
16893,
16893,
12845,
3468,
16893,
3468,
9991,
9468,
16893,
9991,
9468,
9991,
2438,
4495,
12846,
16894,
4495,
16894,
12845,
12846,
3924,
10867,
12846,
10867,
16894,
16894,
10867,
2797,
16894,
2797,
9990,
12845,
16894,
9990,
12845,
9990,
3468,
3922,
10864,
16895,
3922,
16895,
12847,
10864,
2796,
10868,
10864,
10868,
16895,
16895,
10868,
3924,
16895,
3924,
12846,
12847,
16895,
12846,
12847,
12846,
4495,
2438,
9991,
16896,
2438,
16896,
9475,
9991,
3468,
12851,
9991,
12851,
16896,
16896,
12851,
4496,
16896,
4496,
12848,
9475,
16896,
12848,
9475,
12848,
3191,
3191,
12848,
16897,
3191,
16897,
9474,
12848,
4496,
12849,
12848,
12849,
16897,
16897,
12849,
3920,
16897,
3920,
10858,
9474,
16897,
10858,
9474,
10858,
2437,
4496,
12850,
16898,
4496,
16898,
12849,
12850,
3925,
10869,
12850,
10869,
16898,
16898,
10869,
2794,
16898,
2794,
10860,
12849,
16898,
10860,
12849,
10860,
3920,
3468,
9990,
16899,
3468,
16899,
12851,
9990,
2797,
10870,
9990,
10870,
16899,
16899,
10870,
3925,
16899,
3925,
12850,
12851,
16899,
12850,
12851,
12850,
4496,
2439,
10861,
16900,
2439,
16900,
9471,
10861,
3921,
12855,
10861,
12855,
16900,
16900,
12855,
4497,
16900,
4497,
12852,
9471,
16900,
12852,
9471,
12852,
3189,
3189,
12852,
16901,
3189,
16901,
9470,
12852,
4497,
12853,
12852,
12853,
16901,
16901,
12853,
3922,
16901,
3922,
10863,
9470,
16901,
10863,
9470,
10863,
2440,
4497,
12854,
16902,
4497,
16902,
12853,
12854,
3926,
10871,
12854,
10871,
16902,
16902,
10871,
2796,
16902,
2796,
10864,
12853,
16902,
10864,
12853,
10864,
3922,
3921,
10862,
16903,
3921,
16903,
12855,
10862,
2795,
10872,
10862,
10872,
16903,
16903,
10872,
3926,
16903,
3926,
12854,
12855,
16903,
12854,
12855,
12854,
4497,
2436,
10857,
16904,
2436,
16904,
9473,
10857,
3919,
12859,
10857,
12859,
16904,
16904,
12859,
4498,
16904,
4498,
12856,
9473,
16904,
12856,
9473,
12856,
3190,
3190,
12856,
16905,
3190,
16905,
9472,
12856,
4498,
12857,
12856,
12857,
16905,
16905,
12857,
3921,
16905,
3921,
10861,
9472,
16905,
10861,
9472,
10861,
2439,
4498,
12858,
16906,
4498,
16906,
12857,
12858,
3927,
10873,
12858,
10873,
16906,
16906,
10873,
2795,
16906,
2795,
10862,
12857,
16906,
10862,
12857,
10862,
3921,
3919,
10859,
16907,
3919,
16907,
12859,
10859,
2793,
10874,
10859,
10874,
16907,
16907,
10874,
3927,
16907,
3927,
12858,
12859,
16907,
12858,
12859,
12858,
4498,
2890,
6636,
16908,
2890,
16908,
10896,
6636,
3936,
12863,
6636,
12863,
16908,
16908,
12863,
4499,
16908,
4499,
12860,
10896,
16908,
12860,
10896,
12860,
3939,
3939,
12860,
16909,
3939,
16909,
10895,
12860,
4499,
12861,
12860,
12861,
16909,
16909,
12861,
3933,
16909,
3933,
10885,
10895,
16909,
10885,
10895,
10885,
2809,
4499,
12862,
16910,
4499,
16910,
12861,
12862,
3935,
10890,
12862,
10890,
16910,
16910,
10890,
2807,
16910,
2807,
10886,
12861,
16910,
10886,
12861,
10886,
3933,
3936,
6635,
16911,
3936,
16911,
12863,
6635,
2889,
10889,
6635,
10889,
16911,
16911,
10889,
3935,
16911,
3935,
12862,
12863,
16911,
12862,
12863,
12862,
4499,
2809,
10885,
16912,
2809,
16912,
10894,
10885,
3933,
12867,
10885,
12867,
16912,
16912,
12867,
4500,
16912,
4500,
12864,
10894,
16912,
12864,
10894,
12864,
3938,
3938,
12864,
16913,
3938,
16913,
10893,
12864,
4500,
12865,
12864,
12865,
16913,
16913,
12865,
3937,
16913,
3937,
10892,
10893,
16913,
10892,
10893,
10892,
2810,
4500,
12866,
16914,
4500,
16914,
12865,
12866,
3934,
10888,
12866,
10888,
16914,
16914,
10888,
2808,
16914,
2808,
10891,
12865,
16914,
10891,
12865,
10891,
3937,
3933,
10886,
16915,
3933,
16915,
12867,
10886,
2807,
10887,
10886,
10887,
16915,
16915,
10887,
3934,
16915,
3934,
12866,
12867,
16915,
12866,
12867,
12866,
4500,
2800,
10875,
16916,
2800,
16916,
10884,
10875,
3928,
12871,
10875,
12871,
16916,
16916,
12871,
4501,
16916,
4501,
12868,
10884,
16916,
12868,
10884,
12868,
3932,
3932,
12868,
16917,
3932,
16917,
10881,
12868,
4501,
12869,
12868,
12869,
16917,
16917,
12869,
3929,
16917,
3929,
10878,
10881,
16917,
10878,
10881,
10878,
2805,
4501,
12870,
16918,
4501,
16918,
12869,
12870,
3938,
10893,
12870,
10893,
16918,
16918,
10893,
2810,
16918,
2810,
10877,
12869,
16918,
10877,
12869,
10877,
3929,
3928,
10876,
16919,
3928,
16919,
12871,
10876,
2809,
10894,
10876,
10894,
16919,
16919,
10894,
3938,
16919,
3938,
12870,
12871,
16919,
12870,
12871,
12870,
4501,
2873,
6710,
16920,
2873,
16920,
10929,
6710,
3973,
12875,
6710,
12875,
16920,
16920,
12875,
4502,
16920,
4502,
12872,
10929,
16920,
12872,
10929,
12872,
3958,
3958,
12872,
16921,
3958,
16921,
10927,
12872,
4502,
12873,
12872,
12873,
16921,
16921,
12873,
3928,
16921,
3928,
10875,
10927,
16921,
10875,
10927,
10875,
2800,
4502,
12874,
16922,
4502,
16922,
12873,
12874,
3939,
10895,
12874,
10895,
16922,
16922,
10895,
2809,
16922,
2809,
10876,
12873,
16922,
10876,
12873,
10876,
3928,
3973,
6709,
16923,
3973,
16923,
12875,
6709,
2890,
10896,
6709,
10896,
16923,
16923,
10896,
3939,
16923,
3939,
12874,
12875,
16923,
12874,
12875,
12874,
4502,
2814,
10904,
16924,
2814,
16924,
10908,
10904,
3945,
12879,
10904,
12879,
16924,
16924,
12879,
4503,
16924,
4503,
12876,
10908,
16924,
12876,
10908,
12876,
3947,
3947,
12876,
16925,
3947,
16925,
10907,
12876,
4503,
12877,
12876,
12877,
16925,
16925,
12877,
3943,
16925,
3943,
6649,
10907,
16925,
6649,
10907,
6649,
2892,
4503,
12878,
16926,
4503,
16926,
12877,
12878,
3941,
10900,
12878,
10900,
16926,
16926,
10900,
2891,
16926,
2891,
6650,
12877,
16926,
6650,
12877,
6650,
3943,
3945,
10903,
16927,
3945,
16927,
12879,
10903,
2812,
10899,
10903,
10899,
16927,
16927,
10899,
3941,
16927,
3941,
12878,
12879,
16927,
12878,
12879,
12878,
4503,
2813,
10901,
16928,
2813,
16928,
10906,
10901,
3942,
12883,
10901,
12883,
16928,
16928,
12883,
4504,
16928,
4504,
12880,
10906,
16928,
12880,
10906,
12880,
3946,
3946,
12880,
16929,
3946,
16929,
10905,
12880,
4504,
12881,
12880,
12881,
16929,
16929,
12881,
3945,
16929,
3945,
10904,
10905,
16929,
10904,
10905,
10904,
2814,
4504,
12882,
16930,
4504,
16930,
12881,
12882,
3940,
10898,
12882,
10898,
16930,
16930,
10898,
2812,
16930,
2812,
10903,
12881,
16930,
10903,
12881,
10903,
3945,
3942,
10902,
16931,
3942,
16931,
12883,
10902,
2811,
10897,
10902,
10897,
16931,
16931,
10897,
3940,
16931,
3940,
12882,
12883,
16931,
12882,
12883,
12882,
4504,
2803,
10909,
16932,
2803,
16932,
10947,
10909,
3948,
12887,
10909,
12887,
16932,
16932,
12887,
4505,
16932,
4505,
12884,
10947,
16932,
12884,
10947,
12884,
3970,
3970,
12884,
16933,
3970,
16933,
10950,
12884,
4505,
12885,
12884,
12885,
16933,
16933,
12885,
3974,
16933,
3974,
10956,
10950,
16933,
10956,
10950,
10956,
2687,
4505,
12886,
16934,
4505,
16934,
12885,
12886,
3946,
10905,
12886,
10905,
16934,
16934,
10905,
2814,
16934,
2814,
10955,
12885,
16934,
10955,
12885,
10955,
3974,
3948,
10910,
16935,
3948,
16935,
12887,
10910,
2813,
10906,
10910,
10906,
16935,
16935,
10906,
3946,
16935,
3946,
12886,
12887,
16935,
12886,
12887,
12886,
4505,
2687,
10956,
16936,
2687,
16936,
10937,
10956,
3974,
12891,
10956,
12891,
16936,
16936,
12891,
4506,
16936,
4506,
12888,
10937,
16936,
12888,
10937,
12888,
3964,
3964,
12888,
16937,
3964,
16937,
10940,
12888,
4506,
12889,
12888,
12889,
16937,
16937,
12889,
3944,
16937,
3944,
6651,
10940,
16937,
6651,
10940,
6651,
2886,
4506,
12890,
16938,
4506,
16938,
12889,
12890,
3947,
10907,
12890,
10907,
16938,
16938,
10907,
2892,
16938,
2892,
6652,
12889,
16938,
6652,
12889,
6652,
3944,
3974,
10955,
16939,
3974,
16939,
12891,
10955,
2814,
10908,
10955,
10908,
16939,
16939,
10908,
3947,
16939,
3947,
12890,
12891,
16939,
12890,
12891,
12890,
4506,
2826,
10999,
16940,
2826,
16940,
10961,
10999,
3992,
12893,
10999,
12893,
16940,
16940,
12893,
3976,
16940,
3976,
10966,
10961,
16940,
10966,
10961,
10966,
2819,
3993,
11002,
16941,
3993,
16941,
12892,
11002,
2827,
10962,
11002,
10962,
16941,
16941,
10962,
2820,
16941,
2820,
10965,
12892,
16941,
10965,
12892,
10965,
3975,
2896,
10997,
16942,
2896,
16942,
6719,
10997,
3991,
12894,
10997,
12894,
16942,
16942,
12894,
3977,
16942,
3977,
10968,
6719,
16942,
10968,
6719,
10968,
2894,
3992,
11000,
16943,
3992,
16943,
12893,
11000,
2828,
10963,
11000,
10963,
16943,
16943,
10963,
2821,
16943,
2821,
10967,
12893,
16943,
10967,
12893,
10967,
3976,
2817,
10982,
16944,
2817,
16944,
10970,
10982,
2824,
10995,
10982,
10995,
16944,
16944,
10995,
3990,
16944,
3990,
12895,
10970,
16944,
12895,
10970,
12895,
3978,
3991,
10998,
16945,
3991,
16945,
12894,
10998,
2826,
10961,
10998,
10961,
16945,
16945,
10961,
2819,
16945,
2819,
10969,
12894,
16945,
10969,
12894,
10969,
3977,
2828,
10993,
16946,
2828,
16946,
10963,
10993,
3989,
12896,
10993,
12896,
16946,
16946,
12896,
3979,
16946,
3979,
10972,
10963,
16946,
10972,
10963,
10972,
2821,
3990,
10996,
16947,
3990,
16947,
12895,
10996,
2895,
6739,
10996,
6739,
16947,
16947,
6739,
2893,
16947,
2893,
10971,
12895,
16947,
10971,
12895,
10971,
3978,
2485,
9612,
16948,
2485,
16948,
10958,
9612,
3269,
12897,
9612,
12897,
16948,
16948,
12897,
3980,
16948,
3980,
10974,
10958,
16948,
10974,
10958,
10974,
2816,
3989,
10994,
16949,
3989,
16949,
12896,
10994,
2822,
10980,
10994,
10980,
16949,
16949,
10980,
2815,
16949,
2815,
10973,
12896,
16949,
10973,
12896,
10973,
3979,
2818,
10248,
16950,
2818,
16950,
10976,
10248,
2480,
9614,
10248,
9614,
16950,
16950,
9614,
3270,
16950,
3270,
12898,
10976,
16950,
12898,
10976,
12898,
3981,
3269,
9613,
16951,
3269,
16951,
12897,
9613,
2482,
10250,
9613,
10250,
16951,
16951,
10250,
2820,
16951,
2820,
10975,
12897,
16951,
10975,
12897,
10975,
3980,
2816,
10981,
16952,
2816,
16952,
10978,
10981,
2823,
10991,
10981,
10991,
16952,
16952,
10991,
3988,
16952,
3988,
12899,
10978,
16952,
12899,
10978,
12899,
3982,
3270,
9615,
16953,
3270,
16953,
12898,
9615,
2484,
10957,
9615,
10957,
16953,
16953,
10957,
2815,
16953,
2815,
10977,
12898,
16953,
10977,
12898,
10977,
3981,
2816,
10974,
16954,
2816,
16954,
10981,
10974,
3980,
12924,
10974,
12924,
16954,
16954,
12924,
3994,
16954,
3994,
11003,
10981,
16954,
11003,
10981,
11003,
2823,
3988,
10992,
16955,
3988,
16955,
12899,
10992,
2824,
10982,
10992,
10982,
16955,
16955,
10982,
2817,
16955,
2817,
10979,
12899,
16955,
10979,
12899,
10979,
3982,
2478,
10247,
16956,
2478,
16956,
9605,
10247,
3603,
12903,
10247,
12903,
16956,
16956,
12903,
4507,
16956,
4507,
12900,
9605,
16956,
12900,
9605,
12900,
3264,
3264,
12900,
16957,
3264,
16957,
9604,
12900,
4507,
12901,
12900,
12901,
16957,
16957,
12901,
3602,
16957,
3602,
10245,
9604,
16957,
10245,
9604,
10245,
2477,
4507,
12902,
16958,
4507,
16958,
12901,
12902,
3988,
10991,
12902,
10991,
16958,
16958,
10991,
2823,
16958,
2823,
10244,
12901,
16958,
10244,
12901,
10244,
3602,
3603,
10246,
16959,
3603,
16959,
12903,
10246,
2824,
10992,
10246,
10992,
16959,
16959,
10992,
3988,
16959,
3988,
12902,
12903,
16959,
12902,
12903,
12902,
4507,
2476,
10243,
16960,
2476,
16960,
9591,
10243,
3600,
12907,
10243,
12907,
16960,
16960,
12907,
4508,
16960,
4508,
12904,
9591,
16960,
12904,
9591,
12904,
3257,
3257,
12904,
16961,
3257,
16961,
9590,
12904,
4508,
12905,
12904,
12905,
16961,
16961,
12905,
3987,
16961,
3987,
10989,
9590,
16961,
10989,
9590,
10989,
2479,
4508,
12906,
16962,
4508,
16962,
12905,
12906,
3989,
10993,
12906,
10993,
16962,
16962,
10993,
2828,
16962,
2828,
10990,
12905,
16962,
10990,
12905,
10990,
3987,
3600,
10242,
16963,
3600,
16963,
12907,
10242,
2822,
10994,
10242,
10994,
16963,
16963,
10994,
3989,
16963,
3989,
12906,
12907,
16963,
12906,
12907,
12906,
4508,
2877,
5971,
16964,
2877,
16964,
9597,
5971,
3601,
12911,
5971,
12911,
16964,
16964,
12911,
4509,
16964,
4509,
12908,
9597,
16964,
12908,
9597,
12908,
3260,
3260,
12908,
16965,
3260,
16965,
9596,
12908,
4509,
12909,
12908,
12909,
16965,
16965,
12909,
3603,
16965,
3603,
10247,
9596,
16965,
10247,
9596,
10247,
2478,
4509,
12910,
16966,
4509,
16966,
12909,
12910,
3990,
10995,
12910,
10995,
16966,
16966,
10995,
2824,
16966,
2824,
10246,
12909,
16966,
10246,
12909,
10246,
3603,
3601,
5970,
16967,
3601,
16967,
12911,
5970,
2895,
10996,
5970,
10996,
16967,
16967,
10996,
3990,
16967,
3990,
12910,
12911,
16967,
12910,
12911,
12910,
4509,
2474,
10985,
16968,
2474,
16968,
9599,
10985,
3984,
12915,
10985,
12915,
16968,
16968,
12915,
4510,
16968,
4510,
12912,
9599,
16968,
12912,
9599,
12912,
3261,
3261,
12912,
16969,
3261,
16969,
9598,
12912,
4510,
12913,
12912,
12913,
16969,
16969,
12913,
3985,
16969,
3985,
6746,
9598,
16969,
6746,
9598,
6746,
2876,
4510,
12914,
16970,
4510,
16970,
12913,
12914,
3991,
10997,
12914,
10997,
16970,
16970,
10997,
2896,
16970,
2896,
6747,
12913,
16970,
6747,
12913,
6747,
3985,
3984,
10986,
16971,
3984,
16971,
12915,
10986,
2826,
10998,
10986,
10998,
16971,
16971,
10998,
3991,
16971,
3991,
12914,
12915,
16971,
12914,
12915,
12914,
4510,
2479,
10989,
16972,
2479,
16972,
9601,
10989,
3987,
12919,
10989,
12919,
16972,
16972,
12919,
4511,
16972,
4511,
12916,
9601,
16972,
12916,
9601,
12916,
3262,
3262,
12916,
16973,
3262,
16973,
9600,
12916,
4511,
12917,
12916,
12917,
16973,
16973,
12917,
3984,
16973,
3984,
10985,
9600,
16973,
10985,
9600,
10985,
2474,
4511,
12918,
16974,
4511,
16974,
12917,
12918,
3992,
10999,
12918,
10999,
16974,
16974,
10999,
2826,
16974,
2826,
10986,
12917,
16974,
10986,
12917,
10986,
3984,
3987,
10990,
16975,
3987,
16975,
12919,
10990,
2828,
11000,
10990,
11000,
16975,
16975,
11000,
3992,
16975,
3992,
12918,
12919,
16975,
12918,
12919,
12918,
4511,
2475,
10987,
16976,
2475,
16976,
9603,
10987,
3986,
12923,
10987,
12923,
16976,
16976,
12923,
4512,
16976,
4512,
12920,
9603,
16976,
12920,
9603,
12920,
3263,
3263,
12920,
16977,
3263,
16977,
9602,
12920,
4512,
12921,
12920,
12921,
16977,
16977,
12921,
3983,
16977,
3983,
10983,
9602,
16977,
10983,
9602,
10983,
2473,
4512,
12922,
16978,
4512,
16978,
12921,
12922,
3993,
11001,
12922,
11001,
16978,
16978,
11001,
2825,
16978,
2825,
10984,
12921,
16978,
10984,
12921,
10984,
3983,
3986,
10988,
16979,
3986,
16979,
12923,
10988,
2827,
11002,
10988,
11002,
16979,
16979,
11002,
3993,
16979,
3993,
12922,
12923,
16979,
12922,
12923,
12922,
4512,
2825,
10960,
16980,
2825,
16980,
11005,
10960,
2818,
10976,
10960,
10976,
16980,
16980,
10976,
3981,
16980,
3981,
12925,
11005,
16980,
12925,
11005,
12925,
3995,
3980,
10975,
16981,
3980,
16981,
12924,
10975,
2820,
10962,
10975,
10962,
16981,
16981,
10962,
2827,
16981,
2827,
11004,
12924,
16981,
11004,
12924,
11004,
3994,
3981,
10977,
16982,
3981,
16982,
12925,
10977,
2815,
10980,
10977,
10980,
16982,
16982,
10980,
2822,
16982,
2822,
11006,
12925,
16982,
11006,
12925,
11006,
3995,
2282,
8992,
16983,
2282,
16983,
10235,
8992,
2945,
12929,
8992,
12929,
16983,
16983,
12929,
4513,
16983,
4513,
12926,
10235,
16983,
12926,
10235,
12926,
3595,
3595,
12926,
16984,
3595,
16984,
10234,
12926,
4513,
12927,
12926,
12927,
16984,
16984,
12927,
4000,
16984,
4000,
11017,
10234,
16984,
11017,
10234,
11017,
2829,
4513,
12928,
16985,
4513,
16985,
12927,
12928,
3996,
11012,
12928,
11012,
16985,
16985,
11012,
2833,
16985,
2833,
11018,
12927,
16985,
11018,
12927,
11018,
4000,
2945,
8993,
16986,
2945,
16986,
12929,
8993,
2272,
11011,
8993,
11011,
16986,
16986,
11011,
3996,
16986,
3996,
12928,
12929,
16986,
12928,
12929,
12928,
4513,
2835,
10254,
16987,
2835,
16987,
11023,
10254,
2680,
10271,
10254,
10271,
16987,
16987,
10271,
3613,
16987,
3613,
12935,
11023,
16987,
12935,
11023,
12935,
4003,
3614,
10274,
16988,
3614,
16988,
12930,
10274,
2678,
10252,
10274,
10252,
16988,
16988,
10252,
2833,
16988,
2833,
11020,
12930,
16988,
11020,
12930,
11020,
4001,
2271,
8918,
16989,
2271,
16989,
11013,
8918,
2901,
12934,
8918,
12934,
16989,
16989,
12934,
4514,
16989,
4514,
12931,
11013,
16989,
12931,
11013,
12931,
3998,
3998,
12931,
16990,
3998,
16990,
11014,
12931,
4514,
12932,
12931,
12932,
16990,
16990,
12932,
4002,
16990,
4002,
11021,
11014,
16990,
11021,
11014,
11021,
2834,
4514,
12933,
16991,
4514,
16991,
12932,
12933,
3598,
10238,
12933,
10238,
16991,
16991,
10238,
2831,
16991,
2831,
11022,
12932,
16991,
11022,
12932,
11022,
4002,
2901,
8919,
16992,
2901,
16992,
12934,
8919,
2273,
10239,
8919,
10239,
16992,
16992,
10239,
3598,
16992,
3598,
12933,
12934,
16992,
12933,
12934,
12933,
4514,
2881,
10269,
16993,
2881,
16993,
6770,
10269,
3612,
12936,
10269,
12936,
16993,
16993,
12936,
4004,
16993,
4004,
11025,
6770,
16993,
11025,
6770,
11025,
2897,
3613,
10272,
16994,
3613,
16994,
12935,
10272,
2880,
5982,
10272,
5982,
16994,
16994,
5982,
2898,
16994,
2898,
11024,
12935,
16994,
11024,
12935,
11024,
4003,
2682,
10267,
16995,
2682,
16995,
11008,
10267,
3611,
12937,
10267,
12937,
16995,
16995,
12937,
4005,
16995,
4005,
11027,
11008,
16995,
11027,
11008,
11027,
2830,
3612,
10270,
16996,
3612,
16996,
12936,
10270,
2682,
11008,
10270,
11008,
16996,
16996,
11008,
2830,
16996,
2830,
11026,
12936,
16996,
11026,
12936,
11026,
4004,
2681,
10265,
16997,
2681,
16997,
11007,
10265,
3610,
12938,
10265,
12938,
16997,
16997,
12938,
4006,
16997,
4006,
11029,
11007,
16997,
11029,
11007,
11029,
2829,
3611,
10268,
16998,
3611,
16998,
12937,
10268,
2684,
11010,
10268,
11010,
16998,
16998,
11010,
2832,
16998,
2832,
11028,
12937,
16998,
11028,
12937,
11028,
4005,
2834,
10253,
16999,
2834,
16999,
11031,
10253,
2679,
10263,
10253,
10263,
16999,
16999,
10263,
3609,
16999,
3609,
12939,
11031,
16999,
12939,
11031,
12939,
4007,
3610,
10266,
17000,
3610,
17000,
12938,
10266,
2683,
11009,
10266,
11009,
17000,
17000,
11009,
2831,
17000,
2831,
11030,
12938,
17000,
11030,
12938,
11030,
4006,
3609,
10264,
17001,
3609,
17001,
12939,
10264,
2680,
10254,
10264,
10254,
17001,
17001,
10254,
2835,
17001,
2835,
11032,
12939,
17001,
11032,
12939,
11032,
4007,
2387,
11037,
17002,
2387,
17002,
9309,
11037,
4012,
12943,
11037,
12943,
17002,
17002,
12943,
4515,
17002,
4515,
12940,
9309,
17002,
12940,
9309,
12940,
3109,
3109,
12940,
17003,
3109,
17003,
9311,
12940,
4515,
12941,
12940,
12941,
17003,
17003,
12941,
4015,
17003,
4015,
11043,
9311,
17003,
11043,
9311,
11043,
2373,
4515,
12942,
17004,
4515,
17004,
12941,
12942,
4017,
11047,
12942,
11047,
17004,
17004,
11047,
2843,
17004,
2843,
11044,
12941,
17004,
11044,
12941,
11044,
4015,
4012,
11038,
17005,
4012,
17005,
12943,
11038,
2840,
11048,
11038,
11048,
17005,
17005,
11048,
4017,
17005,
4017,
12942,
12943,
17005,
12942,
12943,
12942,
4515,
2383,
11040,
17006,
2383,
17006,
9313,
11040,
4014,
12947,
11040,
12947,
17006,
17006,
12947,
4516,
17006,
4516,
12944,
9313,
17006,
12944,
9313,
12944,
3111,
3111,
12944,
17007,
3111,
17007,
9315,
12944,
4516,
12945,
12944,
12945,
17007,
17007,
12945,
3328,
17007,
3328,
9725,
9315,
17007,
9725,
9315,
9725,
2375,
4516,
12946,
17008,
4516,
17008,
12945,
12946,
4018,
11049,
12946,
11049,
17008,
17008,
11049,
2836,
17008,
2836,
9724,
12945,
17008,
9724,
12945,
9724,
3328,
4014,
11042,
17009,
4014,
17009,
12947,
11042,
2842,
11050,
11042,
11050,
17009,
17009,
11050,
4018,
17009,
4018,
12946,
12947,
17009,
12946,
12947,
12946,
4516,
2379,
9727,
17010,
2379,
17010,
9321,
9727,
3329,
12951,
9727,
12951,
17010,
17010,
12951,
4517,
17010,
4517,
12948,
9321,
17010,
12948,
9321,
12948,
3115,
3115,
12948,
17011,
3115,
17011,
9323,
12948,
4517,
12949,
12948,
12949,
17011,
17011,
12949,
4013,
17011,
4013,
11039,
9323,
17011,
11039,
9323,
11039,
2382,
4517,
12950,
17012,
4517,
17012,
12949,
12950,
4019,
11051,
12950,
11051,
17012,
17012,
11051,
2841,
17012,
2841,
11041,
12949,
17012,
11041,
12949,
11041,
4013,
3329,
9726,
17013,
3329,
17013,
12951,
9726,
2837,
11052,
9726,
11052,
17013,
17013,
11052,
4019,
17013,
4019,
12950,
12951,
17013,
12950,
12951,
12950,
4517,
2375,
9725,
17014,
2375,
17014,
9329,
9725,
3328,
12955,
9725,
12955,
17014,
17014,
12955,
4518,
17014,
4518,
12952,
9329,
17014,
12952,
9329,
12952,
3119,
3119,
12952,
17015,
3119,
17015,
9331,
12952,
4518,
12953,
12952,
12953,
17015,
17015,
12953,
4012,
17015,
4012,
11037,
9331,
17015,
11037,
9331,
11037,
2387,
4518,
12954,
17016,
4518,
17016,
12953,
12954,
4020,
11053,
12954,
11053,
17016,
17016,
11053,
2840,
17016,
2840,
11038,
12953,
17016,
11038,
12953,
11038,
4012,
3328,
9724,
17017,
3328,
17017,
12955,
9724,
2836,
11054,
9724,
11054,
17017,
17017,
11054,
4020,
17017,
4020,
12954,
12955,
17017,
12954,
12955,
12954,
4518,
4524,
12977,
17018,
4524,
17018,
12976,
12977,
4479,
12793,
12977,
12793,
17018,
17018,
12793,
3844,
17018,
3844,
11070,
12976,
17018,
11070,
12976,
11070,
4028,
4032,
11078,
17019,
4032,
17019,
12974,
11078,
4010,
12958,
11078,
12958,
17019,
17019,
12958,
4519,
17019,
4519,
12973,
12974,
17019,
12973,
12974,
12973,
4523,
4519,
12957,
17020,
4519,
17020,
12956,
12957,
4021,
11055,
12957,
11055,
17020,
17020,
11055,
2844,
17020,
2844,
11071,
12956,
17020,
11071,
12956,
11071,
4029,
4010,
11035,
17021,
4010,
17021,
12958,
11035,
2838,
11056,
11035,
11056,
17021,
17021,
11056,
4021,
17021,
4021,
12957,
12958,
17021,
12957,
12958,
12957,
4519,
2373,
11043,
17022,
2373,
17022,
9319,
11043,
4015,
12962,
11043,
12962,
17022,
17022,
12962,
4520,
17022,
4520,
12959,
9319,
17022,
12959,
9319,
12959,
3113,
3113,
12959,
17023,
3113,
17023,
9317,
12959,
4520,
12960,
12959,
12960,
17023,
17023,
12960,
3331,
17023,
3331,
9731,
9317,
17023,
9731,
9317,
9731,
2385,
4520,
12961,
17024,
4520,
17024,
12960,
12961,
4022,
11057,
12961,
11057,
17024,
17024,
11057,
2839,
17024,
2839,
9730,
12960,
17024,
9730,
12960,
9730,
3331,
4015,
11044,
17025,
4015,
17025,
12962,
11044,
2843,
11058,
11044,
11058,
17025,
17025,
11058,
4022,
17025,
4022,
12961,
12962,
17025,
12961,
12962,
12961,
4520,
2385,
9731,
17026,
2385,
17026,
9327,
9731,
3331,
12966,
9731,
12966,
17026,
17026,
12966,
4521,
17026,
4521,
12963,
9327,
17026,
12963,
9327,
12963,
3117,
3117,
12963,
17027,
3117,
17027,
9325,
12963,
4521,
12964,
12963,
12964,
17027,
17027,
12964,
4016,
17027,
4016,
11045,
9325,
17027,
11045,
9325,
11045,
2377,
4521,
12965,
17028,
4521,
17028,
12964,
12965,
4023,
11059,
12965,
11059,
17028,
17028,
11059,
2844,
17028,
2844,
11046,
12964,
17028,
11046,
12964,
11046,
4016,
3331,
9730,
17029,
3331,
17029,
12966,
9730,
2839,
11060,
9730,
11060,
17029,
17029,
11060,
4023,
17029,
4023,
12965,
12966,
17029,
12965,
12966,
12965,
4521,
2689,
9729,
17030,
2689,
17030,
9663,
9729,
3330,
12970,
9729,
12970,
17030,
17030,
12970,
4522,
17030,
4522,
12967,
9663,
17030,
12967,
9663,
12967,
3294,
3294,
12967,
17031,
3294,
17031,
9661,
12967,
4522,
12968,
12967,
12968,
17031,
17031,
12968,
3329,
17031,
3329,
9727,
9661,
17031,
9727,
9661,
9727,
2379,
4522,
12969,
17032,
4522,
17032,
12968,
12969,
4024,
11061,
12969,
11061,
17032,
17032,
11061,
2837,
17032,
2837,
9726,
12968,
17032,
9726,
12968,
9726,
3329,
3330,
9728,
17033,
3330,
17033,
12970,
9728,
2838,
11062,
9728,
11062,
17033,
17033,
11062,
4024,
17033,
4024,
12969,
12970,
17033,
12969,
12970,
12969,
4522,
2840,
11063,
17034,
2840,
17034,
11048,
11063,
4025,
12978,
11063,
12978,
17034,
17034,
12978,
4524,
17034,
4524,
12975,
11048,
17034,
12975,
11048,
12975,
4017,
4017,
12975,
17035,
4017,
17035,
11047,
12975,
4524,
12976,
12975,
12976,
17035,
17035,
12976,
4028,
17035,
4028,
11069,
11047,
17035,
11069,
11047,
11069,
2843,
2842,
11066,
17036,
2842,
17036,
11050,
11066,
4027,
12982,
11066,
12982,
17036,
17036,
12982,
4525,
17036,
4525,
12979,
11050,
17036,
12979,
11050,
12979,
4018,
4018,
12979,
17037,
4018,
17037,
11049,
12979,
4525,
12980,
12979,
12980,
17037,
17037,
12980,
4008,
17037,
4008,
11033,
11049,
17037,
11033,
11049,
11033,
2836,
2837,
11034,
17038,
2837,
17038,
11052,
11034,
4009,
12986,
11034,
12986,
17038,
17038,
12986,
4526,
17038,
4526,
12983,
11052,
17038,
12983,
11052,
12983,
4019,
4019,
12983,
17039,
4019,
17039,
11051,
12983,
4526,
12984,
12983,
12984,
17039,
17039,
12984,
4026,
17039,
4026,
11065,
11051,
17039,
11065,
11051,
11065,
2841,
2836,
11033,
17040,
2836,
17040,
11054,
11033,
4008,
12990,
11033,
12990,
17040,
17040,
12990,
4527,
17040,
4527,
12987,
11054,
17040,
12987,
11054,
12987,
4020,
4020,
12987,
17041,
4020,
17041,
11053,
12987,
4527,
12988,
12987,
12988,
17041,
17041,
12988,
4025,
17041,
4025,
11063,
11053,
17041,
11063,
11053,
11063,
2840,
2843,
11069,
17042,
2843,
17042,
11058,
11069,
4028,
12994,
11069,
12994,
17042,
17042,
12994,
4528,
17042,
4528,
12991,
11058,
17042,
12991,
11058,
12991,
4022,
4022,
12991,
17043,
4022,
17043,
11057,
12991,
4528,
12992,
12991,
12992,
17043,
17043,
12992,
4011,
17043,
4011,
11036,
11057,
17043,
11036,
11057,
11036,
2839,
2839,
11036,
17044,
2839,
17044,
11060,
11036,
4011,
12998,
11036,
12998,
17044,
17044,
12998,
4529,
17044,
4529,
12995,
11060,
17044,
12995,
11060,
12995,
4023,
4023,
12995,
17045,
4023,
17045,
11059,
12995,
4529,
12996,
12995,
12996,
17045,
17045,
12996,
4029,
17045,
4029,
11071,
11059,
17045,
11071,
11059,
11071,
2844,
2838,
11035,
17046,
2838,
17046,
11062,
11035,
4010,
13002,
11035,
13002,
17046,
17046,
13002,
4530,
17046,
4530,
12999,
11062,
17046,
12999,
11062,
12999,
4024,
4024,
12999,
17047,
4024,
17047,
11061,
12999,
4530,
13000,
12999,
13000,
17047,
17047,
13000,
4009,
17047,
4009,
11034,
11061,
17047,
11034,
11061,
11034,
2837,
2834,
11021,
17048,
2834,
17048,
10253,
11021,
4002,
12292,
11021,
12292,
17048,
17048,
12292,
3616,
17048,
3616,
10277,
10253,
17048,
10277,
10253,
10277,
2679,
3336,
10061,
17049,
3336,
17049,
12694,
10061,
3507,
11474,
10061,
11474,
17049,
17049,
11474,
4133,
17049,
4133,
12693,
12694,
17049,
12693,
12694,
12693,
4454,
2485,
10958,
17050,
2485,
17050,
9626,
10958,
2816,
10978,
10958,
10978,
17050,
17050,
10978,
3982,
17050,
3982,
11109,
9626,
17050,
11109,
9626,
11109,
3276,
4423,
12600,
17051,
4423,
17051,
12599,
12600,
4422,
12596,
12600,
12596,
17051,
17051,
12596,
3820,
17051,
3820,
10698,
12599,
17051,
10698,
12599,
10698,
3779,
4113,
11396,
17052,
4113,
17052,
11395,
11396,
3701,
10432,
11396,
10432,
17052,
17052,
10432,
4538,
17052,
4538,
13020,
11395,
17052,
13020,
11395,
13020,
4547,
3066,
11394,
17053,
3066,
17053,
13005,
11394,
4113,
11395,
11394,
11395,
17053,
17053,
11395,
4547,
17053,
4547,
13021,
13005,
17053,
13021,
13005,
13021,
4533,
4112,
11392,
17054,
4112,
17054,
11391,
11392,
3697,
10424,
11392,
10424,
17054,
17054,
10424,
4537,
17054,
4537,
13022,
11391,
17054,
13022,
11391,
13022,
4546,
3695,
11390,
17055,
3695,
17055,
13008,
11390,
4112,
11391,
11390,
11391,
17055,
17055,
11391,
4546,
17055,
4546,
13023,
13008,
17055,
13023,
13008,
13023,
4536,
4111,
11388,
17056,
4111,
17056,
11387,
11388,
3066,
13005,
11388,
13005,
17056,
17056,
13005,
4533,
17056,
4533,
13024,
11387,
17056,
13024,
11387,
13024,
4545,
3697,
11386,
17057,
3697,
17057,
10424,
11386,
4111,
11387,
11386,
11387,
17057,
17057,
11387,
4545,
17057,
4545,
13025,
10424,
17057,
13025,
10424,
13025,
4537,
4110,
11384,
17058,
4110,
17058,
11383,
11384,
3702,
13011,
11384,
13011,
17058,
17058,
13011,
4539,
17058,
4539,
13026,
11383,
17058,
13026,
11383,
13026,
4544,
3701,
11382,
17059,
3701,
17059,
10432,
11382,
4110,
11383,
11382,
11383,
17059,
17059,
11383,
4544,
17059,
4544,
13027,
10432,
17059,
13027,
10432,
13027,
4538,
4109,
11380,
17060,
4109,
17060,
11379,
11380,
3695,
13008,
11380,
13008,
17060,
17060,
13008,
4536,
17060,
4536,
13028,
11379,
17060,
13028,
11379,
13028,
4543,
3064,
11378,
17061,
3064,
17061,
9230,
11378,
4109,
11379,
11378,
11379,
17061,
17061,
11379,
4543,
17061,
4543,
13029,
9230,
17061,
13029,
9230,
13029,
4531,
4108,
11376,
17062,
4108,
17062,
11375,
11376,
3694,
10418,
11376,
10418,
17062,
17062,
10418,
4535,
17062,
4535,
13030,
11375,
17062,
13030,
11375,
13030,
4542,
3693,
11374,
17063,
3693,
17063,
13006,
11374,
4108,
11375,
11374,
11375,
17063,
17063,
11375,
4542,
17063,
4542,
13031,
13006,
17063,
13031,
13006,
13031,
4534,
4107,
11372,
17064,
4107,
17064,
11371,
11372,
3693,
13006,
11372,
13006,
17064,
17064,
13006,
4534,
17064,
4534,
13032,
11371,
17064,
13032,
11371,
13032,
4541,
3702,
11370,
17065,
3702,
17065,
13011,
11370,
4107,
11371,
11370,
11371,
17065,
17065,
11371,
4541,
17065,
4541,
13033,
13011,
17065,
13033,
13011,
13033,
4539,
4106,
11368,
17066,
4106,
17066,
11367,
11368,
3065,
9231,
11368,
9231,
17066,
17066,
9231,
4532,
17066,
4532,
13034,
11367,
17066,
13034,
11367,
13034,
4540,
3694,
11366,
17067,
3694,
17067,
10418,
11366,
4106,
11367,
11366,
11367,
17067,
17067,
11367,
4540,
17067,
4540,
13035,
10418,
17067,
13035,
10418,
13035,
4535,
3071,
13042,
17068,
3071,
17068,
9244,
13042,
4556,
13043,
13042,
13043,
17068,
17068,
13043,
4551,
17068,
4551,
9263,
9244,
17068,
9263,
9244,
9263,
2267,
2264,
13036,
17069,
2264,
17069,
9245,
13036,
4548,
13044,
13036,
13044,
17069,
17069,
13044,
4556,
17069,
4556,
13042,
9245,
17069,
13042,
9245,
13042,
3071,
3070,
13041,
17070,
3070,
17070,
9242,
13041,
4555,
13045,
13041,
13045,
17070,
17070,
13045,
4549,
17070,
4549,
13037,
9242,
17070,
13037,
9242,
13037,
2263,
2267,
9263,
17071,
2267,
17071,
9243,
9263,
4551,
13046,
9263,
13046,
17071,
17071,
13046,
4555,
17071,
4555,
13041,
9243,
17071,
13041,
9243,
13041,
3070,
3068,
13040,
17072,
3068,
17072,
9238,
13040,
4554,
13047,
13040,
13047,
17072,
17072,
13047,
4548,
17072,
4548,
13036,
9238,
17072,
13036,
9238,
13036,
2264,
2851,
8802,
17073,
2851,
17073,
9239,
8802,
4550,
13048,
8802,
13048,
17073,
17073,
13048,
4554,
17073,
4554,
13040,
9239,
17073,
13040,
9239,
13040,
3068,
3069,
13039,
17074,
3069,
17074,
9240,
13039,
4553,
13049,
13039,
13049,
17074,
17074,
13049,
4552,
17074,
4552,
4971,
9240,
17074,
4971,
9240,
4971,
2850,
2263,
13037,
17075,
2263,
17075,
9241,
13037,
4549,
13050,
13037,
13050,
17075,
17075,
13050,
4553,
17075,
4553,
13039,
9241,
17075,
13039,
9241,
13039,
3069,
3247,
13065,
17076,
3247,
17076,
9577,
13065,
4573,
13066,
13065,
13066,
17076,
17076,
13066,
4564,
17076,
4564,
9537,
9577,
17076,
9537,
9577,
9537,
2458,
2460,
9539,
17077,
2460,
17077,
9575,
9539,
4565,
13067,
9539,
13067,
17077,
17077,
13067,
4573,
17077,
4573,
13065,
9575,
17077,
13065,
9575,
13065,
3247,
3245,
13064,
17078,
3245,
17078,
9571,
13064,
4572,
13068,
13064,
13068,
17078,
17078,
13068,
4561,
17078,
4561,
8821,
9571,
17078,
8821,
9571,
8821,
2872,
2454,
13052,
17079,
2454,
17079,
9573,
13052,
4558,
13069,
13052,
13069,
17079,
17079,
13069,
4572,
17079,
4572,
13064,
9573,
17079,
13064,
9573,
13064,
3245,
3243,
13063,
17080,
3243,
17080,
9569,
13063,
4571,
13070,
13063,
13070,
17080,
17080,
13070,
4558,
17080,
4558,
13052,
9569,
17080,
13052,
9569,
13052,
2454,
2462,
13051,
17081,
2462,
17081,
9567,
13051,
4557,
13071,
13051,
13071,
17081,
17081,
13071,
4571,
17081,
4571,
13063,
9567,
17081,
13063,
9567,
13063,
3243,
3239,
13062,
17082,
3239,
17082,
9561,
13062,
4570,
13072,
13062,
13072,
17082,
17082,
13072,
4565,
17082,
4565,
9539,
9561,
17082,
9539,
9561,
9539,
2460,
2870,
5249,
17083,
2870,
17083,
9559,
5249,
4563,
13073,
5249,
13073,
17083,
17083,
13073,
4570,
17083,
4570,
13062,
9559,
17083,
13062,
9559,
13062,
3239,
3237,
13061,
17084,
3237,
17084,
9557,
13061,
4569,
13074,
13061,
13074,
17084,
17084,
13074,
4557,
17084,
4557,
13051,
9557,
17084,
13051,
9557,
13051,
2462,
2456,
9535,
17085,
2456,
17085,
9555,
9535,
4562,
13075,
9535,
13075,
17085,
17085,
13075,
4569,
17085,
4569,
13061,
9555,
17085,
13061,
9555,
13061,
3237,
3235,
13060,
17086,
3235,
17086,
9553,
13060,
4568,
13076,
13060,
13076,
17086,
17086,
13076,
4560,
17086,
4560,
13054,
9553,
17086,
13054,
9553,
13054,
2464,
2466,
13053,
17087,
2466,
17087,
9551,
13053,
4559,
13077,
13053,
13077,
17087,
17087,
13077,
4568,
17087,
4568,
13060,
9551,
17087,
13060,
9551,
13060,
3235,
3216,
9520,
17088,
3216,
17088,
11217,
9520,
4559,
13078,
9520,
13078,
17088,
17088,
13078,
4567,
17088,
4567,
11216,
11217,
17088,
11216,
11217,
11216,
4067,
4067,
11216,
17089,
4067,
17089,
11215,
11216,
4567,
13079,
11216,
13079,
17089,
17089,
13079,
4564,
17089,
4564,
13056,
11215,
17089,
13056,
11215,
13056,
3226,
3224,
13055,
17090,
3224,
17090,
11213,
13055,
4562,
13080,
13055,
13080,
17090,
17090,
13080,
4566,
17090,
4566,
11212,
11213,
17090,
11212,
11213,
11212,
4066,
4066,
11212,
17091,
4066,
17091,
11211,
11212,
4566,
13081,
11212,
13081,
17091,
17091,
13081,
4560,
17091,
4560,
9530,
11211,
17091,
9530,
11211,
9530,
3221,
2640,
10069,
17092,
2640,
17092,
10699,
10069,
3512,
12623,
10069,
12623,
17092,
17092,
12623,
4430,
17092,
4430,
12620,
10699,
17092,
12620,
10699,
12620,
3821,
3675,
13089,
17093,
3675,
17093,
12393,
13089,
4581,
13104,
13089,
13104,
17093,
17093,
13104,
4595,
17093,
4595,
12392,
12393,
17093,
12392,
12393,
12392,
4379,
4379,
12392,
17094,
4379,
17094,
12391,
12392,
4595,
13105,
12392,
13105,
17094,
17094,
13105,
4576,
17094,
4576,
13084,
12391,
17094,
13084,
12391,
13084,
3312,
3152,
9396,
17095,
3152,
17095,
13102,
9396,
2418,
13090,
9396,
13090,
17095,
17095,
13090,
4582,
17095,
4582,
13106,
13102,
17095,
13106,
13102,
13106,
4594,
2413,
9397,
17096,
2413,
17096,
9703,
9397,
3152,
13102,
9397,
13102,
17096,
17096,
13102,
4594,
17096,
4594,
13107,
9703,
17096,
13107,
9703,
13107,
4577,
3663,
10363,
17097,
3663,
17097,
13101,
10363,
2695,
10385,
10363,
10385,
17097,
17097,
10385,
4581,
17097,
4581,
13108,
13101,
17097,
13108,
13101,
13108,
4593,
2698,
10362,
17098,
2698,
17098,
10382,
10362,
3663,
13101,
10362,
13101,
17098,
17098,
13101,
4593,
17098,
4593,
13109,
10382,
17098,
13109,
10382,
13109,
4580,
3677,
10388,
17099,
3677,
17099,
12336,
10388,
4582,
13110,
10388,
13110,
17099,
17099,
13110,
4592,
17099,
4592,
12335,
12336,
17099,
12335,
12336,
12335,
4363,
4363,
12335,
17100,
4363,
17100,
12334,
12335,
4592,
13111,
12335,
13111,
17100,
17100,
13111,
4583,
17100,
4583,
10389,
12334,
17100,
10389,
12334,
10389,
3678,
3150,
9392,
17101,
3150,
17101,
13099,
9392,
2414,
9704,
9392,
9704,
17101,
17101,
9704,
4578,
17101,
4578,
13112,
13099,
17101,
13112,
13099,
13112,
4591,
2415,
9393,
17102,
2415,
17102,
9685,
9393,
3150,
13099,
9393,
13099,
17102,
17102,
13099,
4591,
17102,
4591,
13113,
9685,
17102,
13113,
9685,
13113,
4575,
3303,
13082,
17103,
3303,
17103,
11652,
13082,
4574,
13114,
13082,
13114,
17103,
17103,
13114,
4590,
17103,
4590,
11651,
11652,
17103,
11651,
11652,
11651,
4184,
4184,
11651,
17104,
4184,
17104,
11650,
11651,
4590,
13115,
11651,
13115,
17104,
17104,
13115,
4575,
17104,
4575,
13083,
11650,
17104,
13083,
11650,
13083,
3306,
3662,
10361,
17105,
3662,
17105,
13097,
10361,
2698,
10382,
10361,
10382,
17105,
17105,
10382,
4580,
17105,
4580,
13116,
13097,
17105,
13116,
13097,
13116,
4589,
2694,
10360,
17106,
2694,
17106,
13091,
10360,
3662,
13097,
10360,
13097,
17106,
17106,
13097,
4589,
17106,
4589,
13117,
13091,
17106,
13117,
13091,
13117,
4583,
4175,
11618,
17107,
4175,
17107,
11617,
11618,
3320,
9709,
11618,
9709,
17107,
17107,
9709,
4579,
17107,
4579,
13118,
11617,
17107,
13118,
11617,
13118,
4588,
3303,
11616,
17108,
3303,
17108,
13082,
11616,
4175,
11617,
11616,
11617,
17108,
17108,
11617,
4588,
17108,
4588,
13119,
13082,
17108,
13119,
13082,
13119,
4574,
3153,
9399,
17109,
3153,
17109,
13095,
9399,
2416,
13092,
9399,
13092,
17109,
17109,
13092,
4584,
17109,
4584,
13120,
13095,
17109,
13120,
13095,
13120,
4587,
2412,
9398,
17110,
2412,
17110,
9696,
9398,
3153,
13095,
9398,
13095,
17110,
17110,
13095,
4587,
17110,
4587,
13121,
9696,
17110,
13121,
9696,
13121,
4576,
3151,
9395,
17111,
3151,
17111,
13094,
9395,
2411,
13087,
9395,
13087,
17111,
17111,
13087,
4579,
17111,
4579,
13122,
13094,
17111,
13122,
13094,
13122,
4586,
2417,
9394,
17112,
2417,
17112,
13093,
9394,
3151,
13094,
9394,
13094,
17112,
17112,
13094,
4586,
17112,
4586,
13123,
13093,
17112,
13123,
13093,
13123,
4585,
3684,
13145,
17113,
3684,
17113,
10398,
13145,
4379,
12391,
13145,
12391,
17113,
17113,
12391,
3312,
17113,
3312,
13126,
10398,
17113,
13126,
10398,
13126,
2407,
17163,
17144,
17142,
17163,
17142,
17165,
17130,
17159,
17161,
17130,
17161,
17136,
17169,
17120,
17132,
17169,
17132,
17160,
17128,
17157,
17165,
17128,
17165,
17142,
17136,
17161,
17157,
17136,
17157,
17128,
17138,
17164,
17166,
17138,
17166,
17140,
17144,
17163,
17153,
17144,
17153,
17117,
17114,
17167,
17159,
17114,
17159,
17130,
17171,
17146,
17159,
17171,
17159,
17167,
17162,
17134,
17123,
17162,
17123,
17158,
17158,
17123,
17140,
17158,
17140,
17166,
17160,
17132,
17134,
17160,
17134,
17162,
17152,
17150,
17153,
17152,
17153,
17163,
17152,
17149,
17166,
17152,
17166,
17164,
17148,
17149,
17165,
17148,
17165,
17157,
17147,
17148,
17157,
17147,
17157,
17161,
17146,
17147,
17161,
17146,
17161,
17159,
17164,
17138,
17125,
17164,
17125,
17155,
17160,
17162,
17147,
17160,
17147,
17146,
17162,
17158,
17148,
17162,
17148,
17147,
17158,
17166,
17149,
17158,
17149,
17148,
17163,
17165,
17149,
17163,
17149,
17152,
17164,
17155,
17150,
17164,
17150,
17152,
17171,
17169,
17160,
17171,
17160,
17146,
17222,
17224,
17202,
17222,
17202,
17204,
17190,
17196,
17220,
17190,
17220,
17218,
17228,
17219,
17191,
17228,
17191,
17179,
17188,
17202,
17224,
17188,
17224,
17216,
17196,
17188,
17216,
17196,
17216,
17220,
17197,
17199,
17225,
17197,
17225,
17223,
17204,
17178,
17213,
17204,
17213,
17222,
17175,
17190,
17218,
17175,
17218,
17227,
17231,
17227,
17218,
17231,
17218,
17205,
17221,
17217,
17182,
17221,
17182,
17193,
17217,
17225,
17199,
17217,
17199,
17182,
17219,
17221,
17193,
17219,
17193,
17191,
17211,
17222,
17213,
17211,
17213,
17209,
17211,
17223,
17225,
17211,
17225,
17208,
17207,
17216,
17224,
17207,
17224,
17208,
17206,
17220,
17216,
17206,
17216,
17207,
17205,
17218,
17220,
17205,
17220,
17206,
17223,
17214,
17184,
17223,
17184,
17197,
17219,
17205,
17206,
17219,
17206,
17221,
17221,
17206,
17207,
17221,
17207,
17217,
17217,
17207,
17208,
17217,
17208,
17225,
17222,
17211,
17208,
17222,
17208,
17224,
17223,
17211,
17209,
17223,
17209,
17214,
17231,
17205,
17219,
17231,
17219,
17228,
17135,
17133,
17192,
17135,
17192,
17194,
17137,
17129,
17187,
17137,
17187,
17195,
17124,
17135,
17194,
17124,
17194,
17183,
17131,
17137,
17195,
17131,
17195,
17189,
17115,
17131,
17189,
17115,
17189,
17173,
17133,
17122,
17181,
17133,
17181,
17192,
17139,
17141,
17200,
17139,
17200,
17198,
17143,
17145,
17203,
17143,
17203,
17201,
17151,
17156,
17215,
17151,
17215,
17210,
17145,
17118,
17176,
17145,
17176,
17203,
17127,
17139,
17198,
17127,
17198,
17186,
17129,
17143,
17201,
17129,
17201,
17187,
17141,
17124,
17183,
17141,
17183,
17200,
17154,
17151,
17210,
17154,
17210,
17212,
17156,
17126,
17185,
17156,
17185,
17215,
17119,
17154,
17212,
17119,
17212,
17177,
17121,
17170,
17229,
17121,
17229,
17180,
17172,
17168,
17226,
17172,
17226,
17230,
17168,
17116,
17174,
17168,
17174,
17226,
17170,
17172,
17230,
17170,
17230,
17229,
17246,
17244,
17293,
17246,
17293,
17295,
17240,
17238,
17287,
17240,
17287,
17289,
17254,
17252,
17301,
17254,
17301,
17303,
17248,
17246,
17295,
17248,
17295,
17297,
17242,
17240,
17289,
17242,
17289,
17291,
17236,
17234,
17281,
17236,
17281,
17285,
17250,
17248,
17297,
17250,
17297,
17299,
17244,
17242,
17291,
17244,
17291,
17293,
17238,
17236,
17285,
17238,
17285,
17287,
17232,
17254,
17303,
17232,
17303,
17282,
17252,
17250,
17299,
17252,
17299,
17301,
17302,
17351,
17340,
17302,
17340,
17283,
17239,
17241,
17264,
17239,
17264,
17262,
17337,
17304,
17307,
17307,
17310,
17313,
17313,
17316,
17319,
17319,
17322,
17325,
17325,
17328,
17331,
17331,
17334,
17337,
17337,
17307,
17313,
17313,
17319,
17325,
17325,
17331,
17337,
17313,
17325,
17337,
17233,
17235,
17258,
17233,
17258,
17256,
17253,
17255,
17278,
17253,
17278,
17276,
17255,
17233,
17256,
17255,
17256,
17278,
17247,
17249,
17272,
17247,
17272,
17270,
17241,
17243,
17266,
17241,
17266,
17264,
17235,
17237,
17260,
17235,
17260,
17258,
17249,
17251,
17274,
17249,
17274,
17272,
17243,
17245,
17268,
17243,
17268,
17266,
17237,
17239,
17262,
17237,
17262,
17260,
17251,
17253,
17276,
17251,
17276,
17274,
17245,
17247,
17270,
17245,
17270,
17268,
17259,
17309,
17306,
17259,
17306,
17257,
17259,
17257,
17256,
17259,
17256,
17258,
17261,
17259,
17258,
17261,
17258,
17260,
17263,
17261,
17260,
17263,
17260,
17262,
17265,
17263,
17262,
17265,
17262,
17264,
17267,
17265,
17264,
17267,
17264,
17266,
17269,
17267,
17266,
17269,
17266,
17268,
17271,
17269,
17268,
17271,
17268,
17270,
17273,
17271,
17270,
17273,
17270,
17272,
17275,
17273,
17272,
17275,
17272,
17274,
17277,
17275,
17274,
17277,
17274,
17276,
17279,
17277,
17276,
17279,
17276,
17278,
17257,
17279,
17278,
17257,
17278,
17256,
17281,
17280,
17284,
17281,
17284,
17285,
17285,
17284,
17286,
17285,
17286,
17287,
17287,
17286,
17288,
17287,
17288,
17289,
17289,
17288,
17290,
17289,
17290,
17291,
17291,
17290,
17292,
17291,
17292,
17293,
17293,
17292,
17294,
17293,
17294,
17295,
17295,
17294,
17296,
17295,
17296,
17297,
17297,
17296,
17298,
17297,
17298,
17299,
17299,
17298,
17300,
17299,
17300,
17301,
17301,
17300,
17302,
17301,
17302,
17303,
17303,
17302,
17283,
17303,
17283,
17282,
17234,
17232,
17282,
17234,
17282,
17281,
17308,
17309,
17312,
17308,
17312,
17311,
17259,
17261,
17312,
17259,
17312,
17309,
17311,
17312,
17315,
17311,
17315,
17314,
17261,
17263,
17315,
17261,
17315,
17312,
17314,
17315,
17318,
17314,
17318,
17317,
17263,
17265,
17318,
17263,
17318,
17315,
17317,
17318,
17321,
17317,
17321,
17320,
17265,
17267,
17321,
17265,
17321,
17318,
17320,
17321,
17324,
17320,
17324,
17323,
17267,
17269,
17324,
17267,
17324,
17321,
17323,
17324,
17327,
17323,
17327,
17326,
17269,
17271,
17327,
17269,
17327,
17324,
17326,
17327,
17330,
17326,
17330,
17329,
17271,
17273,
17330,
17271,
17330,
17327,
17329,
17330,
17333,
17329,
17333,
17332,
17273,
17275,
17333,
17273,
17333,
17330,
17332,
17333,
17336,
17332,
17336,
17335,
17275,
17277,
17336,
17275,
17336,
17333,
17335,
17336,
17339,
17335,
17339,
17338,
17277,
17279,
17339,
17277,
17339,
17336,
17338,
17339,
17306,
17338,
17306,
17305,
17279,
17257,
17306,
17279,
17306,
17339,
17302,
17300,
17350,
17302,
17350,
17351,
17298,
17349,
17350,
17298,
17350,
17300,
17296,
17348,
17349,
17296,
17349,
17298,
17294,
17347,
17348,
17294,
17348,
17296,
17292,
17346,
17347,
17292,
17347,
17294,
17290,
17345,
17346,
17290,
17346,
17292,
17288,
17344,
17345,
17288,
17345,
17290,
17288,
17286,
17343,
17288,
17343,
17344,
17284,
17342,
17343,
17284,
17343,
17286,
17280,
17341,
17342,
17280,
17342,
17284,
17283,
17340,
17341,
17283,
17341,
17280,
17282,
17283,
17280,
17282,
17280,
17281,
17305,
17306,
17309,
17305,
17309,
17308,
17366,
17364,
17413,
17366,
17413,
17415,
17360,
17358,
17407,
17360,
17407,
17409,
17374,
17372,
17421,
17374,
17421,
17423,
17368,
17366,
17415,
17368,
17415,
17417,
17362,
17360,
17409,
17362,
17409,
17411,
17356,
17354,
17401,
17356,
17401,
17405,
17370,
17368,
17417,
17370,
17417,
17419,
17364,
17362,
17411,
17364,
17411,
17413,
17358,
17356,
17405,
17358,
17405,
17407,
17353,
17374,
17423,
17353,
17423,
17402,
17372,
17370,
17419,
17372,
17419,
17421,
17422,
17471,
17460,
17422,
17460,
17403,
17359,
17361,
17384,
17359,
17384,
17382,
17457,
17425,
17427,
17427,
17430,
17433,
17433,
17436,
17439,
17439,
17442,
17445,
17445,
17448,
17451,
17451,
17454,
17457,
17457,
17427,
17433,
17433,
17439,
17445,
17445,
17451,
17457,
17433,
17445,
17457,
17352,
17355,
17378,
17352,
17378,
17376,
17373,
17375,
17398,
17373,
17398,
17396,
17375,
17352,
17376,
17375,
17376,
17398,
17367,
17369,
17392,
17367,
17392,
17390,
17361,
17363,
17386,
17361,
17386,
17384,
17355,
17357,
17380,
17355,
17380,
17378,
17369,
17371,
17394,
17369,
17394,
17392,
17363,
17365,
17388,
17363,
17388,
17386,
17357,
17359,
17382,
17357,
17382,
17380,
17371,
17373,
17396,
17371,
17396,
17394,
17365,
17367,
17390,
17365,
17390,
17388,
17379,
17429,
17426,
17379,
17426,
17377,
17379,
17377,
17376,
17379,
17376,
17378,
17381,
17379,
17378,
17381,
17378,
17380,
17383,
17381,
17380,
17383,
17380,
17382,
17385,
17383,
17382,
17385,
17382,
17384,
17387,
17385,
17384,
17387,
17384,
17386,
17389,
17387,
17386,
17389,
17386,
17388,
17391,
17389,
17388,
17391,
17388,
17390,
17393,
17391,
17390,
17393,
17390,
17392,
17395,
17393,
17392,
17395,
17392,
17394,
17397,
17395,
17394,
17397,
17394,
17396,
17399,
17397,
17396,
17399,
17396,
17398,
17377,
17399,
17398,
17377,
17398,
17376,
17401,
17400,
17404,
17401,
17404,
17405,
17405,
17404,
17406,
17405,
17406,
17407,
17407,
17406,
17408,
17407,
17408,
17409,
17409,
17408,
17410,
17409,
17410,
17411,
17411,
17410,
17412,
17411,
17412,
17413,
17413,
17412,
17414,
17413,
17414,
17415,
17415,
17414,
17416,
17415,
17416,
17417,
17417,
17416,
17418,
17417,
17418,
17419,
17419,
17418,
17420,
17419,
17420,
17421,
17421,
17420,
17422,
17421,
17422,
17423,
17423,
17422,
17403,
17423,
17403,
17402,
17354,
17353,
17402,
17354,
17402,
17401,
17428,
17429,
17432,
17428,
17432,
17431,
17379,
17381,
17432,
17379,
17432,
17429,
17431,
17432,
17435,
17431,
17435,
17434,
17381,
17383,
17435,
17381,
17435,
17432,
17434,
17435,
17438,
17434,
17438,
17437,
17383,
17385,
17438,
17383,
17438,
17435,
17437,
17438,
17441,
17437,
17441,
17440,
17385,
17387,
17441,
17385,
17441,
17438,
17440,
17441,
17444,
17440,
17444,
17443,
17387,
17389,
17444,
17387,
17444,
17441,
17443,
17444,
17447,
17443,
17447,
17446,
17389,
17391,
17447,
17389,
17447,
17444,
17446,
17447,
17450,
17446,
17450,
17449,
17391,
17393,
17450,
17391,
17450,
17447,
17449,
17450,
17453,
17449,
17453,
17452,
17393,
17395,
17453,
17393,
17453,
17450,
17452,
17453,
17456,
17452,
17456,
17455,
17395,
17397,
17456,
17395,
17456,
17453,
17455,
17456,
17459,
17455,
17459,
17458,
17397,
17399,
17459,
17397,
17459,
17456,
17458,
17459,
17426,
17458,
17426,
17424,
17399,
17377,
17426,
17399,
17426,
17459,
17422,
17420,
17470,
17422,
17470,
17471,
17418,
17469,
17470,
17418,
17470,
17420,
17416,
17468,
17469,
17416,
17469,
17418,
17414,
17467,
17468,
17414,
17468,
17416,
17412,
17466,
17467,
17412,
17467,
17414,
17410,
17465,
17466,
17410,
17466,
17412,
17408,
17464,
17465,
17408,
17465,
17410,
17408,
17406,
17463,
17408,
17463,
17464,
17404,
17462,
17463,
17404,
17463,
17406,
17400,
17461,
17462,
17400,
17462,
17404,
17403,
17460,
17461,
17403,
17461,
17400,
17402,
17403,
17400,
17402,
17400,
17401,
17424,
17426,
17429,
17424,
17429,
17428,
17486,
17484,
17533,
17486,
17533,
17535,
17480,
17478,
17527,
17480,
17527,
17529,
17494,
17492,
17541,
17494,
17541,
17543,
17488,
17486,
17535,
17488,
17535,
17537,
17482,
17480,
17529,
17482,
17529,
17531,
17476,
17474,
17521,
17476,
17521,
17525,
17490,
17488,
17537,
17490,
17537,
17539,
17484,
17482,
17531,
17484,
17531,
17533,
17478,
17476,
17525,
17478,
17525,
17527,
17472,
17494,
17543,
17472,
17543,
17522,
17492,
17490,
17539,
17492,
17539,
17541,
17542,
17591,
17580,
17542,
17580,
17523,
17479,
17481,
17504,
17479,
17504,
17502,
17577,
17544,
17547,
17547,
17550,
17553,
17553,
17556,
17559,
17559,
17562,
17565,
17565,
17568,
17571,
17571,
17574,
17577,
17577,
17547,
17553,
17553,
17559,
17565,
17565,
17571,
17577,
17553,
17565,
17577,
17473,
17475,
17498,
17473,
17498,
17496,
17493,
17495,
17518,
17493,
17518,
17516,
17495,
17473,
17496,
17495,
17496,
17518,
17487,
17489,
17512,
17487,
17512,
17510,
17481,
17483,
17506,
17481,
17506,
17504,
17475,
17477,
17500,
17475,
17500,
17498,
17489,
17491,
17514,
17489,
17514,
17512,
17483,
17485,
17508,
17483,
17508,
17506,
17477,
17479,
17502,
17477,
17502,
17500,
17491,
17493,
17516,
17491,
17516,
17514,
17485,
17487,
17510,
17485,
17510,
17508,
17499,
17549,
17546,
17499,
17546,
17497,
17499,
17497,
17496,
17499,
17496,
17498,
17501,
17499,
17498,
17501,
17498,
17500,
17503,
17501,
17500,
17503,
17500,
17502,
17505,
17503,
17502,
17505,
17502,
17504,
17507,
17505,
17504,
17507,
17504,
17506,
17509,
17507,
17506,
17509,
17506,
17508,
17511,
17509,
17508,
17511,
17508,
17510,
17513,
17511,
17510,
17513,
17510,
17512,
17515,
17513,
17512,
17515,
17512,
17514,
17517,
17515,
17514,
17517,
17514,
17516,
17519,
17517,
17516,
17519,
17516,
17518,
17497,
17519,
17518,
17497,
17518,
17496,
17521,
17520,
17524,
17521,
17524,
17525,
17525,
17524,
17526,
17525,
17526,
17527,
17527,
17526,
17528,
17527,
17528,
17529,
17529,
17528,
17530,
17529,
17530,
17531,
17531,
17530,
17532,
17531,
17532,
17533,
17533,
17532,
17534,
17533,
17534,
17535,
17535,
17534,
17536,
17535,
17536,
17537,
17537,
17536,
17538,
17537,
17538,
17539,
17539,
17538,
17540,
17539,
17540,
17541,
17541,
17540,
17542,
17541,
17542,
17543,
17543,
17542,
17523,
17543,
17523,
17522,
17474,
17472,
17522,
17474,
17522,
17521,
17548,
17549,
17552,
17548,
17552,
17551,
17499,
17501,
17552,
17499,
17552,
17549,
17551,
17552,
17555,
17551,
17555,
17554,
17501,
17503,
17555,
17501,
17555,
17552,
17554,
17555,
17558,
17554,
17558,
17557,
17503,
17505,
17558,
17503,
17558,
17555,
17557,
17558,
17561,
17557,
17561,
17560,
17505,
17507,
17561,
17505,
17561,
17558,
17560,
17561,
17564,
17560,
17564,
17563,
17507,
17509,
17564,
17507,
17564,
17561,
17563,
17564,
17567,
17563,
17567,
17566,
17509,
17511,
17567,
17509,
17567,
17564,
17566,
17567,
17570,
17566,
17570,
17569,
17511,
17513,
17570,
17511,
17570,
17567,
17569,
17570,
17573,
17569,
17573,
17572,
17513,
17515,
17573,
17513,
17573,
17570,
17572,
17573,
17576,
17572,
17576,
17575,
17515,
17517,
17576,
17515,
17576,
17573,
17575,
17576,
17579,
17575,
17579,
17578,
17517,
17519,
17579,
17517,
17579,
17576,
17578,
17579,
17546,
17578,
17546,
17545,
17519,
17497,
17546,
17519,
17546,
17579,
17542,
17540,
17590,
17542,
17590,
17591,
17538,
17589,
17590,
17538,
17590,
17540,
17536,
17588,
17589,
17536,
17589,
17538,
17534,
17587,
17588,
17534,
17588,
17536,
17532,
17586,
17587,
17532,
17587,
17534,
17530,
17585,
17586,
17530,
17586,
17532,
17528,
17584,
17585,
17528,
17585,
17530,
17528,
17526,
17583,
17528,
17583,
17584,
17524,
17582,
17583,
17524,
17583,
17526,
17520,
17581,
17582,
17520,
17582,
17524,
17523,
17580,
17581,
17523,
17581,
17520,
17522,
17523,
17520,
17522,
17520,
17521,
17545,
17546,
17549,
17545,
17549,
17548,
17592,
17593,
17595,
17592,
17595,
17594,
17613,
17612,
17597,
17613,
17597,
17596,
17595,
17593,
17598,
17595,
17598,
17599,
17600,
17602,
17603,
17600,
17603,
17601,
17615,
17604,
17605,
17615,
17605,
17614,
17603,
17607,
17606,
17603,
17606,
17601,
17592,
17600,
17601,
17592,
17601,
17593,
17593,
17601,
17606,
17593,
17606,
17598,
17613,
17615,
17600,
17613,
17600,
17592,
17604,
17610,
17611,
17604,
17611,
17605,
17599,
17607,
17603,
17599,
17603,
17595,
17598,
17606,
17607,
17598,
17607,
17599,
17612,
17614,
17605,
17612,
17605,
17597,
17595,
17603,
17602,
17595,
17602,
17594,
17609,
17611,
17610,
17609,
17610,
17608,
17596,
17608,
17610,
17596,
17610,
17604,
17597,
17609,
17608,
17597,
17608,
17596,
17605,
17611,
17609,
17605,
17609,
17597,
17594,
17602,
17614,
17594,
17614,
17612,
17596,
17604,
17615,
17596,
17615,
17613,
17600,
17615,
17614,
17600,
17614,
17602,
17592,
17594,
17612,
17592,
17612,
17613,
17635,
17656,
17658,
17635,
17658,
17633,
17686,
17667,
17724,
17686,
17724,
17735,
17637,
17654,
17656,
17637,
17656,
17635,
17640,
17675,
17673,
17640,
17673,
17642,
17642,
17673,
17671,
17642,
17671,
17645,
17634,
17681,
17679,
17634,
17679,
17636,
17649,
17625,
17623,
17649,
17623,
17647,
17629,
17662,
17627,
17629,
17627,
17651,
17643,
17619,
17617,
17643,
17617,
17641,
17628,
17687,
17685,
17628,
17685,
17630,
17691,
17688,
17721,
17721,
17718,
17715,
17715,
17712,
17709,
17709,
17706,
17703,
17703,
17700,
17698,
17698,
17694,
17691,
17691,
17721,
17715,
17715,
17709,
17703,
17703,
17698,
17691,
17715,
17703,
17691,
17632,
17683,
17681,
17632,
17681,
17634,
17645,
17671,
17669,
17645,
17669,
17646,
17631,
17660,
17662,
17631,
17662,
17629,
17636,
17679,
17677,
17636,
17677,
17638,
17650,
17666,
17687,
17650,
17687,
17628,
17644,
17621,
17619,
17644,
17619,
17643,
17638,
17677,
17675,
17638,
17675,
17640,
17651,
17627,
17625,
17651,
17625,
17649,
17630,
17685,
17683,
17630,
17683,
17632,
17646,
17669,
17665,
17646,
17665,
17648,
17641,
17617,
17652,
17641,
17652,
17639,
17647,
17623,
17621,
17647,
17621,
17644,
17633,
17658,
17660,
17633,
17660,
17631,
17639,
17652,
17654,
17639,
17654,
17637,
17624,
17626,
17690,
17624,
17690,
17693,
17624,
17625,
17627,
17624,
17627,
17626,
17622,
17623,
17625,
17622,
17625,
17624,
17620,
17621,
17623,
17620,
17623,
17622,
17618,
17619,
17621,
17618,
17621,
17620,
17616,
17617,
17619,
17616,
17619,
17618,
17653,
17652,
17617,
17653,
17617,
17616,
17655,
17654,
17652,
17655,
17652,
17653,
17657,
17656,
17654,
17657,
17654,
17655,
17659,
17658,
17656,
17659,
17656,
17657,
17661,
17660,
17658,
17661,
17658,
17659,
17663,
17662,
17660,
17663,
17660,
17661,
17626,
17627,
17662,
17626,
17662,
17663,
17665,
17669,
17668,
17665,
17668,
17664,
17669,
17671,
17670,
17669,
17670,
17668,
17671,
17673,
17672,
17671,
17672,
17670,
17673,
17675,
17674,
17673,
17674,
17672,
17675,
17677,
17676,
17675,
17676,
17674,
17677,
17679,
17678,
17677,
17678,
17676,
17679,
17681,
17680,
17679,
17680,
17678,
17681,
17683,
17682,
17681,
17682,
17680,
17683,
17685,
17684,
17683,
17684,
17682,
17685,
17687,
17686,
17685,
17686,
17684,
17687,
17666,
17667,
17687,
17667,
17686,
17648,
17665,
17666,
17648,
17666,
17650,
17692,
17695,
17696,
17692,
17696,
17693,
17624,
17693,
17696,
17624,
17696,
17622,
17695,
17697,
17699,
17695,
17699,
17696,
17622,
17696,
17699,
17622,
17699,
17620,
17697,
17701,
17702,
17697,
17702,
17699,
17620,
17699,
17702,
17620,
17702,
17618,
17701,
17704,
17705,
17701,
17705,
17702,
17618,
17702,
17705,
17618,
17705,
17616,
17704,
17707,
17708,
17704,
17708,
17705,
17616,
17705,
17708,
17616,
17708,
17653,
17707,
17710,
17711,
17707,
17711,
17708,
17653,
17708,
17711,
17653,
17711,
17655,
17710,
17713,
17714,
17710,
17714,
17711,
17655,
17711,
17714,
17655,
17714,
17657,
17713,
17716,
17717,
17713,
17717,
17714,
17657,
17714,
17717,
17657,
17717,
17659,
17716,
17719,
17720,
17716,
17720,
17717,
17659,
17717,
17720,
17659,
17720,
17661,
17719,
17722,
17723,
17719,
17723,
17720,
17661,
17720,
17723,
17661,
17723,
17663,
17722,
17689,
17690,
17722,
17690,
17723,
17663,
17723,
17690,
17663,
17690,
17626,
17686,
17735,
17734,
17686,
17734,
17684,
17682,
17684,
17734,
17682,
17734,
17733,
17680,
17682,
17733,
17680,
17733,
17732,
17678,
17680,
17732,
17678,
17732,
17731,
17676,
17678,
17731,
17676,
17731,
17730,
17674,
17676,
17730,
17674,
17730,
17729,
17672,
17674,
17729,
17672,
17729,
17728,
17672,
17728,
17727,
17672,
17727,
17670,
17668,
17670,
17727,
17668,
17727,
17726,
17664,
17668,
17726,
17664,
17726,
17725,
17667,
17664,
17725,
17667,
17725,
17724,
17666,
17665,
17664,
17666,
17664,
17667,
17689,
17692,
17693,
17689,
17693,
17690,
17736,
17738,
17739,
17736,
17739,
17737,
17757,
17740,
17741,
17757,
17741,
17756,
17739,
17743,
17742,
17739,
17742,
17737,
17744,
17745,
17747,
17744,
17747,
17746,
17759,
17758,
17749,
17759,
17749,
17748,
17747,
17745,
17750,
17747,
17750,
17751,
17736,
17737,
17745,
17736,
17745,
17744,
17737,
17742,
17750,
17737,
17750,
17745,
17757,
17736,
17744,
17757,
17744,
17759,
17748,
17749,
17755,
17748,
17755,
17754,
17743,
17739,
17747,
17743,
17747,
17751,
17742,
17743,
17751,
17742,
17751,
17750,
17756,
17741,
17749,
17756,
17749,
17758,
17739,
17738,
17746,
17739,
17746,
17747,
17753,
17752,
17754,
17753,
17754,
17755,
17740,
17748,
17754,
17740,
17754,
17752,
17741,
17740,
17752,
17741,
17752,
17753,
17749,
17741,
17753,
17749,
17753,
17755,
17738,
17756,
17758,
17738,
17758,
17746,
17740,
17757,
17759,
17740,
17759,
17748,
17744,
17746,
17758,
17744,
17758,
17759,
17736,
17757,
17756,
17736,
17756,
17738,
17809,
17811,
17788,
17809,
17788,
17790,
17776,
17782,
17807,
17776,
17807,
17805,
17816,
17806,
17779,
17816,
17779,
17768,
17774,
17788,
17811,
17774,
17811,
17803,
17782,
17774,
17803,
17782,
17803,
17807,
17784,
17786,
17812,
17784,
17812,
17810,
17790,
17764,
17800,
17790,
17800,
17809,
17761,
17776,
17805,
17761,
17805,
17814,
17818,
17814,
17805,
17818,
17805,
17792,
17808,
17804,
17769,
17808,
17769,
17780,
17804,
17812,
17786,
17804,
17786,
17769,
17806,
17808,
17780,
17806,
17780,
17779,
17798,
17809,
17800,
17798,
17800,
17797,
17798,
17810,
17812,
17798,
17812,
17795,
17794,
17803,
17811,
17794,
17811,
17795,
17793,
17807,
17803,
17793,
17803,
17794,
17792,
17805,
17807,
17792,
17807,
17793,
17810,
17802,
17773,
17810,
17773,
17784,
17806,
17792,
17793,
17806,
17793,
17808,
17808,
17793,
17794,
17808,
17794,
17804,
17804,
17794,
17795,
17804,
17795,
17812,
17809,
17798,
17795,
17809,
17795,
17811,
17810,
17798,
17797,
17810,
17797,
17802,
17818,
17792,
17806,
17818,
17806,
17816,
17868,
17849,
17847,
17868,
17847,
17870,
17835,
17864,
17866,
17835,
17866,
17841,
17874,
17825,
17837,
17874,
17837,
17865,
17833,
17862,
17870,
17833,
17870,
17847,
17841,
17866,
17862,
17841,
17862,
17833,
17844,
17869,
17871,
17844,
17871,
17846,
17849,
17868,
17859,
17849,
17859,
17823,
17820,
17873,
17864,
17820,
17864,
17835,
17877,
17851,
17864,
17877,
17864,
17873,
17867,
17839,
17829,
17867,
17829,
17863,
17863,
17829,
17846,
17863,
17846,
17871,
17865,
17837,
17839,
17865,
17839,
17867,
17857,
17855,
17859,
17857,
17859,
17868,
17857,
17854,
17871,
17857,
17871,
17869,
17853,
17854,
17870,
17853,
17870,
17862,
17852,
17853,
17862,
17852,
17862,
17866,
17851,
17852,
17866,
17851,
17866,
17864,
17869,
17844,
17830,
17869,
17830,
17860,
17865,
17867,
17852,
17865,
17852,
17851,
17867,
17863,
17853,
17867,
17853,
17852,
17863,
17871,
17854,
17863,
17854,
17853,
17868,
17870,
17854,
17868,
17854,
17857,
17869,
17860,
17855,
17869,
17855,
17857,
17877,
17874,
17865,
17877,
17865,
17851,
17781,
17840,
17838,
17781,
17838,
17778,
17783,
17842,
17834,
17783,
17834,
17775,
17770,
17828,
17840,
17770,
17840,
17781,
17777,
17836,
17842,
17777,
17842,
17783,
17762,
17821,
17836,
17762,
17836,
17777,
17778,
17838,
17827,
17778,
17827,
17767,
17785,
17843,
17845,
17785,
17845,
17787,
17789,
17848,
17850,
17789,
17850,
17791,
17796,
17856,
17861,
17796,
17861,
17801,
17791,
17850,
17824,
17791,
17824,
17765,
17772,
17832,
17843,
17772,
17843,
17785,
17775,
17834,
17848,
17775,
17848,
17789,
17787,
17845,
17828,
17787,
17828,
17770,
17799,
17858,
17856,
17799,
17856,
17796,
17801,
17861,
17831,
17801,
17831,
17771,
17763,
17822,
17858,
17763,
17858,
17799,
17766,
17826,
17875,
17766,
17875,
17815,
17817,
17876,
17872,
17817,
17872,
17813,
17813,
17872,
17819,
17813,
17819,
17760,
17815,
17875,
17876,
17815,
17876,
17817,
17892,
17941,
17939,
17892,
17939,
17890,
17886,
17935,
17933,
17886,
17933,
17884,
17901,
17949,
17947,
17901,
17947,
17898,
17894,
17943,
17941,
17894,
17941,
17892,
17888,
17937,
17935,
17888,
17935,
17886,
17882,
17931,
17927,
17882,
17927,
17880,
17896,
17945,
17943,
17896,
17943,
17894,
17890,
17939,
17937,
17890,
17937,
17888,
17884,
17933,
17931,
17884,
17931,
17882,
17878,
17928,
17949,
17878,
17949,
17901,
17898,
17947,
17945,
17898,
17945,
17896,
17948,
17929,
17986,
17948,
17986,
17997,
17885,
17908,
17910,
17885,
17910,
17887,
17954,
17951,
17984,
17984,
17980,
17977,
17977,
17974,
17971,
17971,
17968,
17965,
17965,
17963,
17960,
17960,
17957,
17954,
17954,
17984,
17977,
17977,
17971,
17965,
17965,
17960,
17954,
17977,
17965,
17954,
17879,
17902,
17904,
17879,
17904,
17881,
17899,
17922,
17924,
17899,
17924,
17900,
17900,
17924,
17902,
17900,
17902,
17879,
17893,
17916,
17918,
17893,
17918,
17895,
17887,
17910,
17912,
17887,
17912,
17889,
17881,
17904,
17906,
17881,
17906,
17883,
17895,
17918,
17920,
17895,
17920,
17897,
17889,
17912,
17914,
17889,
17914,
17891,
17883,
17906,
17908,
17883,
17908,
17885,
17897,
17920,
17922,
17897,
17922,
17899,
17891,
17914,
17916,
17891,
17916,
17893,
17905,
17903,
17952,
17905,
17952,
17955,
17905,
17904,
17902,
17905,
17902,
17903,
17907,
17906,
17904,
17907,
17904,
17905,
17909,
17908,
17906,
17909,
17906,
17907,
17911,
17910,
17908,
17911,
17908,
17909,
17913,
17912,
17910,
17913,
17910,
17911,
17915,
17914,
17912,
17915,
17912,
17913,
17917,
17916,
17914,
17917,
17914,
17915,
17919,
17918,
17916,
17919,
17916,
17917,
17921,
17920,
17918,
17921,
17918,
17919,
17923,
17922,
17920,
17923,
17920,
17921,
17925,
17924,
17922,
17925,
17922,
17923,
17903,
17902,
17924,
17903,
17924,
17925,
17927,
17931,
17930,
17927,
17930,
17926,
17931,
17933,
17932,
17931,
17932,
17930,
17933,
17935,
17934,
17933,
17934,
17932,
17935,
17937,
17936,
17935,
17936,
17934,
17937,
17939,
17938,
17937,
17938,
17936,
17939,
17941,
17940,
17939,
17940,
17938,
17941,
17943,
17942,
17941,
17942,
17940,
17943,
17945,
17944,
17943,
17944,
17942,
17945,
17947,
17946,
17945,
17946,
17944,
17947,
17949,
17948,
17947,
17948,
17946,
17949,
17928,
17929,
17949,
17929,
17948,
17880,
17927,
17928,
17880,
17928,
17878,
17953,
17956,
17958,
17953,
17958,
17955,
17905,
17955,
17958,
17905,
17958,
17907,
17956,
17959,
17961,
17956,
17961,
17958,
17907,
17958,
17961,
17907,
17961,
17909,
17959,
17962,
17964,
17959,
17964,
17961,
17909,
17961,
17964,
17909,
17964,
17911,
17962,
17966,
17967,
17962,
17967,
17964,
17911,
17964,
17967,
17911,
17967,
17913,
17966,
17969,
17970,
17966,
17970,
17967,
17913,
17967,
17970,
17913,
17970,
17915,
17969,
17972,
17973,
17969,
17973,
17970,
17915,
17970,
17973,
17915,
17973,
17917,
17972,
17975,
17976,
17972,
17976,
17973,
17917,
17973,
17976,
17917,
17976,
17919,
17975,
17978,
17979,
17975,
17979,
17976,
17919,
17976,
17979,
17919,
17979,
17921,
17978,
17981,
17982,
17978,
17982,
17979,
17921,
17979,
17982,
17921,
17982,
17923,
17981,
17983,
17985,
17981,
17985,
17982,
17923,
17982,
17985,
17923,
17985,
17925,
17983,
17950,
17952,
17983,
17952,
17985,
17925,
17985,
17952,
17925,
17952,
17903,
17948,
17997,
17996,
17948,
17996,
17946,
17944,
17946,
17996,
17944,
17996,
17995,
17942,
17944,
17995,
17942,
17995,
17994,
17940,
17942,
17994,
17940,
17994,
17993,
17938,
17940,
17993,
17938,
17993,
17992,
17936,
17938,
17992,
17936,
17992,
17991,
17934,
17936,
17991,
17934,
17991,
17990,
17934,
17990,
17989,
17934,
17989,
17932,
17930,
17932,
17989,
17930,
17989,
17988,
17926,
17930,
17988,
17926,
17988,
17987,
17929,
17926,
17987,
17929,
17987,
17986,
17928,
17927,
17926,
17928,
17926,
17929,
17950,
17953,
17955,
17950,
17955,
17952,
18012,
18061,
18059,
18012,
18059,
18010,
18007,
18055,
18053,
18007,
18053,
18005,
18020,
18069,
18067,
18020,
18067,
18018,
18014,
18063,
18061,
18014,
18061,
18012,
18009,
18057,
18055,
18009,
18055,
18007,
18003,
18051,
18047,
18003,
18047,
18001,
18016,
18065,
18063,
18016,
18063,
18014,
18010,
18059,
18057,
18010,
18057,
18009,
18005,
18053,
18051,
18005,
18051,
18003,
17999,
18048,
18069,
17999,
18069,
18020,
18018,
18067,
18065,
18018,
18065,
18016,
18068,
18049,
18106,
18068,
18106,
18117,
18004,
18028,
18030,
18004,
18030,
18006,
18074,
18071,
18103,
18103,
18100,
18097,
18097,
18094,
18091,
18091,
18088,
18086,
18086,
18083,
18080,
18080,
18077,
18074,
18074,
18103,
18097,
18097,
18091,
18086,
18086,
18080,
18074,
18097,
18086,
18074,
17998,
18022,
18024,
17998,
18024,
18000,
18019,
18042,
18044,
18019,
18044,
18021,
18021,
18044,
18022,
18021,
18022,
17998,
18013,
18036,
18038,
18013,
18038,
18015,
18006,
18030,
18032,
18006,
18032,
18008,
18000,
18024,
18026,
18000,
18026,
18002,
18015,
18038,
18040,
18015,
18040,
18017,
18008,
18032,
18034,
18008,
18034,
18011,
18002,
18026,
18028,
18002,
18028,
18004,
18017,
18040,
18042,
18017,
18042,
18019,
18011,
18034,
18036,
18011,
18036,
18013,
18025,
18023,
18072,
18025,
18072,
18075,
18025,
18024,
18022,
18025,
18022,
18023,
18027,
18026,
18024,
18027,
18024,
18025,
18029,
18028,
18026,
18029,
18026,
18027,
18031,
18030,
18028,
18031,
18028,
18029,
18033,
18032,
18030,
18033,
18030,
18031,
18035,
18034,
18032,
18035,
18032,
18033,
18037,
18036,
18034,
18037,
18034,
18035,
18039,
18038,
18036,
18039,
18036,
18037,
18041,
18040,
18038,
18041,
18038,
18039,
18043,
18042,
18040,
18043,
18040,
18041,
18045,
18044,
18042,
18045,
18042,
18043,
18023,
18022,
18044,
18023,
18044,
18045,
18047,
18051,
18050,
18047,
18050,
18046,
18051,
18053,
18052,
18051,
18052,
18050,
18053,
18055,
18054,
18053,
18054,
18052,
18055,
18057,
18056,
18055,
18056,
18054,
18057,
18059,
18058,
18057,
18058,
18056,
18059,
18061,
18060,
18059,
18060,
18058,
18061,
18063,
18062,
18061,
18062,
18060,
18063,
18065,
18064,
18063,
18064,
18062,
18065,
18067,
18066,
18065,
18066,
18064,
18067,
18069,
18068,
18067,
18068,
18066,
18069,
18048,
18049,
18069,
18049,
18068,
18001,
18047,
18048,
18001,
18048,
17999,
18073,
18076,
18078,
18073,
18078,
18075,
18025,
18075,
18078,
18025,
18078,
18027,
18076,
18079,
18081,
18076,
18081,
18078,
18027,
18078,
18081,
18027,
18081,
18029,
18079,
18082,
18084,
18079,
18084,
18081,
18029,
18081,
18084,
18029,
18084,
18031,
18082,
18085,
18087,
18082,
18087,
18084,
18031,
18084,
18087,
18031,
18087,
18033,
18085,
18089,
18090,
18085,
18090,
18087,
18033,
18087,
18090,
18033,
18090,
18035,
18089,
18092,
18093,
18089,
18093,
18090,
18035,
18090,
18093,
18035,
18093,
18037,
18092,
18095,
18096,
18092,
18096,
18093,
18037,
18093,
18096,
18037,
18096,
18039,
18095,
18098,
18099,
18095,
18099,
18096,
18039,
18096,
18099,
18039,
18099,
18041,
18098,
18101,
18102,
18098,
18102,
18099,
18041,
18099,
18102,
18041,
18102,
18043,
18101,
18104,
18105,
18101,
18105,
18102,
18043,
18102,
18105,
18043,
18105,
18045,
18104,
18070,
18072,
18104,
18072,
18105,
18045,
18105,
18072,
18045,
18072,
18023,
18068,
18117,
18116,
18068,
18116,
18066,
18064,
18066,
18116,
18064,
18116,
18115,
18062,
18064,
18115,
18062,
18115,
18114,
18060,
18062,
18114,
18060,
18114,
18113,
18058,
18060,
18113,
18058,
18113,
18112,
18056,
18058,
18112,
18056,
18112,
18111,
18054,
18056,
18111,
18054,
18111,
18110,
18054,
18110,
18109,
18054,
18109,
18052,
18050,
18052,
18109,
18050,
18109,
18108,
18046,
18050,
18108,
18046,
18108,
18107,
18049,
18046,
18107,
18049,
18107,
18106,
18048,
18047,
18046,
18048,
18046,
18049,
18070,
18073,
18075,
18070,
18075,
18072,
18132,
18181,
18179,
18132,
18179,
18130,
18126,
18175,
18173,
18126,
18173,
18125,
18141,
18189,
18187,
18141,
18187,
18139,
18134,
18183,
18181,
18134,
18181,
18132,
18128,
18177,
18175,
18128,
18175,
18126,
18123,
18171,
18167,
18123,
18167,
18121,
18136,
18185,
18183,
18136,
18183,
18134,
18130,
18179,
18177,
18130,
18177,
18128,
18125,
18173,
18171,
18125,
18171,
18123,
18119,
18168,
18189,
18119,
18189,
18141,
18139,
18187,
18185,
18139,
18185,
18136,
18188,
18169,
18226,
18188,
18226,
18237,
18124,
18148,
18150,
18124,
18150,
18127,
18194,
18191,
18224,
18224,
18221,
18217,
18217,
18214,
18211,
18211,
18208,
18205,
18205,
18202,
18200,
18200,
18197,
18194,
18194,
18224,
18217,
18217,
18211,
18205,
18205,
18200,
18194,
18217,
18205,
18194,
18118,
18142,
18144,
18118,
18144,
18120,
18138,
18162,
18164,
18138,
18164,
18140,
18140,
18164,
18142,
18140,
18142,
18118,
18133,
18156,
18158,
18133,
18158,
18135,
18127,
18150,
18152,
18127,
18152,
18129,
18120,
18144,
18146,
18120,
18146,
18122,
18135,
18158,
18160,
18135,
18160,
18137,
18129,
18152,
18154,
18129,
18154,
18131,
18122,
18146,
18148,
18122,
18148,
18124,
18137,
18160,
18162,
18137,
18162,
18138,
18131,
18154,
18156,
18131,
18156,
18133,
18145,
18143,
18192,
18145,
18192,
18195,
18145,
18144,
18142,
18145,
18142,
18143,
18147,
18146,
18144,
18147,
18144,
18145,
18149,
18148,
18146,
18149,
18146,
18147,
18151,
18150,
18148,
18151,
18148,
18149,
18153,
18152,
18150,
18153,
18150,
18151,
18155,
18154,
18152,
18155,
18152,
18153,
18157,
18156,
18154,
18157,
18154,
18155,
18159,
18158,
18156,
18159,
18156,
18157,
18161,
18160,
18158,
18161,
18158,
18159,
18163,
18162,
18160,
18163,
18160,
18161,
18165,
18164,
18162,
18165,
18162,
18163,
18143,
18142,
18164,
18143,
18164,
18165,
18167,
18171,
18170,
18167,
18170,
18166,
18171,
18173,
18172,
18171,
18172,
18170,
18173,
18175,
18174,
18173,
18174,
18172,
18175,
18177,
18176,
18175,
18176,
18174,
18177,
18179,
18178,
18177,
18178,
18176,
18179,
18181,
18180,
18179,
18180,
18178,
18181,
18183,
18182,
18181,
18182,
18180,
18183,
18185,
18184,
18183,
18184,
18182,
18185,
18187,
18186,
18185,
18186,
18184,
18187,
18189,
18188,
18187,
18188,
18186,
18189,
18168,
18169,
18189,
18169,
18188,
18121,
18167,
18168,
18121,
18168,
18119,
18193,
18196,
18198,
18193,
18198,
18195,
18145,
18195,
18198,
18145,
18198,
18147,
18196,
18199,
18201,
18196,
18201,
18198,
18147,
18198,
18201,
18147,
18201,
18149,
18199,
18203,
18204,
18199,
18204,
18201,
18149,
18201,
18204,
18149,
18204,
18151,
18203,
18206,
18207,
18203,
18207,
18204,
18151,
18204,
18207,
18151,
18207,
18153,
18206,
18209,
18210,
18206,
18210,
18207,
18153,
18207,
18210,
18153,
18210,
18155,
18209,
18212,
18213,
18209,
18213,
18210,
18155,
18210,
18213,
18155,
18213,
18157,
18212,
18215,
18216,
18212,
18216,
18213,
18157,
18213,
18216,
18157,
18216,
18159,
18215,
18218,
18219,
18215,
18219,
18216,
18159,
18216,
18219,
18159,
18219,
18161,
18218,
18220,
18222,
18218,
18222,
18219,
18161,
18219,
18222,
18161,
18222,
18163,
18220,
18223,
18225,
18220,
18225,
18222,
18163,
18222,
18225,
18163,
18225,
18165,
18223,
18190,
18192,
18223,
18192,
18225,
18165,
18225,
18192,
18165,
18192,
18143,
18188,
18237,
18236,
18188,
18236,
18186,
18184,
18186,
18236,
18184,
18236,
18235,
18182,
18184,
18235,
18182,
18235,
18234,
18180,
18182,
18234,
18180,
18234,
18233,
18178,
18180,
18233,
18178,
18233,
18232,
18176,
18178,
18232,
18176,
18232,
18231,
18174,
18176,
18231,
18174,
18231,
18230,
18174,
18230,
18229,
18174,
18229,
18172,
18170,
18172,
18229,
18170,
18229,
18228,
18166,
18170,
18228,
18166,
18228,
18227,
18169,
18166,
18227,
18169,
18227,
18226,
18168,
18167,
18166,
18168,
18166,
18169,
18190,
18193,
18195,
18190,
18195,
18192,
18238,
18240,
18241,
18238,
18241,
18239,
18259,
18242,
18243,
18259,
18243,
18258,
18241,
18245,
18244,
18241,
18244,
18239,
18246,
18247,
18249,
18246,
18249,
18248,
18261,
18260,
18251,
18261,
18251,
18250,
18249,
18247,
18252,
18249,
18252,
18253,
18238,
18239,
18247,
18238,
18247,
18246,
18239,
18244,
18252,
18239,
18252,
18247,
18259,
18238,
18246,
18259,
18246,
18261,
18250,
18251,
18257,
18250,
18257,
18256,
18245,
18241,
18249,
18245,
18249,
18253,
18244,
18245,
18253,
18244,
18253,
18252,
18258,
18243,
18251,
18258,
18251,
18260,
18241,
18240,
18248,
18241,
18248,
18249,
18255,
18254,
18256,
18255,
18256,
18257,
18242,
18250,
18256,
18242,
18256,
18254,
18243,
18242,
18254,
18243,
18254,
18255,
18251,
18243,
18255,
18251,
18255,
18257,
18240,
18258,
18260,
18240,
18260,
18248,
18242,
18259,
18261,
18242,
18261,
18250,
18246,
18248,
18260,
18246,
18260,
18261,
18238,
18259,
18258,
18238,
18258,
18240,
18281,
18279,
18304,
18281,
18304,
18302,
18332,
18381,
18370,
18332,
18370,
18313,
18283,
18281,
18302,
18283,
18302,
18300,
18286,
18288,
18319,
18286,
18319,
18321,
18288,
18291,
18317,
18288,
18317,
18319,
18280,
18282,
18325,
18280,
18325,
18327,
18294,
18292,
18269,
18294,
18269,
18271,
18274,
18296,
18273,
18274,
18273,
18308,
18289,
18287,
18263,
18289,
18263,
18265,
18275,
18277,
18331,
18275,
18331,
18333,
18368,
18335,
18338,
18338,
18341,
18344,
18344,
18346,
18349,
18349,
18352,
18355,
18355,
18358,
18361,
18361,
18365,
18368,
18368,
18338,
18344,
18344,
18349,
18355,
18355,
18361,
18368,
18344,
18355,
18368,
18278,
18280,
18327,
18278,
18327,
18329,
18291,
18293,
18315,
18291,
18315,
18317,
18276,
18274,
18308,
18276,
18308,
18306,
18282,
18284,
18323,
18282,
18323,
18325,
18297,
18275,
18333,
18297,
18333,
18312,
18290,
18289,
18265,
18290,
18265,
18267,
18284,
18286,
18321,
18284,
18321,
18323,
18296,
18294,
18271,
18296,
18271,
18273,
18277,
18278,
18329,
18277,
18329,
18331,
18293,
18295,
18311,
18293,
18311,
18315,
18287,
18285,
18298,
18287,
18298,
18263,
18292,
18290,
18267,
18292,
18267,
18269,
18279,
18276,
18306,
18279,
18306,
18304,
18285,
18283,
18300,
18285,
18300,
18298,
18270,
18339,
18336,
18270,
18336,
18272,
18270,
18272,
18273,
18270,
18273,
18271,
18268,
18270,
18271,
18268,
18271,
18269,
18266,
18268,
18269,
18266,
18269,
18267,
18264,
18266,
18267,
18264,
18267,
18265,
18262,
18264,
18265,
18262,
18265,
18263,
18299,
18262,
18263,
18299,
18263,
18298,
18301,
18299,
18298,
18301,
18298,
18300,
18303,
18301,
18300,
18303,
18300,
18302,
18305,
18303,
18302,
18305,
18302,
18304,
18307,
18305,
18304,
18307,
18304,
18306,
18309,
18307,
18306,
18309,
18306,
18308,
18272,
18309,
18308,
18272,
18308,
18273,
18311,
18310,
18314,
18311,
18314,
18315,
18315,
18314,
18316,
18315,
18316,
18317,
18317,
18316,
18318,
18317,
18318,
18319,
18319,
18318,
18320,
18319,
18320,
18321,
18321,
18320,
18322,
18321,
18322,
18323,
18323,
18322,
18324,
18323,
18324,
18325,
18325,
18324,
18326,
18325,
18326,
18327,
18327,
18326,
18328,
18327,
18328,
18329,
18329,
18328,
18330,
18329,
18330,
18331,
18331,
18330,
18332,
18331,
18332,
18333,
18333,
18332,
18313,
18333,
18313,
18312,
18295,
18297,
18312,
18295,
18312,
18311,
18337,
18339,
18342,
18337,
18342,
18340,
18270,
18268,
18342,
18270,
18342,
18339,
18340,
18342,
18345,
18340,
18345,
18343,
18268,
18266,
18345,
18268,
18345,
18342,
18343,
18345,
18348,
18343,
18348,
18347,
18266,
18264,
18348,
18266,
18348,
18345,
18347,
18348,
18351,
18347,
18351,
18350,
18264,
18262,
18351,
18264,
18351,
18348,
18350,
18351,
18354,
18350,
18354,
18353,
18262,
18299,
18354,
18262,
18354,
18351,
18353,
18354,
18357,
18353,
18357,
18356,
18299,
18301,
18357,
18299,
18357,
18354,
18356,
18357,
18360,
18356,
18360,
18359,
18301,
18303,
18360,
18301,
18360,
18357,
18359,
18360,
18363,
18359,
18363,
18362,
18303,
18305,
18363,
18303,
18363,
18360,
18362,
18363,
18366,
18362,
18366,
18364,
18305,
18307,
18366,
18305,
18366,
18363,
18364,
18366,
18369,
18364,
18369,
18367,
18307,
18309,
18369,
18307,
18369,
18366,
18367,
18369,
18336,
18367,
18336,
18334,
18309,
18272,
18336,
18309,
18336,
18369,
18332,
18330,
18380,
18332,
18380,
18381,
18328,
18379,
18380,
18328,
18380,
18330,
18326,
18378,
18379,
18326,
18379,
18328,
18324,
18377,
18378,
18324,
18378,
18326,
18322,
18376,
18377,
18322,
18377,
18324,
18320,
18375,
18376,
18320,
18376,
18322,
18318,
18374,
18375,
18318,
18375,
18320,
18318,
18316,
18373,
18318,
18373,
18374,
18314,
18372,
18373,
18314,
18373,
18316,
18310,
18371,
18372,
18310,
18372,
18314,
18313,
18370,
18371,
18313,
18371,
18310,
18312,
18313,
18310,
18312,
18310,
18311,
18334,
18336,
18339,
18334,
18339,
18337,
18382,
18383,
18385,
18382,
18385,
18384,
18403,
18402,
18387,
18403,
18387,
18386,
18385,
18383,
18388,
18385,
18388,
18389,
18390,
18392,
18393,
18390,
18393,
18391,
18405,
18394,
18395,
18405,
18395,
18404,
18393,
18397,
18396,
18393,
18396,
18391,
18382,
18390,
18391,
18382,
18391,
18383,
18383,
18391,
18396,
18383,
18396,
18388,
18403,
18405,
18390,
18403,
18390,
18382,
18394,
18400,
18401,
18394,
18401,
18395,
18389,
18397,
18393,
18389,
18393,
18385,
18388,
18396,
18397,
18388,
18397,
18389,
18402,
18404,
18395,
18402,
18395,
18387,
18385,
18393,
18392,
18385,
18392,
18384,
18399,
18401,
18400,
18399,
18400,
18398,
18386,
18398,
18400,
18386,
18400,
18394,
18387,
18399,
18398,
18387,
18398,
18386,
18395,
18401,
18399,
18395,
18399,
18387,
18384,
18392,
18404,
18384,
18404,
18402,
18386,
18394,
18405,
18386,
18405,
18403,
18390,
18405,
18404,
18390,
18404,
18392,
18382,
18384,
18402,
18382,
18402,
18403,
18410,
19066,
19857,
18410,
19857,
19046,
18417,
19047,
19857,
18417,
19857,
19066,
18471,
19046,
19857,
18471,
19857,
19047,
18908,
19792,
19858,
18908,
19858,
19762,
19792,
18911,
19052,
19792,
19052,
19858,
19858,
19052,
18427,
19858,
18427,
18970,
19762,
19858,
18970,
19762,
18970,
18429,
18915,
19791,
19859,
18915,
19859,
19147,
19791,
18907,
19761,
19791,
19761,
19859,
19859,
19761,
18535,
19859,
18535,
19089,
19147,
19859,
19089,
19147,
19089,
18501,
18908,
19762,
19860,
18908,
19860,
19790,
19762,
18429,
18974,
19762,
18974,
19860,
19860,
18974,
18423,
19860,
18423,
19766,
19790,
19860,
19766,
19790,
19766,
18912,
18910,
19789,
19861,
18910,
19861,
19764,
19789,
18909,
19763,
19789,
19763,
19861,
19861,
19763,
18431,
19861,
18431,
18976,
19764,
19861,
18976,
19764,
18976,
18425,
18906,
19760,
19862,
18906,
19862,
19788,
19760,
18495,
18978,
19760,
18978,
19862,
19862,
18978,
18531,
19862,
18531,
19067,
19788,
19862,
19067,
19788,
19067,
18913,
18943,
19856,
19863,
18943,
19863,
19829,
19856,
18944,
19142,
19856,
19142,
19863,
19863,
19142,
18441,
19863,
18441,
18985,
19829,
19863,
18985,
19829,
18985,
18440,
18946,
19855,
19864,
18946,
19864,
19148,
19855,
18947,
19833,
19855,
19833,
19864,
19864,
19833,
18551,
19864,
18551,
18982,
19148,
19864,
18982,
19148,
18982,
18488,
18945,
19854,
19865,
18945,
19865,
19831,
19854,
18943,
19829,
19854,
19829,
19865,
19865,
19829,
18440,
19865,
18440,
18983,
19831,
19865,
18983,
19831,
18983,
18439,
18412,
18960,
19866,
18412,
19866,
19136,
18960,
18414,
19137,
18960,
19137,
19866,
19866,
19137,
18486,
19866,
18486,
19115,
19136,
19866,
19115,
19136,
19115,
18476,
18926,
19824,
19867,
18926,
19867,
18993,
19824,
18931,
19139,
19824,
19139,
19867,
19867,
19139,
18488,
19867,
18488,
18982,
18993,
19867,
18982,
18993,
18982,
18551,
18939,
19853,
19868,
18939,
19868,
18984,
19853,
18940,
19826,
19853,
19826,
19868,
19868,
19826,
18437,
19868,
18437,
18981,
18984,
19868,
18981,
18984,
18981,
18493,
18942,
19852,
19869,
18942,
19869,
19828,
19852,
18939,
18984,
19852,
18984,
19869,
19869,
18984,
18493,
19869,
18493,
19087,
19828,
19869,
19087,
19828,
19087,
18553,
18927,
19823,
19870,
18927,
19870,
18994,
19823,
18923,
18988,
19823,
18988,
19870,
19870,
18988,
18493,
19870,
18493,
18981,
18994,
19870,
18981,
18994,
18981,
18437,
18496,
19092,
19871,
18496,
19871,
19145,
19092,
18482,
19144,
19092,
19144,
19871,
19871,
19144,
18406,
19871,
18406,
18956,
19145,
19871,
18956,
19145,
18956,
18407,
18911,
19787,
19872,
18911,
19872,
19052,
19787,
18910,
19764,
19787,
19764,
19872,
19872,
19764,
18425,
19872,
18425,
18980,
19052,
19872,
18980,
19052,
18980,
18427,
18406,
19069,
19873,
18406,
19873,
18956,
19069,
18471,
19076,
19069,
19076,
19873,
19873,
19076,
18470,
19873,
18470,
19070,
18956,
19873,
19070,
18956,
19070,
18407,
18471,
19069,
19874,
18471,
19874,
19046,
18406,
19053,
19874,
18406,
19874,
19069,
18410,
19046,
19874,
18410,
19874,
19053,
18506,
19152,
19875,
18506,
19875,
18955,
19152,
18457,
19073,
19152,
19073,
19875,
19875,
19073,
18596,
19875,
18596,
19063,
18955,
19875,
19063,
18955,
19063,
18507,
18561,
19007,
19876,
18561,
19876,
19108,
19007,
18550,
19119,
19007,
19119,
19876,
19876,
19119,
18487,
19876,
18487,
19140,
19108,
19876,
19140,
19108,
19140,
18472,
18469,
19106,
19877,
18469,
19877,
18990,
19106,
18433,
18995,
19106,
18995,
19877,
19877,
18995,
18436,
19877,
18436,
19107,
18990,
19877,
19107,
18990,
19107,
18478,
18407,
19070,
19878,
18407,
19878,
19077,
19070,
18470,
19102,
19070,
19102,
19878,
19878,
19102,
18457,
19878,
18457,
19152,
19077,
19878,
19152,
19077,
19152,
18506,
18472,
19140,
19879,
18472,
19879,
19008,
19140,
18487,
18999,
19140,
18999,
19879,
19879,
18999,
18432,
19879,
18432,
18997,
19008,
19879,
18997,
19008,
18997,
18434,
18923,
19822,
19880,
18923,
19880,
18988,
19822,
18930,
19800,
19822,
19800,
19880,
19880,
19800,
18553,
19880,
18553,
19087,
18988,
19880,
19087,
18988,
19087,
18493,
18931,
19821,
19881,
18931,
19881,
19139,
19821,
18928,
19798,
19821,
19798,
19881,
19881,
19798,
18441,
19881,
18441,
19086,
19139,
19881,
19086,
19139,
19086,
18488,
18925,
19820,
19882,
18925,
19882,
18992,
19820,
18929,
19799,
19820,
19799,
19882,
19882,
19799,
18439,
19882,
18439,
18983,
18992,
19882,
18983,
18992,
18983,
18440,
18944,
19851,
19883,
18944,
19883,
19142,
19851,
18946,
19148,
19851,
19148,
19883,
19883,
19148,
18488,
19883,
18488,
19086,
19142,
19883,
19086,
19142,
19086,
18441,
18928,
19819,
19884,
18928,
19884,
19798,
19819,
18925,
18992,
19819,
18992,
19884,
19884,
18992,
18440,
19884,
18440,
18985,
19798,
19884,
18985,
19798,
18985,
18441,
18924,
19818,
19885,
18924,
19885,
18991,
19818,
18927,
18994,
19818,
18994,
19885,
19885,
18994,
18437,
19885,
18437,
18986,
18991,
19885,
18986,
18991,
18986,
18438,
18929,
19817,
19886,
18929,
19886,
19799,
19817,
18924,
18991,
19817,
18991,
19886,
19886,
18991,
18438,
19886,
18438,
18987,
19799,
19886,
18987,
19799,
18987,
18439,
18909,
19786,
19887,
18909,
19887,
19763,
19786,
18915,
19147,
19786,
19147,
19887,
19887,
19147,
18501,
19887,
18501,
18972,
19763,
19887,
18972,
19763,
18972,
18431,
18912,
19766,
19888,
18912,
19888,
19785,
19766,
18423,
19110,
19766,
19110,
19888,
19888,
19110,
18495,
19888,
18495,
19760,
19785,
19888,
19760,
19785,
19760,
18906,
18477,
19020,
19889,
18477,
19889,
19120,
19020,
18472,
19008,
19020,
19008,
19889,
19889,
19008,
18434,
19889,
18434,
18996,
19120,
19889,
18996,
19120,
18996,
18435,
18477,
19120,
19890,
18477,
19890,
19026,
19120,
18435,
18998,
19120,
18998,
19890,
19890,
18998,
18433,
19890,
18433,
19106,
19026,
19890,
19106,
19026,
19106,
18469,
18505,
18962,
19891,
18505,
19891,
19057,
18962,
18412,
19136,
18962,
19136,
19891,
19891,
19136,
18476,
19891,
18476,
19126,
19057,
19891,
19126,
19057,
19126,
18454,
18410,
19053,
19892,
18410,
19892,
19143,
19053,
18406,
19144,
19053,
19144,
19892,
19892,
19144,
18482,
19892,
18482,
19122,
19143,
19892,
19122,
19143,
19122,
18490,
18444,
19074,
19893,
18444,
19893,
19023,
19074,
18496,
19145,
19074,
19145,
19893,
19893,
19145,
18407,
19893,
18407,
19077,
19023,
19893,
19077,
19023,
19077,
18506,
18414,
18958,
19894,
18414,
19894,
19137,
18958,
18410,
19143,
18958,
19143,
19894,
19894,
19143,
18490,
19894,
18490,
19098,
19137,
19894,
19098,
19137,
19098,
18486,
18562,
19010,
19895,
18562,
19895,
19006,
19010,
18469,
18990,
19010,
18990,
19895,
19895,
18990,
18478,
19895,
18478,
19000,
19006,
19895,
19000,
19006,
19000,
18548,
18533,
18977,
19896,
18533,
19896,
19011,
18977,
18494,
19109,
18977,
19109,
19896,
19896,
19109,
18422,
19896,
18422,
19012,
19011,
19896,
19012,
19011,
19012,
18563,
18422,
18973,
19897,
18422,
19897,
19012,
18428,
19013,
19897,
18428,
19897,
18973,
18563,
19012,
19897,
18563,
19897,
19013,
18428,
18969,
19898,
18428,
19898,
19013,
18426,
19014,
19898,
18426,
19898,
18969,
18563,
19013,
19898,
18563,
19898,
19014,
18426,
18979,
19899,
18426,
19899,
19014,
18424,
19015,
19899,
18424,
19899,
18979,
18563,
19014,
19899,
18563,
19899,
19015,
18424,
18975,
19900,
18424,
19900,
19015,
18430,
19016,
19900,
18430,
19900,
18975,
18563,
19015,
19900,
18563,
19900,
19016,
18430,
18971,
19901,
18430,
19901,
19016,
18971,
18500,
19088,
18971,
19088,
19901,
19901,
19088,
18534,
19901,
18534,
19017,
19016,
19901,
19017,
19016,
19017,
18563,
18418,
18965,
19902,
18418,
19902,
19038,
18965,
18420,
19037,
18965,
19037,
19902,
19902,
19037,
18467,
19902,
18467,
19030,
19038,
19902,
19030,
19038,
19030,
18463,
18408,
18957,
19903,
18408,
19903,
19039,
18957,
18413,
19043,
18957,
19043,
19903,
19903,
19043,
18455,
19903,
18455,
19018,
19039,
19903,
19018,
19039,
19018,
18448,
18504,
19084,
19904,
18504,
19904,
19054,
19084,
18512,
19044,
19084,
19044,
19904,
19904,
19044,
18567,
19904,
18567,
19104,
19054,
19904,
19104,
19054,
19104,
18465,
18420,
18963,
19905,
18420,
19905,
19037,
18963,
18415,
19041,
18963,
19041,
19905,
19905,
19041,
18458,
19905,
18458,
19027,
19037,
19905,
19027,
19037,
19027,
18467,
18502,
18967,
19906,
18502,
19906,
19056,
18967,
18418,
19038,
18967,
19038,
19906,
19906,
19038,
18463,
19906,
18463,
19033,
19056,
19906,
19033,
19056,
19033,
18461,
18413,
18959,
19907,
18413,
19907,
19043,
18959,
18411,
19045,
18959,
19045,
19907,
19907,
19045,
18451,
19907,
18451,
19021,
19043,
19907,
19021,
19043,
19021,
18455,
18416,
19065,
19908,
18416,
19908,
19042,
19065,
18409,
19040,
19065,
19040,
19908,
19908,
19040,
18449,
19908,
18449,
19061,
19042,
19908,
19061,
19042,
19061,
18459,
18460,
19062,
19909,
18460,
19909,
19028,
19062,
18450,
19019,
19062,
19019,
19909,
19909,
19019,
18456,
19909,
18456,
19060,
19028,
19909,
19060,
19028,
19060,
18468,
18468,
19060,
19910,
18468,
19910,
19031,
19060,
18456,
19022,
19060,
19022,
19910,
19910,
19022,
18452,
19910,
18452,
19059,
19031,
19910,
19059,
19031,
19059,
18464,
18462,
19029,
19911,
18462,
19911,
19083,
19029,
18466,
19105,
19029,
19105,
19911,
19911,
19105,
18566,
19911,
18566,
19058,
19083,
19911,
19058,
19083,
19058,
18584,
18560,
19004,
19912,
18560,
19912,
19009,
19004,
18477,
19026,
19004,
19026,
19912,
19912,
19026,
18469,
19912,
18469,
19010,
19009,
19912,
19010,
19009,
19010,
18562,
18560,
19005,
19913,
18560,
19913,
19004,
19005,
18561,
19108,
19005,
19108,
19913,
19913,
19108,
18472,
19913,
18472,
19020,
19004,
19913,
19020,
19004,
19020,
18477,
18511,
19085,
19914,
18511,
19914,
19135,
19085,
18505,
19057,
19085,
19057,
19914,
19914,
19057,
18454,
19914,
18454,
19081,
19135,
19914,
19081,
19135,
19081,
18636,
18941,
19850,
19915,
18941,
19915,
19134,
19850,
18945,
19831,
19850,
19831,
19915,
19915,
19831,
18439,
19915,
18439,
18987,
19134,
19915,
18987,
19134,
18987,
18438,
18624,
19129,
19916,
18624,
19916,
19149,
19129,
18444,
19023,
19129,
19023,
19916,
19916,
19023,
18506,
19916,
18506,
18955,
19149,
19916,
18955,
19149,
18955,
18507,
18635,
19080,
19917,
18635,
19917,
19103,
19080,
18453,
19035,
19080,
19035,
19917,
19917,
19035,
18447,
19917,
18447,
19128,
19103,
19917,
19128,
19103,
19128,
18637,
18481,
19091,
19918,
18481,
19918,
19090,
19091,
18497,
19093,
19091,
19093,
19918,
19918,
19093,
18499,
19918,
18499,
19095,
19090,
19918,
19095,
19090,
19095,
18480,
18485,
19097,
19919,
18485,
19919,
19096,
19097,
18489,
19099,
19097,
19099,
19919,
19919,
19099,
18492,
19919,
18492,
19101,
19096,
19919,
19101,
19096,
19101,
18484,
18411,
18961,
19920,
18411,
19920,
19045,
18961,
18504,
19054,
18961,
19054,
19920,
19920,
19054,
18465,
19920,
18465,
19024,
19045,
19920,
19024,
19045,
19024,
18451,
18464,
19059,
19921,
18464,
19921,
19034,
19059,
18452,
19025,
19059,
19025,
19921,
19921,
19025,
18466,
19921,
18466,
19029,
19034,
19921,
19029,
19034,
19029,
18462,
18497,
19075,
19922,
18497,
19922,
19093,
19075,
18445,
19032,
19075,
19032,
19922,
19922,
19032,
18443,
19922,
18443,
19132,
19093,
19922,
19132,
19093,
19132,
18499,
18475,
19114,
19923,
18475,
19923,
19113,
19114,
18485,
19096,
19114,
19096,
19923,
19923,
19096,
18484,
19923,
18484,
19117,
19113,
19923,
19117,
19113,
19117,
18474,
18523,
19111,
19924,
18523,
19924,
19036,
19111,
18502,
19056,
19111,
19056,
19924,
19924,
19056,
18461,
19924,
18461,
19082,
19036,
19924,
19082,
19036,
19082,
18583,
18489,
19121,
19925,
18489,
19925,
19099,
19121,
18481,
19090,
19121,
19090,
19925,
19925,
19090,
18480,
19925,
18480,
19124,
19099,
19925,
19124,
19099,
19124,
18492,
18453,
19125,
19926,
18453,
19926,
19035,
19125,
18475,
19113,
19125,
19113,
19926,
19926,
19113,
18474,
19926,
18474,
19079,
19035,
19926,
19079,
19035,
19079,
18447,
18445,
19130,
19927,
18445,
19927,
19032,
19130,
18626,
19118,
19130,
19118,
19927,
19927,
19118,
18622,
19927,
18622,
19072,
19032,
19927,
19072,
19032,
19072,
18443,
18940,
19849,
19928,
18940,
19928,
19826,
19849,
18941,
19134,
19849,
19134,
19928,
19928,
19134,
18438,
19928,
18438,
18986,
19826,
19928,
18986,
19826,
18986,
18437,
18515,
19234,
19929,
18515,
19929,
19250,
18595,
19235,
19929,
18595,
19929,
19234,
18522,
19250,
19929,
18522,
19929,
19235,
18917,
19771,
19930,
18917,
19930,
19784,
19771,
18541,
19168,
19771,
19168,
19930,
19930,
19168,
18539,
19930,
18539,
19239,
19784,
19930,
19239,
19784,
19239,
18920,
18922,
19325,
19931,
18922,
19931,
19783,
19325,
18632,
19271,
19325,
19271,
19931,
19931,
19271,
18535,
19931,
18535,
19761,
19783,
19931,
19761,
19783,
19761,
18907,
18917,
19782,
19932,
18917,
19932,
19771,
19782,
18921,
19775,
19782,
19775,
19932,
19932,
19775,
18530,
19932,
18530,
19172,
19771,
19932,
19172,
19771,
19172,
18541,
18919,
19773,
19933,
18919,
19933,
19781,
19773,
18537,
19174,
19773,
19174,
19933,
19933,
19174,
18543,
19933,
18543,
19772,
19781,
19933,
19772,
19781,
19772,
18918,
18916,
19780,
19934,
18916,
19934,
19770,
19780,
18914,
19068,
19780,
19068,
19934,
19934,
19068,
18532,
19934,
18532,
19175,
19770,
19934,
19175,
19770,
19175,
18621,
18951,
19837,
19935,
18951,
19935,
19848,
19837,
18556,
19183,
19837,
19183,
19935,
19935,
19183,
18557,
19935,
18557,
19320,
19848,
19935,
19320,
19848,
19320,
18952,
18954,
19326,
19936,
18954,
19936,
19847,
19326,
18614,
19180,
19326,
19180,
19936,
19936,
19180,
18551,
19936,
18551,
19833,
19847,
19936,
19833,
19847,
19833,
18947,
18953,
19839,
19937,
18953,
19937,
19846,
19839,
18555,
19181,
19839,
19181,
19937,
19937,
19181,
18556,
19937,
18556,
19837,
19846,
19937,
19837,
19846,
19837,
18951,
18517,
19315,
19938,
18517,
19938,
19158,
19315,
18602,
19296,
19315,
19296,
19938,
19938,
19296,
18612,
19938,
18612,
19316,
19158,
19938,
19316,
19158,
19316,
18519,
18926,
18993,
19939,
18926,
19939,
19816,
18993,
18551,
19180,
18993,
19180,
19939,
19939,
19180,
18614,
19939,
18614,
19317,
19816,
19939,
19317,
19816,
19317,
18938,
18948,
19182,
19940,
18948,
19940,
19845,
19182,
18619,
19179,
19182,
19179,
19940,
19940,
19179,
18552,
19940,
18552,
19835,
19845,
19940,
19835,
19845,
19835,
18949,
18942,
19828,
19941,
18942,
19941,
19844,
19828,
18553,
19269,
19828,
19269,
19941,
19941,
19269,
18619,
19941,
18619,
19182,
19844,
19941,
19182,
19844,
19182,
18948,
18935,
19191,
19942,
18935,
19942,
19815,
19191,
18552,
19179,
19191,
19179,
19942,
19942,
19179,
18619,
19942,
18619,
19186,
19815,
19942,
19186,
19815,
19186,
18932,
18627,
19323,
19943,
18627,
19943,
19274,
19323,
18510,
19154,
19323,
19154,
19943,
19943,
19154,
18509,
19943,
18509,
19322,
19274,
19943,
19322,
19274,
19322,
18608,
18920,
19239,
19944,
18920,
19944,
19779,
19239,
18539,
19178,
19239,
19178,
19944,
19944,
19178,
18537,
19944,
18537,
19773,
19779,
19944,
19773,
19779,
19773,
18919,
18509,
19154,
19945,
18509,
19945,
19251,
19154,
18510,
19252,
19154,
19252,
19945,
19945,
19252,
18594,
19945,
18594,
19258,
19251,
19945,
19258,
19251,
19258,
18595,
18595,
19234,
19946,
18595,
19946,
19251,
18515,
19240,
19946,
18515,
19946,
19234,
18509,
19251,
19946,
18509,
19946,
19240,
18641,
19153,
19947,
18641,
19947,
19327,
19153,
18508,
19064,
19153,
19064,
19947,
19947,
19064,
18597,
19947,
18597,
19255,
19327,
19947,
19255,
19327,
19255,
18579,
18561,
19289,
19948,
18561,
19948,
19007,
19289,
18598,
19318,
19289,
19318,
19948,
19948,
19318,
18613,
19948,
18613,
19299,
19007,
19948,
19299,
19007,
19299,
18550,
18593,
19188,
19949,
18593,
19949,
19287,
19188,
18604,
19288,
19188,
19288,
19949,
19949,
19288,
18549,
19949,
18549,
19192,
19287,
19949,
19192,
19287,
19192,
18545,
18510,
19259,
19950,
18510,
19950,
19252,
19259,
18641,
19327,
19259,
19327,
19950,
19950,
19327,
18579,
19950,
18579,
19284,
19252,
19950,
19284,
19252,
19284,
18594,
18598,
19201,
19951,
18598,
19951,
19318,
19201,
18546,
19194,
19201,
19194,
19951,
19951,
19194,
18544,
19951,
18544,
19196,
19318,
19951,
19196,
19318,
19196,
18613,
18932,
19186,
19952,
18932,
19952,
19814,
19186,
18619,
19269,
19186,
19269,
19952,
19952,
19269,
18553,
19952,
18553,
19800,
19814,
19952,
19800,
19814,
19800,
18930,
18938,
19317,
19953,
18938,
19953,
19813,
19317,
18614,
19268,
19317,
19268,
19953,
19953,
19268,
18557,
19953,
18557,
19806,
19813,
19953,
19806,
19813,
19806,
18936,
18934,
19190,
19954,
18934,
19954,
19812,
19190,
18556,
19181,
19190,
19181,
19954,
19954,
19181,
18555,
19954,
18555,
19807,
19812,
19954,
19807,
19812,
19807,
18937,
18952,
19320,
19955,
18952,
19955,
19843,
19320,
18557,
19268,
19320,
19268,
19955,
19955,
19268,
18614,
19955,
18614,
19326,
19843,
19955,
19326,
19843,
19326,
18954,
18936,
19806,
19956,
18936,
19956,
19811,
19806,
18557,
19183,
19806,
19183,
19956,
19956,
19183,
18556,
19956,
18556,
19190,
19811,
19956,
19190,
19811,
19190,
18934,
18933,
19189,
19957,
18933,
19957,
19810,
19189,
18554,
19184,
19189,
19184,
19957,
19957,
19184,
18552,
19957,
18552,
19191,
19810,
19957,
19191,
19810,
19191,
18935,
18937,
19807,
19958,
18937,
19958,
19809,
19807,
18555,
19185,
19807,
19185,
19958,
19958,
19185,
18554,
19958,
18554,
19189,
19809,
19958,
19189,
19809,
19189,
18933,
18918,
19772,
19959,
18918,
19959,
19778,
19772,
18543,
19170,
19772,
19170,
19959,
19959,
19170,
18632,
19959,
18632,
19325,
19778,
19959,
19325,
19778,
19325,
18922,
18921,
19777,
19960,
18921,
19960,
19775,
19777,
18916,
19770,
19777,
19770,
19960,
19960,
19770,
18621,
19960,
18621,
19291,
19775,
19960,
19291,
19775,
19291,
18530,
18603,
19300,
19961,
18603,
19961,
19210,
19300,
18547,
19193,
19300,
19193,
19961,
19961,
19193,
18546,
19961,
18546,
19201,
19210,
19961,
19201,
19210,
19201,
18598,
18603,
19216,
19962,
18603,
19962,
19300,
19216,
18593,
19287,
19216,
19287,
19962,
19962,
19287,
18545,
19962,
18545,
19195,
19300,
19962,
19195,
19300,
19195,
18547,
18640,
19244,
19963,
18640,
19963,
19160,
19244,
18576,
19306,
19244,
19306,
19963,
19963,
19306,
18602,
19963,
18602,
19315,
19160,
19963,
19315,
19160,
19315,
18517,
18515,
19321,
19964,
18515,
19964,
19240,
19321,
18616,
19302,
19321,
19302,
19964,
19964,
19302,
18608,
19964,
18608,
19322,
19240,
19964,
19322,
19240,
19322,
18509,
18564,
19213,
19965,
18564,
19965,
19256,
19213,
18641,
19259,
19213,
19259,
19965,
19965,
19259,
18510,
19965,
18510,
19323,
19256,
19965,
19323,
19256,
19323,
18627,
18519,
19316,
19966,
18519,
19966,
19156,
19316,
18612,
19280,
19316,
19280,
19966,
19966,
19280,
18616,
19966,
18616,
19321,
19156,
19966,
19321,
19156,
19321,
18515,
18562,
19006,
19967,
18562,
19967,
19202,
19006,
18548,
19197,
19006,
19197,
19967,
19967,
19197,
18604,
19967,
18604,
19188,
19202,
19967,
19188,
19202,
19188,
18593,
18533,
19011,
19968,
18533,
19968,
19176,
19011,
18563,
19203,
19011,
19203,
19968,
19968,
19203,
18529,
19968,
18529,
19290,
19176,
19968,
19290,
19176,
19290,
18620,
18529,
19203,
19969,
18529,
19969,
19171,
18563,
19204,
19969,
18563,
19969,
19203,
18540,
19171,
19969,
18540,
19969,
19204,
18540,
19204,
19970,
18540,
19970,
19167,
18563,
19205,
19970,
18563,
19970,
19204,
18538,
19167,
19970,
18538,
19970,
19205,
18538,
19205,
19971,
18538,
19971,
19177,
18563,
19206,
19971,
18563,
19971,
19205,
18536,
19177,
19971,
18536,
19971,
19206,
18536,
19206,
19972,
18536,
19972,
19173,
18563,
19207,
19972,
18563,
19972,
19206,
18542,
19173,
19972,
18542,
19972,
19207,
18542,
19207,
19973,
18542,
19973,
19169,
19207,
18563,
19017,
19207,
19017,
19973,
19973,
19017,
18534,
19973,
18534,
19270,
19169,
19973,
19270,
19169,
19270,
18631,
18525,
19227,
19974,
18525,
19974,
19163,
19227,
18587,
19220,
19227,
19220,
19974,
19974,
19220,
18591,
19974,
18591,
19226,
19163,
19974,
19226,
19163,
19226,
18527,
18513,
19228,
19975,
18513,
19975,
19155,
19228,
18570,
19208,
19228,
19208,
19975,
19975,
19208,
18577,
19975,
18577,
19232,
19155,
19975,
19232,
19155,
19232,
18518,
18639,
19241,
19976,
18639,
19976,
19266,
19241,
18589,
19285,
19241,
19285,
19976,
19976,
19285,
18567,
19976,
18567,
19044,
19266,
19976,
19044,
19266,
19044,
18512,
18527,
19226,
19977,
18527,
19977,
19161,
19226,
18591,
19217,
19226,
19217,
19977,
19977,
19217,
18580,
19977,
18580,
19230,
19161,
19977,
19230,
19161,
19230,
18520,
18633,
19243,
19978,
18633,
19978,
19165,
19243,
18585,
19223,
19243,
19223,
19978,
19978,
19223,
18587,
19978,
18587,
19227,
19165,
19978,
19227,
19165,
19227,
18525,
18518,
19232,
19979,
18518,
19979,
19157,
19232,
18577,
19211,
19232,
19211,
19979,
19979,
19211,
18573,
19979,
18573,
19233,
19157,
19979,
19233,
19157,
19233,
18516,
18521,
19231,
19980,
18521,
19980,
19249,
19231,
18581,
19247,
19231,
19247,
19980,
19980,
19247,
18571,
19980,
18571,
19229,
19249,
19980,
19229,
19249,
19229,
18514,
18582,
19218,
19981,
18582,
19981,
19248,
19218,
18592,
19246,
19218,
19246,
19981,
19981,
19246,
18578,
19981,
18578,
19209,
19248,
19981,
19209,
19248,
19209,
18572,
18592,
19221,
19982,
18592,
19982,
19246,
19221,
18588,
19245,
19221,
19245,
19982,
19982,
19245,
18574,
19982,
18574,
19212,
19246,
19982,
19212,
19246,
19212,
18578,
18586,
19265,
19983,
18586,
19983,
19219,
19265,
18584,
19058,
19265,
19058,
19983,
19983,
19058,
18566,
19983,
18566,
19286,
19219,
19983,
19286,
19219,
19286,
18590,
18560,
19009,
19984,
18560,
19984,
19200,
19009,
18562,
19202,
19009,
19202,
19984,
19984,
19202,
18593,
19984,
18593,
19216,
19200,
19984,
19216,
19200,
19216,
18603,
18560,
19200,
19985,
18560,
19985,
19005,
19200,
18603,
19210,
19200,
19210,
19985,
19985,
19210,
18598,
19985,
18598,
19289,
19005,
19985,
19289,
19005,
19289,
18561,
18511,
19135,
19986,
18511,
19986,
19267,
19135,
18636,
19263,
19135,
19263,
19986,
19986,
19263,
18576,
19986,
18576,
19244,
19267,
19986,
19244,
19267,
19244,
18640,
18950,
19314,
19987,
18950,
19987,
19842,
19314,
18554,
19185,
19314,
19185,
19987,
19987,
19185,
18555,
19987,
18555,
19839,
19842,
19987,
19839,
19842,
19839,
18953,
18625,
19150,
19988,
18625,
19988,
19309,
19150,
18508,
19153,
19150,
19153,
19988,
19988,
19153,
18641,
19988,
18641,
19213,
19309,
19988,
19213,
19309,
19213,
18564,
18635,
19103,
19989,
18635,
19989,
19262,
19103,
18637,
19308,
19103,
19308,
19989,
19989,
19308,
18569,
19989,
18569,
19225,
19262,
19989,
19225,
19262,
19225,
18575,
18607,
19272,
19990,
18607,
19990,
19273,
19272,
18606,
19277,
19272,
19277,
19990,
19990,
19277,
18630,
19990,
18630,
19275,
19273,
19990,
19275,
19273,
19275,
18628,
18611,
19278,
19991,
18611,
19991,
19279,
19278,
18610,
19283,
19278,
19283,
19991,
19991,
19283,
18618,
19991,
18618,
19281,
19279,
19991,
19281,
19279,
19281,
18615,
18516,
19233,
19992,
18516,
19992,
19159,
19233,
18573,
19214,
19233,
19214,
19992,
19992,
19214,
18589,
19992,
18589,
19241,
19159,
19992,
19241,
19159,
19241,
18639,
18588,
19224,
19993,
18588,
19993,
19245,
19224,
18586,
19219,
19224,
19219,
19993,
19993,
19219,
18590,
19993,
18590,
19215,
19245,
19993,
19215,
19245,
19215,
18574,
18628,
19275,
19994,
18628,
19994,
19257,
19275,
18630,
19312,
19275,
19312,
19994,
19994,
19312,
18559,
19994,
18559,
19222,
19257,
19994,
19222,
19257,
19222,
18565,
18601,
19294,
19995,
18601,
19995,
19295,
19294,
18600,
19298,
19294,
19298,
19995,
19995,
19298,
18610,
19995,
18610,
19278,
19295,
19995,
19278,
19295,
19278,
18611,
18523,
19036,
19996,
18523,
19996,
19292,
19036,
18583,
19264,
19036,
19264,
19996,
19996,
19264,
18585,
19996,
18585,
19243,
19292,
19996,
19243,
19292,
19243,
18633,
18615,
19281,
19997,
18615,
19997,
19301,
19281,
18618,
19304,
19281,
19304,
19997,
19997,
19304,
18606,
19997,
18606,
19272,
19301,
19997,
19272,
19301,
19272,
18607,
18575,
19225,
19998,
18575,
19998,
19305,
19225,
18569,
19261,
19225,
19261,
19998,
19998,
19261,
18600,
19998,
18600,
19294,
19305,
19998,
19294,
19305,
19294,
18601,
18565,
19222,
19999,
18565,
19999,
19310,
19222,
18559,
19254,
19222,
19254,
19999,
19999,
19254,
18622,
19999,
18622,
19118,
19310,
19999,
19118,
19310,
19118,
18626,
18949,
19835,
20000,
18949,
20000,
19841,
19835,
18552,
19184,
19835,
19184,
20000,
20000,
19184,
18554,
20000,
18554,
19314,
19841,
20000,
19314,
19841,
19314,
18950,
18657,
19341,
20001,
18657,
20001,
19445,
19341,
18655,
19444,
19341,
19444,
20001,
20001,
19444,
18703,
20001,
18703,
19419,
19445,
20001,
19419,
19445,
19419,
18705,
18651,
19335,
20002,
18651,
20002,
19442,
19335,
18649,
19440,
19335,
19440,
20002,
20002,
19440,
18697,
20002,
18697,
19410,
19442,
20002,
19410,
19442,
19410,
18699,
18664,
19348,
20003,
18664,
20003,
19439,
19348,
18662,
19448,
19348,
19448,
20003,
20003,
19448,
18711,
20003,
18711,
19431,
19439,
20003,
19431,
19439,
19431,
18713,
18659,
19343,
20004,
18659,
20004,
19446,
19343,
18657,
19445,
19343,
19445,
20004,
20004,
19445,
18705,
20004,
18705,
19422,
19446,
20004,
19422,
19446,
19422,
18707,
18653,
19337,
20005,
18653,
20005,
19443,
19337,
18651,
19442,
19337,
19442,
20005,
20005,
19442,
18699,
20005,
18699,
19413,
19443,
20005,
19413,
19443,
19413,
18701,
18647,
19331,
20006,
18647,
20006,
19438,
19331,
18644,
19436,
19331,
19436,
20006,
20006,
19436,
18691,
20006,
18691,
19404,
19438,
20006,
19404,
19438,
19404,
18695,
18661,
19345,
20007,
18661,
20007,
19447,
19345,
18659,
19446,
19345,
19446,
20007,
20007,
19446,
18707,
20007,
18707,
19425,
19447,
20007,
19425,
19447,
19425,
18709,
18655,
19339,
20008,
18655,
20008,
19444,
19339,
18653,
19443,
19339,
19443,
20008,
20008,
19443,
18701,
20008,
18701,
19416,
19444,
20008,
19416,
19444,
19416,
18703,
18649,
19333,
20009,
18649,
20009,
19440,
19333,
18647,
19438,
19333,
19438,
20009,
20009,
19438,
18695,
20009,
18695,
19407,
19440,
20009,
19407,
19440,
19407,
18697,
18642,
19350,
20010,
18642,
20010,
19437,
19350,
18664,
19439,
19350,
19439,
20010,
20010,
19439,
18713,
20010,
18713,
19434,
19437,
20010,
19434,
19437,
19434,
18692,
18662,
19347,
20011,
18662,
20011,
19448,
19347,
18661,
19447,
19347,
19447,
20011,
20011,
19447,
18709,
20011,
18709,
19428,
19448,
20011,
19428,
19448,
19428,
18711,
18712,
19535,
20012,
18712,
20012,
19435,
19535,
18772,
19532,
19535,
19532,
20012,
20012,
19532,
18750,
20012,
18750,
19534,
19435,
20012,
19534,
19435,
19534,
18693,
18648,
19334,
20013,
18648,
20013,
19392,
19334,
18650,
19393,
19334,
19393,
20013,
20013,
19393,
18674,
20013,
18674,
19364,
19392,
20013,
19364,
19392,
19364,
18672,
18715,
19451,
20014,
18715,
20014,
19496,
18718,
19456,
20014,
18718,
20014,
19451,
18721,
19460,
20014,
18721,
20014,
19456,
18724,
19464,
20014,
18724,
20014,
19460,
18727,
19468,
20014,
18727,
20014,
19464,
18730,
19472,
20014,
18730,
20014,
19468,
18733,
19476,
20014,
18733,
20014,
19472,
18736,
19480,
20014,
18736,
20014,
19476,
18739,
19484,
20014,
18739,
20014,
19480,
18742,
19488,
20014,
18742,
20014,
19484,
18745,
19492,
20014,
18745,
20014,
19488,
18748,
19496,
20014,
18748,
20014,
19492,
18643,
19329,
20015,
18643,
20015,
19389,
19329,
18645,
19390,
19329,
19390,
20015,
20015,
19390,
18668,
20015,
18668,
19355,
19389,
20015,
19355,
19389,
19355,
18666,
18663,
19349,
20016,
18663,
20016,
19399,
19349,
18665,
19388,
19349,
19388,
20016,
20016,
19388,
18688,
20016,
18688,
19385,
19399,
20016,
19385,
19399,
19385,
18686,
18665,
19351,
20017,
18665,
20017,
19388,
19351,
18643,
19389,
19351,
19389,
20017,
20017,
19389,
18666,
20017,
18666,
19387,
19388,
20017,
19387,
19388,
19387,
18688,
18656,
19342,
20018,
18656,
20018,
19396,
19342,
18658,
19397,
19342,
19397,
20018,
20018,
19397,
18682,
20018,
18682,
19376,
19396,
20018,
19376,
19396,
19376,
18680,
18650,
19336,
20019,
18650,
20019,
19393,
19336,
18652,
19394,
19336,
19394,
20019,
20019,
19394,
18676,
20019,
18676,
19367,
19393,
20019,
19367,
19393,
19367,
18674,
18645,
19330,
20020,
18645,
20020,
19390,
19330,
18646,
19391,
19330,
19391,
20020,
20020,
19391,
18670,
20020,
18670,
19358,
19390,
20020,
19358,
19390,
19358,
18668,
18658,
19344,
20021,
18658,
20021,
19397,
19344,
18660,
19398,
19344,
19398,
20021,
20021,
19398,
18684,
20021,
18684,
19379,
19397,
20021,
19379,
19397,
19379,
18682,
18652,
19338,
20022,
18652,
20022,
19394,
19338,
18654,
19395,
19338,
19395,
20022,
20022,
19395,
18678,
20022,
18678,
19370,
19394,
20022,
19370,
19394,
19370,
18676,
18646,
19332,
20023,
18646,
20023,
19391,
19332,
18648,
19392,
19332,
19392,
20023,
20023,
19392,
18672,
20023,
18672,
19361,
19391,
20023,
19361,
19391,
19361,
18670,
18660,
19346,
20024,
18660,
20024,
19398,
19346,
18663,
19399,
19346,
19399,
20024,
20024,
19399,
18686,
20024,
18686,
19382,
19398,
20024,
19382,
19398,
19382,
18684,
18654,
19340,
20025,
18654,
20025,
19395,
19340,
18656,
19396,
19340,
19396,
20025,
20025,
19396,
18680,
20025,
18680,
19373,
19395,
20025,
19373,
19395,
19373,
18678,
18669,
19499,
20026,
18669,
20026,
19352,
19499,
18719,
19454,
19499,
19454,
20026,
20026,
19454,
18716,
20026,
18716,
19498,
19352,
20026,
19498,
19352,
19498,
18667,
18669,
19352,
20027,
18669,
20027,
19353,
19352,
18667,
19354,
19352,
19354,
20027,
20027,
19354,
18666,
20027,
18666,
19355,
19353,
20027,
19355,
19353,
19355,
18668,
18671,
19356,
20028,
18671,
20028,
19357,
19356,
18669,
19353,
19356,
19353,
20028,
20028,
19353,
18668,
20028,
18668,
19358,
19357,
20028,
19358,
19357,
19358,
18670,
18673,
19359,
20029,
18673,
20029,
19360,
19359,
18671,
19357,
19359,
19357,
20029,
20029,
19357,
18670,
20029,
18670,
19361,
19360,
20029,
19361,
19360,
19361,
18672,
18675,
19362,
20030,
18675,
20030,
19363,
19362,
18673,
19360,
19362,
19360,
20030,
20030,
19360,
18672,
20030,
18672,
19364,
19363,
20030,
19364,
19363,
19364,
18674,
18677,
19365,
20031,
18677,
20031,
19366,
19365,
18675,
19363,
19365,
19363,
20031,
20031,
19363,
18674,
20031,
18674,
19367,
19366,
20031,
19367,
19366,
19367,
18676,
18679,
19368,
20032,
18679,
20032,
19369,
19368,
18677,
19366,
19368,
19366,
20032,
20032,
19366,
18676,
20032,
18676,
19370,
19369,
20032,
19370,
19369,
19370,
18678,
18681,
19371,
20033,
18681,
20033,
19372,
19371,
18679,
19369,
19371,
19369,
20033,
20033,
19369,
18678,
20033,
18678,
19373,
19372,
20033,
19373,
19372,
19373,
18680,
18683,
19374,
20034,
18683,
20034,
19375,
19374,
18681,
19372,
19374,
19372,
20034,
20034,
19372,
18680,
20034,
18680,
19376,
19375,
20034,
19376,
19375,
19376,
18682,
18685,
19377,
20035,
18685,
20035,
19378,
19377,
18683,
19375,
19377,
19375,
20035,
20035,
19375,
18682,
20035,
18682,
19379,
19378,
20035,
19379,
19378,
19379,
18684,
18687,
19380,
20036,
18687,
20036,
19381,
19380,
18685,
19378,
19380,
19378,
20036,
20036,
19378,
18684,
20036,
18684,
19382,
19381,
20036,
19382,
19381,
19382,
18686,
18689,
19383,
20037,
18689,
20037,
19384,
19383,
18687,
19381,
19383,
19381,
20037,
20037,
19381,
18686,
20037,
18686,
19385,
19384,
20037,
19385,
19384,
19385,
18688,
18667,
19386,
20038,
18667,
20038,
19354,
19386,
18689,
19384,
19386,
19384,
20038,
20038,
19384,
18688,
20038,
18688,
19387,
19354,
20038,
19387,
19354,
19387,
18666,
18691,
19401,
20039,
18691,
20039,
19404,
19401,
18690,
19406,
19401,
19406,
20039,
20039,
19406,
18694,
20039,
18694,
19405,
19404,
20039,
19405,
19404,
19405,
18695,
18695,
19405,
20040,
18695,
20040,
19407,
19405,
18694,
19409,
19405,
19409,
20040,
20040,
19409,
18696,
20040,
18696,
19408,
19407,
20040,
19408,
19407,
19408,
18697,
18697,
19408,
20041,
18697,
20041,
19410,
19408,
18696,
19412,
19408,
19412,
20041,
20041,
19412,
18698,
20041,
18698,
19411,
19410,
20041,
19411,
19410,
19411,
18699,
18699,
19411,
20042,
18699,
20042,
19413,
19411,
18698,
19415,
19411,
19415,
20042,
20042,
19415,
18700,
20042,
18700,
19414,
19413,
20042,
19414,
19413,
19414,
18701,
18701,
19414,
20043,
18701,
20043,
19416,
19414,
18700,
19418,
19414,
19418,
20043,
20043,
19418,
18702,
20043,
18702,
19417,
19416,
20043,
19417,
19416,
19417,
18703,
18703,
19417,
20044,
18703,
20044,
19419,
19417,
18702,
19421,
19417,
19421,
20044,
20044,
19421,
18704,
20044,
18704,
19420,
19419,
20044,
19420,
19419,
19420,
18705,
18705,
19420,
20045,
18705,
20045,
19422,
19420,
18704,
19424,
19420,
19424,
20045,
20045,
19424,
18706,
20045,
18706,
19423,
19422,
20045,
19423,
19422,
19423,
18707,
18707,
19423,
20046,
18707,
20046,
19425,
19423,
18706,
19427,
19423,
19427,
20046,
20046,
19427,
18708,
20046,
18708,
19426,
19425,
20046,
19426,
19425,
19426,
18709,
18709,
19426,
20047,
18709,
20047,
19428,
19426,
18708,
19430,
19426,
19430,
20047,
20047,
19430,
18710,
20047,
18710,
19429,
19428,
20047,
19429,
19428,
19429,
18711,
18711,
19429,
20048,
18711,
20048,
19431,
19429,
18710,
19433,
19429,
19433,
20048,
20048,
19433,
18712,
20048,
18712,
19432,
19431,
20048,
19432,
19431,
19432,
18713,
18713,
19432,
20049,
18713,
20049,
19434,
19432,
18712,
19435,
19432,
19435,
20049,
20049,
19435,
18693,
20049,
18693,
19402,
19434,
20049,
19402,
19434,
19402,
18692,
18644,
19328,
20050,
18644,
20050,
19436,
19328,
18642,
19437,
19328,
19437,
20050,
20050,
19437,
18692,
20050,
18692,
19400,
19436,
20050,
19400,
19436,
19400,
18691,
18717,
19452,
20051,
18717,
20051,
19455,
19452,
18719,
19458,
19452,
19458,
20051,
20051,
19458,
18722,
20051,
18722,
19457,
19455,
20051,
19457,
19455,
19457,
18720,
18669,
19356,
20052,
18669,
20052,
19499,
19356,
18671,
19501,
19356,
19501,
20052,
20052,
19501,
18722,
20052,
18722,
19458,
19499,
20052,
19458,
19499,
19458,
18719,
18720,
19457,
20053,
18720,
20053,
19459,
19457,
18722,
19462,
19457,
19462,
20053,
20053,
19462,
18725,
20053,
18725,
19461,
19459,
20053,
19461,
19459,
19461,
18723,
18671,
19359,
20054,
18671,
20054,
19501,
19359,
18673,
19502,
19359,
19502,
20054,
20054,
19502,
18725,
20054,
18725,
19462,
19501,
20054,
19462,
19501,
19462,
18722,
18723,
19461,
20055,
18723,
20055,
19463,
19461,
18725,
19466,
19461,
19466,
20055,
20055,
19466,
18728,
20055,
18728,
19465,
19463,
20055,
19465,
19463,
19465,
18726,
18673,
19362,
20056,
18673,
20056,
19502,
19362,
18675,
19503,
19362,
19503,
20056,
20056,
19503,
18728,
20056,
18728,
19466,
19502,
20056,
19466,
19502,
19466,
18725,
18726,
19465,
20057,
18726,
20057,
19467,
19465,
18728,
19470,
19465,
19470,
20057,
20057,
19470,
18731,
20057,
18731,
19469,
19467,
20057,
19469,
19467,
19469,
18729,
18675,
19365,
20058,
18675,
20058,
19503,
19365,
18677,
19504,
19365,
19504,
20058,
20058,
19504,
18731,
20058,
18731,
19470,
19503,
20058,
19470,
19503,
19470,
18728,
18729,
19469,
20059,
18729,
20059,
19471,
19469,
18731,
19474,
19469,
19474,
20059,
20059,
19474,
18734,
20059,
18734,
19473,
19471,
20059,
19473,
19471,
19473,
18732,
18677,
19368,
20060,
18677,
20060,
19504,
19368,
18679,
19505,
19368,
19505,
20060,
20060,
19505,
18734,
20060,
18734,
19474,
19504,
20060,
19474,
19504,
19474,
18731,
18732,
19473,
20061,
18732,
20061,
19475,
19473,
18734,
19478,
19473,
19478,
20061,
20061,
19478,
18737,
20061,
18737,
19477,
19475,
20061,
19477,
19475,
19477,
18735,
18679,
19371,
20062,
18679,
20062,
19505,
19371,
18681,
19506,
19371,
19506,
20062,
20062,
19506,
18737,
20062,
18737,
19478,
19505,
20062,
19478,
19505,
19478,
18734,
18735,
19477,
20063,
18735,
20063,
19479,
19477,
18737,
19482,
19477,
19482,
20063,
20063,
19482,
18740,
20063,
18740,
19481,
19479,
20063,
19481,
19479,
19481,
18738,
18681,
19374,
20064,
18681,
20064,
19506,
19374,
18683,
19507,
19374,
19507,
20064,
20064,
19507,
18740,
20064,
18740,
19482,
19506,
20064,
19482,
19506,
19482,
18737,
18738,
19481,
20065,
18738,
20065,
19483,
19481,
18740,
19486,
19481,
19486,
20065,
20065,
19486,
18743,
20065,
18743,
19485,
19483,
20065,
19485,
19483,
19485,
18741,
18683,
19377,
20066,
18683,
20066,
19507,
19377,
18685,
19508,
19377,
19508,
20066,
20066,
19508,
18743,
20066,
18743,
19486,
19507,
20066,
19486,
19507,
19486,
18740,
18741,
19485,
20067,
18741,
20067,
19487,
19485,
18743,
19490,
19485,
19490,
20067,
20067,
19490,
18746,
20067,
18746,
19489,
19487,
20067,
19489,
19487,
19489,
18744,
18685,
19380,
20068,
18685,
20068,
19508,
19380,
18687,
19509,
19380,
19509,
20068,
20068,
19509,
18746,
20068,
18746,
19490,
19508,
20068,
19490,
19508,
19490,
18743,
18744,
19489,
20069,
18744,
20069,
19491,
19489,
18746,
19494,
19489,
19494,
20069,
20069,
19494,
18749,
20069,
18749,
19493,
19491,
20069,
19493,
19491,
19493,
18747,
18687,
19383,
20070,
18687,
20070,
19509,
19383,
18689,
19500,
19383,
19500,
20070,
20070,
19500,
18749,
20070,
18749,
19494,
19509,
20070,
19494,
19509,
19494,
18746,
18747,
19493,
20071,
18747,
20071,
19495,
19493,
18749,
19497,
19493,
19497,
20071,
20071,
19497,
18716,
20071,
18716,
19453,
19495,
20071,
19453,
19495,
19453,
18714,
18689,
19386,
20072,
18689,
20072,
19500,
19386,
18667,
19498,
19386,
19498,
20072,
20072,
19498,
18716,
20072,
18716,
19497,
19500,
20072,
19497,
19500,
19497,
18749,
18753,
19511,
20073,
18753,
20073,
19513,
18751,
19533,
20073,
18751,
20073,
19511,
18773,
19531,
20073,
18773,
20073,
19533,
18771,
19529,
20073,
18771,
20073,
19531,
18769,
19527,
20073,
18769,
20073,
19529,
18767,
19525,
20073,
18767,
20073,
19527,
18765,
19523,
20073,
18765,
20073,
19525,
18763,
19521,
20073,
18763,
20073,
19523,
18761,
19519,
20073,
18761,
20073,
19521,
18759,
19517,
20073,
18759,
20073,
19519,
18757,
19515,
20073,
18757,
20073,
19517,
18755,
19513,
20073,
18755,
20073,
19515,
18712,
19433,
20074,
18712,
20074,
19535,
19433,
18710,
19449,
19433,
19449,
20074,
20074,
19449,
18770,
20074,
18770,
19530,
19535,
20074,
19530,
19535,
19530,
18772,
18708,
19543,
20075,
18708,
20075,
19430,
19543,
18768,
19528,
19543,
19528,
20075,
20075,
19528,
18770,
20075,
18770,
19449,
19430,
20075,
19449,
19430,
19449,
18710,
18706,
19542,
20076,
18706,
20076,
19427,
19542,
18766,
19526,
19542,
19526,
20076,
20076,
19526,
18768,
20076,
18768,
19543,
19427,
20076,
19543,
19427,
19543,
18708,
18704,
19541,
20077,
18704,
20077,
19424,
19541,
18764,
19524,
19541,
19524,
20077,
20077,
19524,
18766,
20077,
18766,
19542,
19424,
20077,
19542,
19424,
19542,
18706,
18702,
19540,
20078,
18702,
20078,
19421,
19540,
18762,
19522,
19540,
19522,
20078,
20078,
19522,
18764,
20078,
18764,
19541,
19421,
20078,
19541,
19421,
19541,
18704,
18700,
19539,
20079,
18700,
20079,
19418,
19539,
18760,
19520,
19539,
19520,
20079,
20079,
19520,
18762,
20079,
18762,
19540,
19418,
20079,
19540,
19418,
19540,
18702,
18698,
19538,
20080,
18698,
20080,
19415,
19538,
18758,
19518,
19538,
19518,
20080,
20080,
19518,
18760,
20080,
18760,
19539,
19415,
20080,
19539,
19415,
19539,
18700,
18698,
19412,
20081,
18698,
20081,
19538,
19412,
18696,
19441,
19412,
19441,
20081,
20081,
19441,
18756,
20081,
18756,
19516,
19538,
20081,
19516,
19538,
19516,
18758,
18694,
19537,
20082,
18694,
20082,
19409,
19537,
18754,
19514,
19537,
19514,
20082,
20082,
19514,
18756,
20082,
18756,
19441,
19409,
20082,
19441,
19409,
19441,
18696,
18690,
19536,
20083,
18690,
20083,
19406,
19536,
18752,
19512,
19536,
19512,
20083,
20083,
19512,
18754,
20083,
18754,
19537,
19406,
20083,
19537,
19406,
19537,
18694,
18693,
19534,
20084,
18693,
20084,
19403,
19534,
18750,
19510,
19534,
19510,
20084,
20084,
19510,
18752,
20084,
18752,
19536,
19403,
20084,
19536,
19403,
19536,
18690,
18692,
19402,
20085,
18692,
20085,
19400,
19402,
18693,
19403,
19402,
19403,
20085,
20085,
19403,
18690,
20085,
18690,
19401,
19400,
20085,
19401,
19400,
19401,
18691,
18714,
19453,
20086,
18714,
20086,
19450,
19453,
18716,
19454,
19453,
19454,
20086,
20086,
19454,
18719,
20086,
18719,
19452,
19450,
20086,
19452,
19450,
19452,
18717,
18789,
19661,
20087,
18789,
20087,
19557,
19661,
18837,
19635,
19661,
19635,
20087,
20087,
19635,
18835,
20087,
18835,
19660,
19557,
20087,
19660,
19557,
19660,
18787,
18783,
19658,
20088,
18783,
20088,
19551,
19658,
18831,
19626,
19658,
19626,
20088,
20088,
19626,
18829,
20088,
18829,
19656,
19551,
20088,
19656,
19551,
19656,
18781,
18797,
19655,
20089,
18797,
20089,
19565,
19655,
18845,
19647,
19655,
19647,
20089,
20089,
19647,
18843,
20089,
18843,
19664,
19565,
20089,
19664,
19565,
19664,
18795,
18791,
19662,
20090,
18791,
20090,
19559,
19662,
18839,
19638,
19662,
19638,
20090,
20090,
19638,
18837,
20090,
18837,
19661,
19559,
20090,
19661,
19559,
19661,
18789,
18785,
19659,
20091,
18785,
20091,
19553,
19659,
18833,
19629,
19659,
19629,
20091,
20091,
19629,
18831,
20091,
18831,
19658,
19553,
20091,
19658,
19553,
19658,
18783,
18779,
19654,
20092,
18779,
20092,
19547,
19654,
18827,
19620,
19654,
19620,
20092,
20092,
19620,
18823,
20092,
18823,
19652,
19547,
20092,
19652,
19547,
19652,
18777,
18793,
19663,
20093,
18793,
20093,
19561,
19663,
18841,
19641,
19663,
19641,
20093,
20093,
19641,
18839,
20093,
18839,
19662,
19561,
20093,
19662,
19561,
19662,
18791,
18787,
19660,
20094,
18787,
20094,
19555,
19660,
18835,
19632,
19660,
19632,
20094,
20094,
19632,
18833,
20094,
18833,
19659,
19555,
20094,
19659,
19555,
19659,
18785,
18781,
19656,
20095,
18781,
20095,
19549,
19656,
18829,
19623,
19656,
19623,
20095,
20095,
19623,
18827,
20095,
18827,
19654,
19549,
20095,
19654,
19549,
19654,
18779,
18775,
19653,
20096,
18775,
20096,
19567,
19653,
18824,
19650,
19653,
19650,
20096,
20096,
19650,
18845,
20096,
18845,
19655,
19567,
20096,
19655,
19567,
19655,
18797,
18795,
19664,
20097,
18795,
20097,
19563,
19664,
18843,
19644,
19664,
19644,
20097,
20097,
19644,
18841,
20097,
18841,
19663,
19563,
20097,
19663,
19563,
19663,
18793,
18844,
19651,
20098,
18844,
20098,
19751,
19651,
18825,
19750,
19651,
19750,
20098,
20098,
19750,
18882,
20098,
18882,
19748,
19751,
20098,
19748,
19751,
19748,
18904,
18780,
19608,
20099,
18780,
20099,
19550,
19608,
18804,
19580,
19608,
19580,
20099,
20099,
19580,
18806,
20099,
18806,
19609,
19550,
20099,
19609,
19550,
19609,
18782,
18847,
19712,
20100,
18847,
20100,
19667,
18880,
19708,
20100,
18880,
20100,
19712,
18877,
19704,
20100,
18877,
20100,
19708,
18874,
19700,
20100,
18874,
20100,
19704,
18871,
19696,
20100,
18871,
20100,
19700,
18868,
19692,
20100,
18868,
20100,
19696,
18865,
19688,
20100,
18865,
20100,
19692,
18862,
19684,
20100,
18862,
20100,
19688,
18859,
19680,
20100,
18859,
20100,
19684,
18856,
19676,
20100,
18856,
20100,
19680,
18853,
19672,
20100,
18853,
20100,
19676,
18850,
19667,
20100,
18850,
20100,
19672,
18774,
19605,
20101,
18774,
20101,
19544,
19605,
18798,
19571,
19605,
19571,
20101,
20101,
19571,
18800,
20101,
18800,
19606,
19544,
20101,
19606,
19544,
19606,
18776,
18794,
19615,
20102,
18794,
20102,
19564,
19615,
18818,
19601,
19615,
19601,
20102,
20102,
19601,
18820,
20102,
18820,
19604,
19564,
20102,
19604,
19564,
19604,
18796,
18796,
19604,
20103,
18796,
20103,
19566,
19604,
18820,
19603,
19604,
19603,
20103,
20103,
19603,
18798,
20103,
18798,
19605,
19566,
20103,
19605,
19566,
19605,
18774,
18788,
19612,
20104,
18788,
20104,
19558,
19612,
18812,
19592,
19612,
19592,
20104,
20104,
19592,
18814,
20104,
18814,
19613,
19558,
20104,
19613,
19558,
19613,
18790,
18782,
19609,
20105,
18782,
20105,
19552,
19609,
18806,
19583,
19609,
19583,
20105,
20105,
19583,
18808,
20105,
18808,
19610,
19552,
20105,
19610,
19552,
19610,
18784,
18776,
19606,
20106,
18776,
20106,
19546,
19606,
18800,
19574,
19606,
19574,
20106,
20106,
19574,
18802,
20106,
18802,
19607,
19546,
20106,
19607,
19546,
19607,
18778,
18790,
19613,
20107,
18790,
20107,
19560,
19613,
18814,
19595,
19613,
19595,
20107,
20107,
19595,
18816,
20107,
18816,
19614,
19560,
20107,
19614,
19560,
19614,
18792,
18784,
19610,
20108,
18784,
20108,
19554,
19610,
18808,
19586,
19610,
19586,
20108,
20108,
19586,
18810,
20108,
18810,
19611,
19554,
20108,
19611,
19554,
19611,
18786,
18778,
19607,
20109,
18778,
20109,
19548,
19607,
18802,
19577,
19607,
19577,
20109,
20109,
19577,
18804,
20109,
18804,
19608,
19548,
20109,
19608,
19548,
19608,
18780,
18792,
19614,
20110,
18792,
20110,
19562,
19614,
18816,
19598,
19614,
19598,
20110,
20110,
19598,
18818,
20110,
18818,
19615,
19562,
20110,
19615,
19562,
19615,
18794,
18786,
19611,
20111,
18786,
20111,
19556,
19611,
18810,
19589,
19611,
19589,
20111,
20111,
19589,
18812,
20111,
18812,
19612,
19556,
20111,
19612,
19556,
19612,
18788,
18801,
19568,
20112,
18801,
20112,
19715,
19568,
18799,
19714,
19568,
19714,
20112,
20112,
19714,
18848,
20112,
18848,
19670,
19715,
20112,
19670,
19715,
19670,
18851,
18801,
19569,
20113,
18801,
20113,
19568,
19569,
18800,
19571,
19569,
19571,
20113,
20113,
19571,
18798,
20113,
18798,
19570,
19568,
20113,
19570,
19568,
19570,
18799,
18803,
19573,
20114,
18803,
20114,
19572,
19573,
18802,
19574,
19573,
19574,
20114,
20114,
19574,
18800,
20114,
18800,
19569,
19572,
20114,
19569,
19572,
19569,
18801,
18805,
19576,
20115,
18805,
20115,
19575,
19576,
18804,
19577,
19576,
19577,
20115,
20115,
19577,
18802,
20115,
18802,
19573,
19575,
20115,
19573,
19575,
19573,
18803,
18807,
19579,
20116,
18807,
20116,
19578,
19579,
18806,
19580,
19579,
19580,
20116,
20116,
19580,
18804,
20116,
18804,
19576,
19578,
20116,
19576,
19578,
19576,
18805,
18809,
19582,
20117,
18809,
20117,
19581,
19582,
18808,
19583,
19582,
19583,
20117,
20117,
19583,
18806,
20117,
18806,
19579,
19581,
20117,
19579,
19581,
19579,
18807,
18811,
19585,
20118,
18811,
20118,
19584,
19585,
18810,
19586,
19585,
19586,
20118,
20118,
19586,
18808,
20118,
18808,
19582,
19584,
20118,
19582,
19584,
19582,
18809,
18813,
19588,
20119,
18813,
20119,
19587,
19588,
18812,
19589,
19588,
19589,
20119,
20119,
19589,
18810,
20119,
18810,
19585,
19587,
20119,
19585,
19587,
19585,
18811,
18815,
19591,
20120,
18815,
20120,
19590,
19591,
18814,
19592,
19591,
19592,
20120,
20120,
19592,
18812,
20120,
18812,
19588,
19590,
20120,
19588,
19590,
19588,
18813,
18817,
19594,
20121,
18817,
20121,
19593,
19594,
18816,
19595,
19594,
19595,
20121,
20121,
19595,
18814,
20121,
18814,
19591,
19593,
20121,
19591,
19593,
19591,
18815,
18819,
19597,
20122,
18819,
20122,
19596,
19597,
18818,
19598,
19597,
19598,
20122,
20122,
19598,
18816,
20122,
18816,
19594,
19596,
20122,
19594,
19596,
19594,
18817,
18821,
19600,
20123,
18821,
20123,
19599,
19600,
18820,
19601,
19600,
19601,
20123,
20123,
19601,
18818,
20123,
18818,
19597,
19599,
20123,
19597,
19599,
19597,
18819,
18799,
19570,
20124,
18799,
20124,
19602,
19570,
18798,
19603,
19570,
19603,
20124,
20124,
19603,
18820,
20124,
18820,
19600,
19602,
20124,
19600,
19602,
19600,
18821,
18823,
19620,
20125,
18823,
20125,
19617,
19620,
18827,
19621,
19620,
19621,
20125,
20125,
19621,
18826,
20125,
18826,
19622,
19617,
20125,
19622,
19617,
19622,
18822,
18827,
19623,
20126,
18827,
20126,
19621,
19623,
18829,
19624,
19623,
19624,
20126,
20126,
19624,
18828,
20126,
18828,
19625,
19621,
20126,
19625,
19621,
19625,
18826,
18829,
19626,
20127,
18829,
20127,
19624,
19626,
18831,
19627,
19626,
19627,
20127,
20127,
19627,
18830,
20127,
18830,
19628,
19624,
20127,
19628,
19624,
19628,
18828,
18831,
19629,
20128,
18831,
20128,
19627,
19629,
18833,
19630,
19629,
19630,
20128,
20128,
19630,
18832,
20128,
18832,
19631,
19627,
20128,
19631,
19627,
19631,
18830,
18833,
19632,
20129,
18833,
20129,
19630,
19632,
18835,
19633,
19632,
19633,
20129,
20129,
19633,
18834,
20129,
18834,
19634,
19630,
20129,
19634,
19630,
19634,
18832,
18835,
19635,
20130,
18835,
20130,
19633,
19635,
18837,
19636,
19635,
19636,
20130,
20130,
19636,
18836,
20130,
18836,
19637,
19633,
20130,
19637,
19633,
19637,
18834,
18837,
19638,
20131,
18837,
20131,
19636,
19638,
18839,
19639,
19638,
19639,
20131,
20131,
19639,
18838,
20131,
18838,
19640,
19636,
20131,
19640,
19636,
19640,
18836,
18839,
19641,
20132,
18839,
20132,
19639,
19641,
18841,
19642,
19641,
19642,
20132,
20132,
19642,
18840,
20132,
18840,
19643,
19639,
20132,
19643,
19639,
19643,
18838,
18841,
19644,
20133,
18841,
20133,
19642,
19644,
18843,
19645,
19644,
19645,
20133,
20133,
19645,
18842,
20133,
18842,
19646,
19642,
20133,
19646,
19642,
19646,
18840,
18843,
19647,
20134,
18843,
20134,
19645,
19647,
18845,
19648,
19647,
19648,
20134,
20134,
19648,
18844,
20134,
18844,
19649,
19645,
20134,
19649,
19645,
19649,
18842,
18845,
19650,
20135,
18845,
20135,
19648,
19650,
18824,
19618,
19650,
19618,
20135,
20135,
19618,
18825,
20135,
18825,
19651,
19648,
20135,
19651,
19648,
19651,
18844,
18777,
19652,
20136,
18777,
20136,
19545,
19652,
18823,
19616,
19652,
19616,
20136,
20136,
19616,
18824,
20136,
18824,
19653,
19545,
20136,
19653,
19545,
19653,
18775,
18849,
19671,
20137,
18849,
20137,
19668,
19671,
18852,
19673,
19671,
19673,
20137,
20137,
19673,
18854,
20137,
18854,
19674,
19668,
20137,
19674,
19668,
19674,
18851,
18801,
19715,
20138,
18801,
20138,
19572,
19715,
18851,
19674,
19715,
19674,
20138,
20138,
19674,
18854,
20138,
18854,
19717,
19572,
20138,
19717,
19572,
19717,
18803,
18852,
19675,
20139,
18852,
20139,
19673,
19675,
18855,
19677,
19675,
19677,
20139,
20139,
19677,
18857,
20139,
18857,
19678,
19673,
20139,
19678,
19673,
19678,
18854,
18803,
19717,
20140,
18803,
20140,
19575,
19717,
18854,
19678,
19717,
19678,
20140,
20140,
19678,
18857,
20140,
18857,
19718,
19575,
20140,
19718,
19575,
19718,
18805,
18855,
19679,
20141,
18855,
20141,
19677,
19679,
18858,
19681,
19679,
19681,
20141,
20141,
19681,
18860,
20141,
18860,
19682,
19677,
20141,
19682,
19677,
19682,
18857,
18805,
19718,
20142,
18805,
20142,
19578,
19718,
18857,
19682,
19718,
19682,
20142,
20142,
19682,
18860,
20142,
18860,
19719,
19578,
20142,
19719,
19578,
19719,
18807,
18858,
19683,
20143,
18858,
20143,
19681,
19683,
18861,
19685,
19683,
19685,
20143,
20143,
19685,
18863,
20143,
18863,
19686,
19681,
20143,
19686,
19681,
19686,
18860,
18807,
19719,
20144,
18807,
20144,
19581,
19719,
18860,
19686,
19719,
19686,
20144,
20144,
19686,
18863,
20144,
18863,
19720,
19581,
20144,
19720,
19581,
19720,
18809,
18861,
19687,
20145,
18861,
20145,
19685,
19687,
18864,
19689,
19687,
19689,
20145,
20145,
19689,
18866,
20145,
18866,
19690,
19685,
20145,
19690,
19685,
19690,
18863,
18809,
19720,
20146,
18809,
20146,
19584,
19720,
18863,
19690,
19720,
19690,
20146,
20146,
19690,
18866,
20146,
18866,
19721,
19584,
20146,
19721,
19584,
19721,
18811,
18864,
19691,
20147,
18864,
20147,
19689,
19691,
18867,
19693,
19691,
19693,
20147,
20147,
19693,
18869,
20147,
18869,
19694,
19689,
20147,
19694,
19689,
19694,
18866,
18811,
19721,
20148,
18811,
20148,
19587,
19721,
18866,
19694,
19721,
19694,
20148,
20148,
19694,
18869,
20148,
18869,
19722,
19587,
20148,
19722,
19587,
19722,
18813,
18867,
19695,
20149,
18867,
20149,
19693,
19695,
18870,
19697,
19695,
19697,
20149,
20149,
19697,
18872,
20149,
18872,
19698,
19693,
20149,
19698,
19693,
19698,
18869,
18813,
19722,
20150,
18813,
20150,
19590,
19722,
18869,
19698,
19722,
19698,
20150,
20150,
19698,
18872,
20150,
18872,
19723,
19590,
20150,
19723,
19590,
19723,
18815,
18870,
19699,
20151,
18870,
20151,
19697,
19699,
18873,
19701,
19699,
19701,
20151,
20151,
19701,
18875,
20151,
18875,
19702,
19697,
20151,
19702,
19697,
19702,
18872,
18815,
19723,
20152,
18815,
20152,
19593,
19723,
18872,
19702,
19723,
19702,
20152,
20152,
19702,
18875,
20152,
18875,
19724,
19593,
20152,
19724,
19593,
19724,
18817,
18873,
19703,
20153,
18873,
20153,
19701,
19703,
18876,
19705,
19703,
19705,
20153,
20153,
19705,
18878,
20153,
18878,
19706,
19701,
20153,
19706,
19701,
19706,
18875,
18817,
19724,
20154,
18817,
20154,
19596,
19724,
18875,
19706,
19724,
19706,
20154,
20154,
19706,
18878,
20154,
18878,
19725,
19596,
20154,
19725,
19596,
19725,
18819,
18876,
19707,
20155,
18876,
20155,
19705,
19707,
18879,
19709,
19707,
19709,
20155,
20155,
19709,
18881,
20155,
18881,
19710,
19705,
20155,
19710,
19705,
19710,
18878,
18819,
19725,
20156,
18819,
20156,
19599,
19725,
18878,
19710,
19725,
19710,
20156,
20156,
19710,
18881,
20156,
18881,
19716,
19599,
20156,
19716,
19599,
19716,
18821,
18879,
19711,
20157,
18879,
20157,
19709,
19711,
18846,
19669,
19711,
19669,
20157,
20157,
19669,
18848,
20157,
18848,
19713,
19709,
20157,
19713,
19709,
19713,
18881,
18821,
19716,
20158,
18821,
20158,
19602,
19716,
18881,
19713,
19716,
19713,
20158,
20158,
19713,
18848,
20158,
18848,
19714,
19602,
20158,
19714,
19602,
19714,
18799,
18885,
19729,
20159,
18885,
20159,
19727,
18887,
19731,
20159,
18887,
20159,
19729,
18889,
19733,
20159,
18889,
20159,
19731,
18891,
19735,
20159,
18891,
20159,
19733,
18893,
19737,
20159,
18893,
20159,
19735,
18895,
19739,
20159,
18895,
20159,
19737,
18897,
19741,
20159,
18897,
20159,
19739,
18899,
19743,
20159,
18899,
20159,
19741,
18901,
19745,
20159,
18901,
20159,
19743,
18903,
19747,
20159,
18903,
20159,
19745,
18905,
19749,
20159,
18905,
20159,
19747,
18883,
19727,
20159,
18883,
20159,
19749,
18844,
19751,
20160,
18844,
20160,
19649,
19751,
18904,
19746,
19751,
19746,
20160,
20160,
19746,
18902,
20160,
18902,
19665,
19649,
20160,
19665,
19649,
19665,
18842,
18840,
19646,
20161,
18840,
20161,
19759,
19646,
18842,
19665,
19646,
19665,
20161,
20161,
19665,
18902,
20161,
18902,
19744,
19759,
20161,
19744,
19759,
19744,
18900,
18838,
19643,
20162,
18838,
20162,
19758,
19643,
18840,
19759,
19643,
19759,
20162,
20162,
19759,
18900,
20162,
18900,
19742,
19758,
20162,
19742,
19758,
19742,
18898,
18836,
19640,
20163,
18836,
20163,
19757,
19640,
18838,
19758,
19640,
19758,
20163,
20163,
19758,
18898,
20163,
18898,
19740,
19757,
20163,
19740,
19757,
19740,
18896,
18834,
19637,
20164,
18834,
20164,
19756,
19637,
18836,
19757,
19637,
19757,
20164,
20164,
19757,
18896,
20164,
18896,
19738,
19756,
20164,
19738,
19756,
19738,
18894,
18832,
19634,
20165,
18832,
20165,
19755,
19634,
18834,
19756,
19634,
19756,
20165,
20165,
19756,
18894,
20165,
18894,
19736,
19755,
20165,
19736,
19755,
19736,
18892,
18830,
19631,
20166,
18830,
20166,
19754,
19631,
18832,
19755,
19631,
19755,
20166,
20166,
19755,
18892,
20166,
18892,
19734,
19754,
20166,
19734,
19754,
19734,
18890,
18830,
19754,
20167,
18830,
20167,
19628,
19754,
18890,
19732,
19754,
19732,
20167,
20167,
19732,
18888,
20167,
18888,
19657,
19628,
20167,
19657,
19628,
19657,
18828,
18826,
19625,
20168,
18826,
20168,
19753,
19625,
18828,
19657,
19625,
19657,
20168,
20168,
19657,
18888,
20168,
18888,
19730,
19753,
20168,
19730,
19753,
19730,
18886,
18822,
19622,
20169,
18822,
20169,
19752,
19622,
18826,
19753,
19622,
19753,
20169,
20169,
19753,
18886,
20169,
18886,
19728,
19752,
20169,
19728,
19752,
19728,
18884,
18825,
19619,
20170,
18825,
20170,
19750,
19619,
18822,
19752,
19619,
19752,
20170,
20170,
19752,
18884,
20170,
18884,
19726,
19750,
20170,
19726,
19750,
19726,
18882,
18824,
19616,
20171,
18824,
20171,
19618,
19616,
18823,
19617,
19616,
19617,
20171,
20171,
19617,
18822,
20171,
18822,
19619,
19618,
20171,
19619,
19618,
19619,
18825,
18846,
19666,
20172,
18846,
20172,
19669,
19666,
18849,
19668,
19666,
19668,
20172,
20172,
19668,
18851,
20172,
18851,
19670,
19669,
20172,
19670,
19669,
19670,
18848,
18594,
19284,
20173,
18594,
20173,
19242,
19284,
18579,
19187,
19284,
19187,
20173,
20173,
19187,
18916,
20173,
18916,
19777,
19242,
20173,
19777,
19242,
19777,
18921,
18526,
19237,
20174,
18526,
20174,
19166,
19237,
18918,
19778,
19237,
19778,
20174,
20174,
19778,
18922,
20174,
18922,
19776,
19166,
20174,
19776,
19166,
19776,
18634,
18522,
19774,
20175,
18522,
20175,
19162,
19774,
18920,
19779,
19774,
19779,
20175,
20175,
19779,
18919,
20175,
18919,
19238,
19162,
20175,
19238,
19162,
19238,
18528,
18579,
19255,
20176,
18579,
20176,
19187,
19255,
18597,
19768,
19255,
19768,
20176,
20176,
19768,
18914,
20176,
18914,
19780,
19187,
20176,
19780,
19187,
19780,
18916,
18528,
19238,
20177,
18528,
20177,
19164,
19238,
18919,
19781,
19238,
19781,
20177,
20177,
19781,
18918,
20177,
18918,
19237,
19164,
20177,
19237,
19164,
19237,
18526,
18595,
19258,
20178,
18595,
20178,
19236,
19258,
18594,
19242,
19258,
19242,
20178,
20178,
19242,
18921,
20178,
18921,
19782,
19236,
20178,
19782,
19236,
19782,
18917,
18634,
19776,
20179,
18634,
20179,
19293,
19776,
18922,
19783,
19776,
19783,
20179,
20179,
19783,
18907,
20179,
18907,
19048,
19293,
20179,
19048,
19293,
19048,
18524,
18595,
19236,
20180,
18595,
20180,
19235,
19236,
18917,
19784,
19236,
19784,
20180,
20180,
19784,
18920,
20180,
18920,
19774,
19235,
20180,
19774,
19235,
19774,
18522,
18470,
19055,
20181,
18470,
20181,
19102,
19055,
18912,
19785,
19055,
19785,
20181,
20181,
19785,
18906,
20181,
18906,
18989,
19102,
20181,
18989,
19102,
18989,
18457,
18419,
18968,
20182,
18419,
20182,
19050,
18968,
18503,
19769,
18968,
19769,
20182,
20182,
19769,
18915,
20182,
18915,
19786,
19050,
20182,
19786,
19050,
19786,
18909,
18417,
18964,
20183,
18417,
20183,
19765,
18964,
18421,
19051,
18964,
19051,
20183,
20183,
19051,
18910,
20183,
18910,
19787,
19765,
20183,
19787,
19765,
19787,
18911,
18457,
18989,
20184,
18457,
20184,
19073,
18989,
18906,
19788,
18989,
19788,
20184,
20184,
19788,
18913,
20184,
18913,
19767,
19073,
20184,
19767,
19073,
19767,
18596,
18421,
18966,
20185,
18421,
20185,
19051,
18966,
18419,
19050,
18966,
19050,
20185,
20185,
19050,
18909,
20185,
18909,
19789,
19051,
20185,
19789,
19051,
19789,
18910,
18471,
19049,
20186,
18471,
20186,
19076,
19049,
18908,
19790,
19049,
19790,
20186,
20186,
19790,
18912,
20186,
18912,
19055,
19076,
20186,
19055,
19076,
19055,
18470,
18503,
19112,
20187,
18503,
20187,
19769,
19112,
18524,
19048,
19112,
19048,
20187,
20187,
19048,
18907,
20187,
18907,
19791,
19769,
20187,
19791,
19769,
19791,
18915,
18471,
19047,
20188,
18471,
20188,
19049,
19047,
18417,
19765,
19047,
19765,
20188,
20188,
19765,
18911,
20188,
18911,
19792,
19049,
20188,
19792,
19049,
19792,
18908,
18547,
19199,
20189,
18547,
20189,
19193,
19199,
18937,
19809,
19199,
19809,
20189,
20189,
19809,
18933,
20189,
18933,
19803,
19193,
20189,
19803,
19193,
19803,
18546,
18546,
19803,
20190,
18546,
20190,
19194,
19803,
18933,
19810,
19803,
19810,
20190,
20190,
19810,
18935,
20190,
18935,
19805,
19194,
20190,
19805,
19194,
19805,
18544,
18549,
19198,
20191,
18549,
20191,
19192,
19198,
18936,
19811,
19198,
19811,
20191,
20191,
19811,
18934,
20191,
18934,
19804,
19192,
20191,
19804,
19192,
19804,
18545,
18545,
19804,
20192,
18545,
20192,
19195,
19804,
18934,
19812,
19804,
19812,
20192,
20192,
19812,
18937,
20192,
18937,
19199,
19195,
20192,
19199,
19195,
19199,
18547,
18604,
19808,
20193,
18604,
20193,
19288,
19808,
18938,
19813,
19808,
19813,
20193,
20193,
19813,
18936,
20193,
18936,
19198,
19288,
20193,
19198,
19288,
19198,
18549,
18613,
19802,
20194,
18613,
20194,
19299,
19802,
18932,
19814,
19802,
19814,
20194,
20194,
19814,
18930,
20194,
18930,
19003,
19299,
20194,
19003,
19299,
19003,
18550,
18544,
19805,
20195,
18544,
20195,
19196,
19805,
18935,
19815,
19805,
19815,
20195,
20195,
19815,
18932,
20195,
18932,
19802,
19196,
20195,
19802,
19196,
19802,
18613,
18548,
19796,
20196,
18548,
20196,
19197,
19796,
18926,
19816,
19796,
19816,
20196,
20196,
19816,
18938,
20196,
18938,
19808,
19197,
20196,
19808,
19197,
19808,
18604,
18435,
18996,
20197,
18435,
20197,
19002,
18996,
18434,
19794,
18996,
19794,
20197,
20197,
19794,
18924,
20197,
18924,
19817,
19002,
20197,
19817,
19002,
19817,
18929,
18434,
18997,
20198,
18434,
20198,
19794,
18997,
18432,
19797,
18997,
19797,
20198,
20198,
19797,
18927,
20198,
18927,
19818,
19794,
20198,
19818,
19794,
19818,
18924,
18436,
18995,
20199,
18436,
20199,
19001,
18995,
18433,
19795,
18995,
19795,
20199,
20199,
19795,
18925,
20199,
18925,
19819,
19001,
20199,
19819,
19001,
19819,
18928,
18433,
18998,
20200,
18433,
20200,
19795,
18998,
18435,
19002,
18998,
19002,
20200,
20200,
19002,
18929,
20200,
18929,
19820,
19795,
20200,
19820,
19795,
19820,
18925,
18478,
19107,
20201,
18478,
20201,
19801,
19107,
18436,
19001,
19107,
19001,
20201,
20201,
19001,
18928,
20201,
18928,
19821,
19801,
20201,
19821,
19801,
19821,
18931,
18487,
19119,
20202,
18487,
20202,
19793,
19119,
18550,
19003,
19119,
19003,
20202,
20202,
19003,
18930,
20202,
18930,
19822,
19793,
20202,
19822,
19793,
19822,
18923,
18432,
18999,
20203,
18432,
20203,
19797,
18999,
18487,
19793,
18999,
19793,
20203,
20203,
19793,
18923,
20203,
18923,
19823,
19797,
20203,
19823,
19797,
19823,
18927,
18548,
19000,
20204,
18548,
20204,
19796,
19000,
18478,
19801,
19000,
19801,
20204,
20204,
19801,
18931,
20204,
18931,
19824,
19796,
20204,
19824,
19796,
19824,
18926,
18599,
19313,
20205,
18599,
20205,
19297,
19313,
18949,
19841,
19313,
19841,
20205,
20205,
19841,
18950,
20205,
18950,
19836,
19297,
20205,
19836,
19297,
19836,
18609,
18609,
19836,
20206,
18609,
20206,
19282,
19836,
18950,
19842,
19836,
19842,
20206,
20206,
19842,
18953,
20206,
18953,
19324,
19282,
20206,
19324,
19282,
19324,
18617,
18629,
19838,
20207,
18629,
20207,
19311,
19838,
18952,
19843,
19838,
19843,
20207,
20207,
19843,
18954,
20207,
18954,
19840,
19311,
20207,
19840,
19311,
19840,
18558,
18638,
19138,
20208,
18638,
20208,
19307,
19138,
18942,
19844,
19138,
19844,
20208,
20208,
19844,
18948,
20208,
18948,
19834,
19307,
20208,
19834,
19307,
19834,
18568,
18568,
19834,
20209,
18568,
20209,
19260,
19834,
18948,
19845,
19834,
19845,
20209,
20209,
19845,
18949,
20209,
18949,
19313,
19260,
20209,
19313,
19260,
19313,
18599,
18617,
19324,
20210,
18617,
20210,
19303,
19324,
18953,
19846,
19324,
19846,
20210,
20210,
19846,
18951,
20210,
18951,
19319,
19303,
20210,
19319,
19303,
19319,
18605,
18558,
19840,
20211,
18558,
20211,
19253,
19840,
18954,
19847,
19840,
19847,
20211,
20211,
19847,
18947,
20211,
18947,
19151,
19253,
20211,
19151,
19253,
19151,
18623,
18605,
19319,
20212,
18605,
20212,
19276,
19319,
18951,
19848,
19319,
19848,
20212,
20212,
19848,
18952,
20212,
18952,
19838,
19276,
20212,
19838,
19276,
19838,
18629,
18473,
19116,
20213,
18473,
20213,
19133,
19116,
18483,
19827,
19116,
19827,
20213,
20213,
19827,
18941,
20213,
18941,
19849,
19133,
20213,
19849,
19133,
19849,
18940,
18483,
19100,
20214,
18483,
20214,
19827,
19100,
18491,
19146,
19100,
19146,
20214,
20214,
19146,
18945,
20214,
18945,
19850,
19827,
20214,
19850,
19827,
19850,
18941,
18498,
19131,
20215,
18498,
20215,
19830,
19131,
18442,
19832,
19131,
19832,
20215,
20215,
19832,
18946,
20215,
18946,
19851,
19830,
20215,
19851,
19830,
19851,
18944,
18638,
19127,
20216,
18638,
20216,
19138,
19127,
18446,
19825,
19127,
19825,
20216,
20216,
19825,
18939,
20216,
18939,
19852,
19138,
20216,
19852,
19138,
19852,
18942,
18446,
19078,
20217,
18446,
20217,
19825,
19078,
18473,
19133,
19078,
19133,
20217,
20217,
19133,
18940,
20217,
18940,
19853,
19825,
20217,
19853,
19825,
19853,
18939,
18491,
19123,
20218,
18491,
20218,
19146,
19123,
18479,
19141,
19123,
19141,
20218,
20218,
19141,
18943,
20218,
18943,
19854,
19146,
20218,
19854,
19146,
19854,
18945,
18442,
19071,
20219,
18442,
20219,
19832,
19071,
18623,
19151,
19071,
19151,
20219,
20219,
19151,
18947,
20219,
18947,
19855,
19832,
20219,
19855,
19832,
19855,
18946,
18479,
19094,
20220,
18479,
20220,
19141,
19094,
18498,
19830,
19094,
19830,
20220,
20220,
19830,
18944,
20220,
18944,
19856,
19141,
20220,
19856,
19141,
19856,
18943,
20226,
20243,
20240,
20226,
20240,
20229,
20274,
20285,
20288,
20274,
20288,
20280,
20259,
20266,
20272,
20259,
20272,
20264,
20246,
20254,
20252,
20246,
20252,
20224,
20233,
20268,
20270,
20257,
20270,
20268,
20257,
20268,
20261,
20238,
20250,
20248,
20238,
20248,
20233,
20278,
20283,
20287,
20278,
20287,
20276,
20222,
20226,
20229,
20229,
20236,
20231,
20231,
20222,
20229,
20288,
20285,
20222,
20254,
20246,
20274,
20231,
20287,
20283,
20283,
20288,
20222,
20283,
20222,
20231,
20278,
20276,
20250,
20254,
20274,
20280,
20276,
20248,
20250,
20257,
20261,
20334,
20252,
20238,
20270,
20252,
20270,
20272,
20324,
20259,
20264,
20250,
20254,
20280,
20250,
20280,
20278,
20272,
20266,
20252,
20266,
20224,
20252,
20238,
20233,
20270,
20264,
20257,
20334,
20264,
20334,
20324,
20286,
20230,
20511,
20286,
20511,
20601,
20304,
20316,
20580,
20638,
20562,
20305,
20242,
20225,
20507,
20242,
20507,
20536,
20232,
20247,
20547,
20232,
20547,
20521,
20312,
20300,
20570,
20293,
20310,
20527,
20314,
20299,
20590,
20223,
20265,
20564,
20223,
20564,
20501,
20518,
20320,
20600,
20225,
20221,
20494,
20225,
20494,
20508,
20320,
20517,
20491,
20320,
20491,
20322,
20247,
20275,
20585,
20247,
20585,
20547,
20230,
20234,
20532,
20230,
20532,
20512,
20520,
20290,
20491,
20614,
20639,
20305,
20275,
20286,
20602,
20275,
20602,
20586,
20258,
20323,
20607,
20258,
20607,
20554,
20305,
20307,
20613,
20300,
20312,
20310,
20300,
20310,
20293,
20640,
20615,
20411,
20299,
20314,
20316,
20299,
20316,
20304,
20284,
20273,
20582,
20284,
20582,
20592,
20245,
20223,
20502,
20245,
20502,
20543,
20528,
20310,
20572,
20265,
20258,
20555,
20265,
20555,
20563,
20569,
20300,
20499,
20293,
20526,
20550,
20293,
20550,
20299,
20227,
20239,
20296,
20227,
20296,
20291,
20510,
20290,
20295,
20510,
20295,
20539,
20322,
20493,
20598,
20290,
20519,
20530,
20436,
20430,
20306,
20436,
20306,
20311,
20553,
20611,
20307,
20305,
20561,
20573,
20305,
20573,
20310,
20434,
20438,
20313,
20434,
20313,
20309,
20430,
20433,
20308,
20430,
20308,
20306,
20553,
20307,
20312,
20553,
20312,
20570,
20335,
20260,
20558,
20335,
20558,
20645,
20438,
20436,
20311,
20438,
20311,
20313,
20442,
20440,
20294,
20442,
20294,
20298,
20542,
20500,
20300,
20542,
20300,
20304,
20534,
20235,
20228,
20228,
20292,
20531,
20228,
20531,
20534,
20446,
20448,
20303,
20446,
20303,
20302,
20304,
20581,
20542,
20591,
20299,
20551,
20456,
20450,
20315,
20456,
20315,
20319,
20454,
20458,
20321,
20454,
20321,
20318,
20450,
20453,
20317,
20450,
20317,
20315,
20580,
20316,
20322,
20580,
20322,
20597,
20314,
20590,
20600,
20314,
20600,
20320,
20440,
20445,
20301,
20440,
20301,
20294,
20448,
20442,
20298,
20448,
20298,
20303,
20297,
20241,
20244,
20244,
20537,
20540,
20244,
20540,
20297,
20273,
20245,
20544,
20273,
20544,
20582,
20492,
20290,
20510,
20267,
20232,
20522,
20267,
20522,
20575,
20458,
20456,
20319,
20458,
20319,
20321,
20330,
20333,
20346,
20330,
20346,
20349,
20380,
20386,
20394,
20380,
20394,
20391,
20365,
20370,
20378,
20365,
20378,
20372,
20352,
20328,
20358,
20352,
20358,
20360,
20339,
20376,
20374,
20363,
20367,
20374,
20363,
20374,
20376,
20344,
20339,
20354,
20344,
20354,
20356,
20384,
20382,
20392,
20384,
20392,
20389,
20326,
20333,
20330,
20333,
20336,
20341,
20336,
20333,
20326,
20394,
20326,
20391,
20360,
20380,
20352,
20336,
20389,
20392,
20389,
20336,
20326,
20389,
20326,
20394,
20384,
20356,
20382,
20360,
20386,
20380,
20382,
20356,
20354,
20363,
20334,
20367,
20358,
20378,
20376,
20358,
20376,
20344,
20324,
20370,
20365,
20356,
20384,
20386,
20356,
20386,
20360,
20378,
20358,
20372,
20372,
20358,
20328,
20344,
20376,
20339,
20370,
20324,
20334,
20370,
20334,
20363,
20411,
20700,
20637,
20410,
20724,
20422,
20366,
20701,
20711,
20366,
20711,
20373,
20705,
20629,
20406,
20338,
20662,
20687,
20338,
20687,
20353,
20419,
20706,
20406,
20399,
20660,
20417,
20420,
20728,
20405,
20652,
20620,
20398,
20373,
20712,
20662,
20373,
20662,
20338,
20329,
20634,
20616,
20329,
20616,
20325,
20426,
20428,
20620,
20426,
20620,
20649,
20353,
20688,
20730,
20353,
20730,
20381,
20337,
20654,
20666,
20337,
20666,
20342,
20621,
20632,
20398,
20381,
20731,
20739,
20381,
20739,
20393,
20371,
20707,
20692,
20371,
20692,
20364,
20364,
20691,
20608,
20364,
20608,
20323,
20406,
20399,
20417,
20406,
20417,
20419,
20325,
20616,
20737,
20325,
20737,
20390,
20405,
20410,
20422,
20405,
20422,
20420,
20390,
20737,
20719,
20390,
20719,
20379,
20351,
20677,
20624,
20351,
20624,
20327,
20332,
20340,
20665,
20665,
20668,
20397,
20665,
20397,
20332,
20413,
20411,
20613,
20682,
20410,
20406,
20682,
20406,
20628,
20661,
20717,
20417,
20331,
20396,
20401,
20331,
20401,
20345,
20632,
20673,
20403,
20632,
20403,
20398,
20428,
20736,
20622,
20650,
20743,
20426,
20466,
20416,
20412,
20466,
20412,
20460,
20696,
20413,
20612,
20393,
20739,
20653,
20393,
20653,
20337,
20464,
20415,
20418,
20464,
20418,
20468,
20460,
20412,
20414,
20460,
20414,
20463,
20696,
20706,
20419,
20696,
20419,
20413,
20411,
20417,
20718,
20411,
20718,
20699,
20468,
20418,
20416,
20468,
20416,
20466,
20472,
20404,
20400,
20472,
20400,
20470,
20348,
20674,
20633,
20348,
20633,
20329,
20399,
20405,
20685,
20399,
20685,
20659,
20476,
20408,
20409,
20476,
20409,
20478,
20410,
20682,
20725,
20729,
20686,
20405,
20486,
20425,
20421,
20486,
20421,
20480,
20484,
20424,
20427,
20484,
20427,
20488,
20480,
20421,
20423,
20480,
20423,
20483,
20724,
20735,
20428,
20724,
20428,
20422,
20420,
20426,
20743,
20420,
20743,
20728,
20470,
20400,
20407,
20470,
20407,
20475,
20478,
20409,
20404,
20478,
20404,
20472,
20350,
20347,
20402,
20402,
20671,
20675,
20402,
20675,
20350,
20379,
20720,
20678,
20379,
20678,
20351,
20327,
20623,
20708,
20327,
20708,
20371,
20398,
20670,
20651,
20488,
20427,
20425,
20488,
20425,
20486,
20335,
20646,
20701,
20335,
20701,
20366,
20260,
20267,
20574,
20260,
20574,
20558,
20271,
20269,
20435,
20271,
20435,
20437,
20256,
20262,
20431,
20256,
20431,
20429,
20263,
20271,
20437,
20263,
20437,
20432,
20269,
20256,
20429,
20269,
20429,
20435,
20255,
20249,
20441,
20255,
20441,
20447,
20237,
20251,
20443,
20237,
20443,
20439,
20253,
20255,
20447,
20253,
20447,
20444,
20249,
20237,
20439,
20249,
20439,
20441,
20289,
20282,
20455,
20289,
20455,
20457,
20277,
20279,
20451,
20277,
20451,
20449,
20281,
20289,
20457,
20281,
20457,
20452,
20282,
20277,
20449,
20282,
20449,
20455,
20377,
20467,
20465,
20377,
20465,
20375,
20362,
20459,
20461,
20362,
20461,
20368,
20369,
20462,
20467,
20369,
20467,
20377,
20375,
20465,
20459,
20375,
20459,
20362,
20361,
20477,
20471,
20361,
20471,
20355,
20343,
20469,
20473,
20343,
20473,
20357,
20359,
20474,
20477,
20359,
20477,
20361,
20355,
20471,
20469,
20355,
20469,
20343,
20395,
20487,
20485,
20395,
20485,
20388,
20383,
20479,
20481,
20383,
20481,
20385,
20387,
20482,
20487,
20387,
20487,
20395,
20388,
20485,
20479,
20388,
20479,
20383,
20567,
20497,
20503,
20567,
20503,
20566,
20577,
20524,
20525,
20577,
20525,
20571,
20509,
20538,
20535,
20509,
20535,
20506,
20596,
20490,
20495,
20596,
20495,
20594,
20603,
20513,
20516,
20603,
20516,
20599,
20609,
20552,
20556,
20609,
20556,
20605,
20644,
20559,
20560,
20644,
20560,
20642,
20552,
20568,
20565,
20552,
20565,
20557,
20559,
20576,
20571,
20559,
20571,
20560,
20498,
20541,
20545,
20498,
20545,
20504,
20523,
20548,
20549,
20523,
20549,
20525,
20541,
20579,
20583,
20541,
20583,
20546,
20548,
20587,
20589,
20548,
20589,
20549,
20578,
20595,
20593,
20578,
20593,
20584,
20588,
20604,
20599,
20588,
20599,
20589,
20489,
20509,
20505,
20489,
20505,
20496,
20514,
20533,
20529,
20514,
20529,
20515,
20710,
20625,
20627,
20710,
20627,
20704,
20715,
20658,
20663,
20715,
20663,
20714,
20635,
20676,
20672,
20635,
20672,
20630,
20738,
20617,
20619,
20738,
20619,
20734,
20742,
20647,
20655,
20742,
20655,
20741,
20606,
20693,
20695,
20606,
20695,
20610,
20641,
20698,
20702,
20641,
20702,
20643,
20694,
20709,
20704,
20694,
20704,
20695,
20697,
20716,
20713,
20697,
20713,
20703,
20626,
20679,
20681,
20626,
20681,
20627,
20657,
20683,
20689,
20657,
20689,
20664,
20680,
20722,
20723,
20680,
20723,
20681,
20684,
20727,
20732,
20684,
20732,
20690,
20721,
20738,
20734,
20721,
20734,
20723,
20726,
20742,
20740,
20726,
20740,
20733,
20617,
20636,
20631,
20617,
20631,
20618,
20648,
20669,
20667,
20648,
20667,
20656,
20221,
20284,
20592,
20221,
20592,
20494,
20771,
20774,
20783,
20771,
20783,
20785,
20769,
20764,
20838,
20769,
20838,
20840,
20753,
20758,
20791,
20753,
20791,
20793,
20765,
20767,
20752,
20765,
20752,
20761,
20780,
20786,
20789,
20780,
20789,
20792,
20754,
20760,
20761,
20754,
20761,
20752,
20755,
20751,
20766,
20755,
20766,
20763,
20751,
20755,
20758,
20751,
20758,
20753,
20759,
20745,
20796,
20759,
20796,
20790,
20789,
20788,
20750,
20789,
20750,
20760,
20749,
20762,
20765,
20749,
20765,
20761,
20750,
20749,
20761,
20750,
20761,
20760,
20788,
20801,
20762,
20762,
20749,
20750,
20762,
20750,
20788,
20746,
20768,
20806,
20794,
20795,
20744,
20746,
20806,
20794,
20794,
20744,
20746,
20765,
20762,
20836,
20765,
20836,
20833,
20762,
20801,
20882,
20762,
20882,
20836,
20764,
20769,
20748,
20764,
20748,
20757,
20768,
20839,
20885,
20768,
20885,
20806,
20763,
20766,
20834,
20763,
20834,
20837,
20800,
20803,
20880,
20800,
20880,
20878,
20808,
20811,
20820,
20808,
20820,
20822,
20799,
20805,
20887,
20799,
20887,
20884,
20779,
20793,
20791,
20779,
20791,
20784,
20800,
20787,
20778,
20800,
20778,
20803,
20817,
20823,
20860,
20817,
20860,
20864,
20780,
20778,
20787,
20780,
20787,
20786,
20777,
20781,
20798,
20777,
20798,
20802,
20777,
20779,
20784,
20777,
20784,
20781,
20771,
20785,
20790,
20771,
20790,
20796,
20789,
20786,
20776,
20789,
20776,
20788,
20775,
20787,
20800,
20775,
20800,
20797,
20776,
20786,
20787,
20776,
20787,
20775,
20797,
20801,
20788,
20788,
20776,
20775,
20788,
20775,
20797,
20806,
20804,
20772,
20772,
20770,
20795,
20795,
20794,
20806,
20772,
20795,
20806,
20797,
20800,
20878,
20797,
20878,
20881,
20801,
20797,
20881,
20801,
20881,
20882,
20782,
20773,
20805,
20782,
20805,
20799,
20806,
20885,
20886,
20806,
20886,
20804,
20879,
20802,
20798,
20879,
20798,
20883,
20828,
20830,
20835,
20828,
20835,
20833,
20842,
20856,
20853,
20842,
20853,
20844,
20827,
20832,
20840,
20827,
20840,
20838,
20816,
20863,
20861,
20816,
20861,
20821,
20828,
20824,
20815,
20828,
20815,
20830,
20857,
20851,
20864,
20857,
20864,
20860,
20817,
20815,
20824,
20817,
20824,
20823,
20814,
20818,
20826,
20814,
20826,
20829,
20814,
20816,
20821,
20814,
20821,
20818,
20808,
20822,
20862,
20808,
20862,
20867,
20860,
20823,
20813,
20860,
20813,
20859,
20812,
20824,
20828,
20812,
20828,
20825,
20813,
20823,
20824,
20813,
20824,
20812,
20825,
20872,
20859,
20859,
20813,
20812,
20859,
20812,
20825,
20877,
20831,
20809,
20809,
20807,
20866,
20865,
20877,
20809,
20809,
20866,
20865,
20825,
20828,
20833,
20825,
20833,
20836,
20872,
20825,
20836,
20872,
20836,
20882,
20819,
20810,
20832,
20819,
20832,
20827,
20877,
20885,
20839,
20877,
20839,
20831,
20834,
20829,
20826,
20834,
20826,
20837,
20880,
20874,
20871,
20880,
20871,
20878,
20876,
20870,
20884,
20876,
20884,
20887,
20850,
20855,
20861,
20850,
20861,
20863,
20871,
20874,
20849,
20871,
20849,
20858,
20745,
20759,
20756,
20745,
20756,
20747,
20851,
20857,
20858,
20851,
20858,
20849,
20852,
20848,
20873,
20852,
20873,
20869,
20848,
20852,
20855,
20848,
20855,
20850,
20856,
20842,
20867,
20856,
20867,
20862,
20860,
20859,
20847,
20860,
20847,
20857,
20846,
20868,
20871,
20846,
20871,
20858,
20847,
20846,
20858,
20847,
20858,
20857,
20859,
20872,
20868,
20868,
20846,
20847,
20868,
20847,
20859,
20843,
20875,
20877,
20877,
20865,
20866,
20866,
20841,
20843,
20877,
20866,
20843,
20871,
20868,
20881,
20871,
20881,
20878,
20868,
20872,
20882,
20868,
20882,
20881,
20870,
20876,
20845,
20870,
20845,
20854,
20875,
20886,
20885,
20875,
20885,
20877,
20869,
20873,
20879,
20869,
20879,
20883,
20760,
20754,
20792,
20760,
20792,
20789,
20835,
20767,
20765,
20835,
20765,
20833,